# Blender 5.0.1
# www.blender.org
mtllib balloonEnemy.mtl
o neck
v 0.000000 0.887448 -0.576871
v 0.048213 0.862124 -0.555355
v 0.094574 0.833653 -0.542560
v 0.137300 0.835003 -0.580378
v 0.174749 0.834249 -0.625955
v 0.205484 0.784891 -0.626614
v 0.228321 0.735354 -0.633255
v 0.242384 0.719416 -0.687025
v 0.247133 0.705815 -0.744455
v 0.242384 0.648546 -0.752413
v 0.228321 0.596339 -0.761518
v 0.205484 0.583071 -0.812823
v 0.174749 0.577381 -0.862954
v 0.137300 0.532959 -0.859059
v 0.094574 0.498040 -0.852214
v 0.048213 0.505839 -0.884082
v 0.000000 0.524182 -0.912038
v -0.048213 0.505839 -0.884082
v -0.094574 0.498040 -0.852214
v -0.137300 0.532959 -0.859059
v -0.174749 0.577381 -0.862954
v -0.205484 0.583071 -0.812823
v -0.228321 0.596339 -0.761518
v -0.242384 0.648546 -0.752413
v -0.247133 0.705815 -0.744455
v -0.242384 0.719416 -0.687025
v -0.228321 0.735354 -0.633255
v -0.205484 0.784891 -0.626614
v -0.174749 0.834249 -0.625955
v -0.137300 0.835003 -0.580378
v -0.094574 0.833653 -0.542560
v -0.048213 0.862124 -0.555355
v 0.000000 0.348814 -0.356453
v 0.000000 0.619132 0.000000
v 0.000000 0.514790 -0.343972
v 0.000000 0.343972 -0.514790
v 0.000000 0.120787 -0.607236
v 0.000000 0.000000 -0.619132
v 0.000000 -0.120787 -0.607236
v 0.000000 -0.343972 -0.514790
v 0.000000 -0.619132 0.000000
v 0.023564 0.607236 -0.118466
v 0.046223 0.572004 -0.232379
v 0.067106 0.514790 -0.337362
v 0.085409 0.437793 -0.429381
v 0.100431 0.343972 -0.504898
v 0.111592 0.236932 -0.561013
v 0.118466 0.120787 -0.595568
v 0.120787 0.000000 -0.607236
v 0.118466 -0.120787 -0.595568
v 0.111592 -0.236932 -0.561013
v 0.100431 -0.343972 -0.504898
v 0.085409 -0.437793 -0.429381
v 0.067106 -0.514790 -0.337362
v 0.046223 -0.572004 -0.232379
v 0.023564 -0.607236 -0.118466
v 0.046223 0.607236 -0.111592
v 0.090670 0.572004 -0.218896
v 0.131632 0.514790 -0.317788
v 0.167536 0.437793 -0.404468
v 0.197002 0.343972 -0.475604
v 0.218896 0.236932 -0.528463
v 0.232379 0.120787 -0.561013
v 0.236932 0.000000 -0.572004
v 0.232379 -0.120787 -0.561013
v 0.218896 -0.236932 -0.528463
v 0.197002 -0.343972 -0.475604
v 0.167536 -0.437793 -0.404468
v 0.131632 -0.514790 -0.317788
v 0.090670 -0.572004 -0.218896
v 0.046223 -0.607236 -0.111592
v 0.067106 0.607236 -0.100431
v 0.131632 0.572004 -0.197002
v 0.191100 0.514790 -0.286002
v 0.243225 0.437793 -0.364011
v 0.286002 0.343972 -0.428032
v 0.317788 0.236932 -0.475604
v 0.337362 0.120787 -0.504898
v 0.343972 0.000000 -0.514790
v 0.337362 -0.120787 -0.504898
v 0.317788 -0.236932 -0.475604
v 0.286002 -0.343972 -0.428032
v 0.243225 -0.437793 -0.364011
v 0.191100 -0.514790 -0.286002
v 0.131632 -0.572004 -0.197002
v 0.067106 -0.607236 -0.100431
v 0.085409 0.607236 -0.085409
v 0.167536 0.572004 -0.167536
v 0.243225 0.514790 -0.243225
v 0.309566 0.437793 -0.309566
v 0.364011 0.343972 -0.364011
v 0.404468 0.236932 -0.404468
v 0.429381 0.120787 -0.429381
v 0.437793 0.000000 -0.437793
v 0.429381 -0.120787 -0.429381
v 0.404468 -0.236932 -0.404468
v 0.364011 -0.343972 -0.364011
v 0.309566 -0.437793 -0.309566
v 0.243225 -0.514790 -0.243225
v 0.167536 -0.572004 -0.167536
v 0.085409 -0.607236 -0.085409
v 0.100431 0.607236 -0.067106
v 0.197002 0.572004 -0.131632
v 0.286002 0.514790 -0.191100
v 0.364011 0.437793 -0.243225
v 0.428032 0.343972 -0.286002
v 0.475604 0.236932 -0.317788
v 0.504898 0.120787 -0.337362
v 0.514790 0.000000 -0.343971
v 0.504898 -0.120787 -0.337362
v 0.475604 -0.236932 -0.317788
v 0.428032 -0.343972 -0.286002
v 0.364011 -0.437793 -0.243225
v 0.286002 -0.514790 -0.191100
v 0.197002 -0.572004 -0.131632
v 0.100431 -0.607236 -0.067106
v 0.111592 0.607236 -0.046223
v 0.218896 0.572004 -0.090670
v 0.317788 0.514790 -0.131632
v 0.404468 0.437793 -0.167536
v 0.475604 0.343972 -0.197001
v 0.528463 0.236932 -0.218896
v 0.561013 0.120787 -0.232379
v 0.572004 0.000000 -0.236932
v 0.561013 -0.120787 -0.232379
v 0.528463 -0.236932 -0.218896
v 0.475604 -0.343972 -0.197001
v 0.404468 -0.437793 -0.167536
v 0.317788 -0.514790 -0.131632
v 0.218896 -0.572004 -0.090670
v 0.111592 -0.607236 -0.046223
v 0.118466 0.607236 -0.023564
v 0.232379 0.572004 -0.046223
v 0.337362 0.514790 -0.067105
v 0.429381 0.437793 -0.085409
v 0.504898 0.343972 -0.100430
v 0.561013 0.236932 -0.111592
v 0.595568 0.120787 -0.118466
v 0.607236 0.000000 -0.120787
v 0.595568 -0.120787 -0.118466
v 0.561013 -0.236932 -0.111592
v 0.504898 -0.343972 -0.100430
v 0.429381 -0.437793 -0.085409
v 0.337362 -0.514790 -0.067105
v 0.232379 -0.572004 -0.046223
v 0.118466 -0.607236 -0.023564
v 0.120787 0.607236 0.000000
v 0.236932 0.572004 0.000000
v 0.343971 0.514790 0.000000
v 0.437793 0.437793 -0.000000
v 0.514790 0.343972 0.000000
v 0.572004 0.236932 -0.000000
v 0.607236 0.120787 0.000000
v 0.619132 0.000000 0.000000
v 0.607236 -0.120787 0.000000
v 0.572004 -0.236932 -0.000000
v 0.514790 -0.343972 0.000000
v 0.437793 -0.437793 -0.000000
v 0.343971 -0.514790 0.000000
v 0.236932 -0.572004 0.000000
v 0.120787 -0.607236 0.000000
v 0.118466 0.607236 0.023564
v 0.232379 0.572004 0.046223
v 0.337362 0.514790 0.067106
v 0.429381 0.437793 0.085409
v 0.504898 0.343972 0.100431
v 0.561013 0.236932 0.111592
v 0.595568 0.120787 0.118466
v 0.607236 0.000000 0.120787
v 0.595568 -0.120787 0.118466
v 0.561013 -0.236932 0.111592
v 0.504898 -0.343972 0.100431
v 0.429381 -0.437793 0.085409
v 0.337362 -0.514790 0.067106
v 0.232379 -0.572004 0.046223
v 0.118466 -0.607236 0.023564
v 0.111592 0.607236 0.046223
v 0.218896 0.572004 0.090670
v 0.317788 0.514790 0.131632
v 0.404468 0.437793 0.167536
v 0.475604 0.343972 0.197002
v 0.528463 0.236932 0.218896
v 0.561013 0.120787 0.232379
v 0.572004 0.000000 0.236932
v 0.561013 -0.120787 0.232379
v 0.528463 -0.236932 0.218896
v 0.475604 -0.343972 0.197002
v 0.404468 -0.437793 0.167536
v 0.317788 -0.514790 0.131632
v 0.218896 -0.572004 0.090670
v 0.111592 -0.607236 0.046223
v 0.100430 0.607236 0.067106
v 0.197002 0.572004 0.131632
v 0.286002 0.514790 0.191100
v 0.364011 0.437793 0.243225
v 0.428032 0.343972 0.286002
v 0.475604 0.236932 0.317788
v 0.504898 0.120787 0.337362
v 0.514790 0.000000 0.343972
v 0.504898 -0.120787 0.337362
v 0.475604 -0.236932 0.317788
v 0.428032 -0.343972 0.286002
v 0.364011 -0.437793 0.243225
v 0.286002 -0.514790 0.191100
v 0.197002 -0.572004 0.131632
v 0.100430 -0.607236 0.067106
v 0.085409 0.607236 0.085409
v 0.167536 0.572004 0.167536
v 0.243225 0.514790 0.243225
v 0.309566 0.437793 0.309566
v 0.364011 0.343972 0.364011
v 0.404468 0.236932 0.404468
v 0.429381 0.120787 0.429381
v 0.437792 0.000000 0.437793
v 0.429381 -0.120787 0.429381
v 0.404468 -0.236932 0.404468
v 0.364011 -0.343972 0.364011
v 0.309566 -0.437793 0.309566
v 0.243225 -0.514790 0.243225
v 0.167536 -0.572004 0.167536
v 0.085409 -0.607236 0.085409
v 0.067105 0.607236 0.100430
v 0.131632 0.572004 0.197002
v 0.191100 0.514790 0.286002
v 0.243225 0.437793 0.364011
v 0.286002 0.343972 0.428032
v 0.317788 0.236932 0.475604
v 0.337362 0.120787 0.504898
v 0.343971 0.000000 0.514790
v 0.337362 -0.120787 0.504898
v 0.317788 -0.236932 0.475604
v 0.286002 -0.343972 0.428032
v 0.243225 -0.437793 0.364011
v 0.191100 -0.514790 0.286002
v 0.131632 -0.572004 0.197002
v 0.067105 -0.607236 0.100430
v 0.046223 0.607236 0.111592
v 0.090670 0.572004 0.218896
v 0.131632 0.514790 0.317788
v 0.167536 0.437793 0.404468
v 0.197001 0.343972 0.475604
v 0.218896 0.236932 0.528462
v 0.232379 0.120787 0.561013
v 0.236931 0.000000 0.572004
v 0.232379 -0.120787 0.561013
v 0.218896 -0.236932 0.528462
v 0.197001 -0.343972 0.475604
v 0.167536 -0.437793 0.404468
v 0.131632 -0.514790 0.317788
v 0.090670 -0.572004 0.218896
v 0.046223 -0.607236 0.111592
v 0.023564 0.607236 0.118466
v 0.046223 0.572004 0.232379
v 0.067105 0.514790 0.337362
v 0.085409 0.437793 0.429381
v 0.100430 0.343972 0.504898
v 0.111592 0.236932 0.561013
v 0.118466 0.120787 0.595568
v 0.120786 0.000000 0.607236
v 0.118466 -0.120787 0.595568
v 0.111592 -0.236932 0.561013
v 0.100430 -0.343972 0.504898
v 0.085409 -0.437793 0.429381
v 0.067105 -0.514790 0.337362
v 0.046223 -0.572004 0.232379
v 0.023564 -0.607236 0.118466
v -0.000000 0.607236 0.120787
v -0.000000 0.572004 0.236932
v -0.000000 0.514790 0.343971
v -0.000000 0.437793 0.437793
v -0.000000 0.343972 0.514790
v 0.000000 0.236932 0.572004
v -0.000000 0.120787 0.607236
v -0.000000 0.000000 0.619132
v -0.000000 -0.120787 0.607236
v 0.000000 -0.236932 0.572004
v -0.000000 -0.343972 0.514790
v -0.000000 -0.437793 0.437793
v -0.000000 -0.514790 0.343971
v -0.000000 -0.572004 0.236932
v -0.000000 -0.607236 0.120787
v -0.023564 0.607236 0.118466
v -0.046223 0.572004 0.232379
v -0.067106 0.514790 0.337362
v -0.085409 0.437793 0.429381
v -0.100431 0.343972 0.504898
v -0.111592 0.236932 0.561013
v -0.118466 0.120787 0.595568
v -0.120787 0.000000 0.607236
v -0.118466 -0.120787 0.595568
v -0.111592 -0.236932 0.561013
v -0.100431 -0.343972 0.504898
v -0.085409 -0.437793 0.429381
v -0.067106 -0.514790 0.337362
v -0.046223 -0.572004 0.232379
v -0.023564 -0.607236 0.118466
v -0.046223 0.607236 0.111592
v -0.090670 0.572004 0.218896
v -0.131632 0.514790 0.317788
v -0.167536 0.437793 0.404468
v -0.197002 0.343972 0.475604
v -0.218896 0.236932 0.528462
v -0.232379 0.120787 0.561013
v -0.236932 0.000000 0.572003
v -0.232379 -0.120787 0.561013
v -0.218896 -0.236932 0.528462
v -0.197002 -0.343972 0.475604
v -0.167536 -0.437793 0.404468
v -0.131632 -0.514790 0.317788
v -0.090670 -0.572004 0.218896
v -0.046223 -0.607236 0.111592
v -0.067105 0.607236 0.100430
v -0.131632 0.572004 0.197001
v -0.191100 0.514790 0.286002
v -0.243225 0.437793 0.364011
v -0.286002 0.343972 0.428032
v -0.317788 0.236932 0.475604
v -0.337362 0.120787 0.504898
v -0.343971 0.000000 0.514789
v -0.337362 -0.120787 0.504898
v -0.317788 -0.236932 0.475604
v -0.286002 -0.343972 0.428032
v -0.243225 -0.437793 0.364011
v -0.191100 -0.514790 0.286002
v -0.131632 -0.572004 0.197001
v -0.067105 -0.607236 0.100430
v -0.085409 0.607236 0.085409
v -0.167536 0.572004 0.167536
v -0.243225 0.514790 0.243224
v -0.309566 0.437793 0.309566
v -0.364011 0.343972 0.364011
v -0.404468 0.236932 0.404468
v -0.429381 0.120787 0.429380
v -0.437793 0.000000 0.437792
v -0.429381 -0.120787 0.429380
v -0.404468 -0.236932 0.404468
v -0.364011 -0.343972 0.364011
v -0.309566 -0.437793 0.309566
v -0.243225 -0.514790 0.243224
v -0.167536 -0.572004 0.167536
v -0.085409 -0.607236 0.085409
v -0.100430 0.607236 0.067105
v -0.197001 0.572004 0.131632
v -0.286002 0.514790 0.191100
v -0.364011 0.437793 0.243225
v -0.428032 0.343972 0.286002
v -0.475604 0.236932 0.317788
v -0.504898 0.120787 0.337362
v -0.514790 0.000000 0.343971
v -0.504898 -0.120787 0.337362
v -0.475604 -0.236932 0.317788
v -0.428032 -0.343972 0.286002
v -0.364011 -0.437793 0.243225
v -0.286002 -0.514790 0.191100
v -0.197001 -0.572004 0.131632
v -0.100430 -0.607236 0.067105
v -0.111592 0.607236 0.046223
v -0.218896 0.572004 0.090670
v -0.317788 0.514790 0.131632
v -0.404468 0.437793 0.167536
v -0.475604 0.343972 0.197001
v -0.528462 0.236932 0.218896
v -0.561013 0.120787 0.232379
v -0.572003 0.000000 0.236931
v -0.561013 -0.120787 0.232379
v -0.528462 -0.236932 0.218896
v -0.475604 -0.343972 0.197001
v -0.404468 -0.437793 0.167536
v -0.317788 -0.514790 0.131632
v -0.218896 -0.572004 0.090670
v -0.111592 -0.607236 0.046223
v -0.118466 0.607236 0.023564
v -0.232379 0.572004 0.046223
v -0.337362 0.514790 0.067105
v -0.429381 0.437793 0.085409
v -0.504898 0.343972 0.100430
v -0.561013 0.236932 0.111592
v -0.595568 0.120787 0.118466
v -0.607235 0.000000 0.120786
v -0.595568 -0.120787 0.118466
v -0.561013 -0.236932 0.111592
v -0.504898 -0.343972 0.100430
v -0.429381 -0.437793 0.085409
v -0.337362 -0.514790 0.067105
v -0.232379 -0.572004 0.046223
v -0.118466 -0.607236 0.023564
v -0.120787 0.607236 -0.000000
v -0.236932 0.572004 -0.000000
v -0.343971 0.514790 -0.000000
v -0.437793 0.437793 -0.000000
v -0.514790 0.343972 -0.000000
v -0.572004 0.236932 -0.000000
v -0.607236 0.120787 -0.000000
v -0.619132 0.000000 -0.000000
v -0.607236 -0.120787 -0.000000
v -0.572004 -0.236932 -0.000000
v -0.514790 -0.343972 -0.000000
v -0.437793 -0.437793 -0.000000
v -0.343971 -0.514790 -0.000000
v -0.236932 -0.572004 -0.000000
v -0.120787 -0.607236 -0.000000
v -0.118466 0.607236 -0.023564
v -0.232379 0.572004 -0.046223
v -0.337362 0.514790 -0.067106
v -0.429381 0.437793 -0.085409
v -0.504898 0.343972 -0.100431
v -0.561013 0.236932 -0.111592
v -0.595568 0.120787 -0.118466
v -0.607235 0.000000 -0.120787
v -0.595568 -0.120787 -0.118466
v -0.561013 -0.236932 -0.111592
v -0.504898 -0.343972 -0.100431
v -0.429381 -0.437793 -0.085409
v -0.337362 -0.514790 -0.067106
v -0.232379 -0.572004 -0.046223
v -0.118466 -0.607236 -0.023564
v -0.111592 0.607236 -0.046223
v -0.218896 0.572004 -0.090670
v -0.317788 0.514790 -0.131632
v -0.404468 0.437793 -0.167536
v -0.475603 0.343972 -0.197002
v -0.528462 0.236932 -0.218896
v -0.561013 0.120787 -0.232379
v -0.572003 0.000000 -0.236932
v -0.561013 -0.120787 -0.232379
v -0.528462 -0.236932 -0.218896
v -0.475603 -0.343972 -0.197002
v -0.404468 -0.437793 -0.167536
v -0.317788 -0.514790 -0.131632
v -0.218896 -0.572004 -0.090670
v -0.111592 -0.607236 -0.046223
v -0.100430 0.607236 -0.067105
v -0.197001 0.572004 -0.131632
v -0.286002 0.514790 -0.191100
v -0.364011 0.437793 -0.243225
v -0.428032 0.343972 -0.286002
v -0.475604 0.236932 -0.317788
v -0.504898 0.120787 -0.337362
v -0.514789 0.000000 -0.343971
v -0.504898 -0.120787 -0.337362
v -0.475604 -0.236932 -0.317788
v -0.428032 -0.343972 -0.286002
v -0.364011 -0.437793 -0.243225
v -0.286002 -0.514790 -0.191100
v -0.197001 -0.572004 -0.131632
v -0.100430 -0.607236 -0.067105
v -0.085409 0.607236 -0.085409
v -0.167536 0.572004 -0.167536
v -0.243224 0.514790 -0.243224
v -0.309566 0.437793 -0.309566
v -0.364011 0.343972 -0.364011
v -0.404468 0.236932 -0.404468
v -0.429380 0.120787 -0.429381
v -0.437792 0.000000 -0.437792
v -0.429380 -0.120787 -0.429381
v -0.404468 -0.236932 -0.404468
v -0.364011 -0.343972 -0.364011
v -0.309566 -0.437793 -0.309566
v -0.243224 -0.514790 -0.243224
v -0.167536 -0.572004 -0.167536
v -0.085409 -0.607236 -0.085409
v -0.067105 0.607236 -0.100430
v -0.131632 0.572004 -0.197001
v -0.191100 0.514790 -0.286002
v -0.243225 0.437793 -0.364011
v -0.286002 0.343972 -0.428032
v -0.317788 0.236932 -0.475604
v -0.337362 0.120787 -0.504898
v -0.343971 0.000000 -0.514789
v -0.337362 -0.120787 -0.504898
v -0.317788 -0.236932 -0.475604
v -0.286002 -0.343972 -0.428032
v -0.243225 -0.437793 -0.364011
v -0.191100 -0.514790 -0.286002
v -0.131632 -0.572004 -0.197001
v -0.067105 -0.607236 -0.100430
v -0.046223 0.607236 -0.111592
v -0.090670 0.572004 -0.218896
v -0.131632 0.514790 -0.317788
v -0.167536 0.437793 -0.404468
v -0.197001 0.343972 -0.475603
v -0.218896 0.236932 -0.528462
v -0.232379 0.120787 -0.561013
v -0.236931 0.000000 -0.572003
v -0.232379 -0.120787 -0.561013
v -0.218896 -0.236932 -0.528462
v -0.197001 -0.343972 -0.475603
v -0.167536 -0.437793 -0.404468
v -0.131632 -0.514790 -0.317788
v -0.090670 -0.572004 -0.218896
v -0.046223 -0.607236 -0.111592
v -0.023564 0.607236 -0.118466
v -0.046223 0.572004 -0.232379
v -0.067105 0.514790 -0.337362
v -0.085409 0.437793 -0.429381
v -0.100430 0.343972 -0.504898
v -0.111592 0.236932 -0.561013
v -0.118466 0.120787 -0.595568
v -0.120786 0.000000 -0.607235
v -0.118466 -0.120787 -0.595568
v -0.111592 -0.236932 -0.561013
v -0.100430 -0.343972 -0.504898
v -0.085409 -0.437793 -0.429381
v -0.067105 -0.514790 -0.337362
v -0.046223 -0.572004 -0.232379
v -0.023564 -0.607236 -0.118466
v 0.000000 0.607236 -0.120787
v 0.000000 0.572004 -0.236932
v 0.000000 0.437793 -0.437793
v 0.000000 0.236932 -0.572003
v 0.000000 -0.236932 -0.572003
v 0.000000 -0.437793 -0.437793
v 0.000000 -0.514790 -0.343971
v 0.000000 -0.572004 -0.236932
v 0.000000 -0.607236 -0.120787
v 0.228574 0.131903 0.544467
v 0.228574 0.117120 0.495734
v 0.228574 0.092919 0.471533
v 0.228574 0.061299 0.458435
v 0.228574 0.044186 0.456750
v 0.228574 0.027073 0.458435
v 0.228574 -0.004547 0.471533
v 0.228574 -0.043531 0.544467
v 0.231912 0.130218 0.527683
v 0.235122 0.125226 0.511544
v 0.238081 0.117120 0.496670
v 0.240674 0.106211 0.483633
v 0.242802 0.092919 0.472934
v 0.244384 0.077754 0.464984
v 0.245357 0.061299 0.460088
v 0.245686 0.044186 0.458435
v 0.245357 0.027073 0.460088
v 0.244384 0.010618 0.464984
v 0.242802 -0.004547 0.472934
v 0.240674 -0.017839 0.483633
v 0.238081 -0.028748 0.496670
v 0.235122 -0.036854 0.511544
v 0.231912 -0.041846 0.527683
v 0.235122 0.130218 0.528657
v 0.241419 0.125226 0.513454
v 0.247223 0.117120 0.499444
v 0.252310 0.106211 0.487163
v 0.256484 0.092919 0.477085
v 0.259586 0.077754 0.469596
v 0.261496 0.061299 0.464984
v 0.262141 0.044186 0.463427
v 0.261496 0.027073 0.464984
v 0.259586 0.010618 0.469596
v 0.256484 -0.004547 0.477085
v 0.252310 -0.017839 0.487163
v 0.247223 -0.028748 0.499444
v 0.241419 -0.036854 0.513454
v 0.235122 -0.041846 0.528657
v 0.238081 0.130218 0.530238
v 0.247223 0.125226 0.516556
v 0.255648 0.117120 0.503947
v 0.263033 0.106211 0.492895
v 0.269094 0.092919 0.483824
v 0.273597 0.077754 0.477085
v 0.276370 0.061299 0.472934
v 0.277307 0.044186 0.471533
v 0.276370 0.027073 0.472934
v 0.273597 0.010618 0.477085
v 0.269094 -0.004547 0.483824
v 0.263033 -0.017839 0.492895
v 0.255648 -0.028748 0.503947
v 0.247223 -0.036854 0.516556
v 0.238081 -0.041846 0.530238
v 0.240674 0.130218 0.532366
v 0.252310 0.125226 0.520731
v 0.263033 0.117120 0.510008
v 0.272432 0.106211 0.500608
v 0.280146 0.092919 0.492895
v 0.285878 0.077754 0.487163
v 0.289407 0.061299 0.483633
v 0.290599 0.044186 0.482442
v 0.289407 0.027073 0.483633
v 0.285878 0.010618 0.487163
v 0.280146 -0.004547 0.492895
v 0.272432 -0.017839 0.500608
v 0.263033 -0.028748 0.510008
v 0.252310 -0.036854 0.520731
v 0.240674 -0.041846 0.532366
v 0.242802 0.130218 0.534960
v 0.256484 0.125226 0.525818
v 0.269094 0.117120 0.517392
v 0.280146 0.106211 0.510008
v 0.289216 0.092919 0.503947
v 0.295956 0.077754 0.499444
v 0.300106 0.061299 0.496670
v 0.301508 0.044186 0.495734
v 0.300106 0.027073 0.496670
v 0.295956 0.010618 0.499444
v 0.289216 -0.004547 0.503947
v 0.280146 -0.017839 0.510008
v 0.269094 -0.028748 0.517392
v 0.256484 -0.036854 0.525818
v 0.242802 -0.041846 0.534960
v 0.244384 0.130218 0.537918
v 0.259586 0.125226 0.531621
v 0.273597 0.117120 0.525818
v 0.285878 0.106211 0.520731
v 0.295956 0.092919 0.516556
v 0.303445 0.077754 0.513454
v 0.308056 0.061299 0.511544
v 0.309614 0.044186 0.510899
v 0.308056 0.027073 0.511544
v 0.303445 0.010618 0.513454
v 0.295956 -0.004547 0.516556
v 0.285878 -0.017839 0.520731
v 0.273597 -0.028748 0.525818
v 0.259586 -0.036854 0.531621
v 0.244384 -0.041846 0.537918
v 0.245357 0.130218 0.541128
v 0.261496 0.125226 0.537918
v 0.276370 0.117120 0.534960
v 0.289407 0.106211 0.532366
v 0.300106 0.092919 0.530238
v 0.308056 0.077754 0.528657
v 0.312952 0.061299 0.527683
v 0.314605 0.044186 0.527354
v 0.312952 0.027073 0.527683
v 0.308056 0.010618 0.528657
v 0.300106 -0.004547 0.530238
v 0.289407 -0.017839 0.532366
v 0.276370 -0.028748 0.534960
v 0.261496 -0.036854 0.537918
v 0.245357 -0.041846 0.541128
v 0.245686 0.130218 0.544467
v 0.262141 0.125226 0.544467
v 0.277307 0.117120 0.544467
v 0.290599 0.106211 0.544467
v 0.301508 0.092919 0.544467
v 0.309614 0.077754 0.544467
v 0.314605 0.061299 0.544467
v 0.316291 0.044186 0.544467
v 0.314605 0.027073 0.544467
v 0.309614 0.010618 0.544467
v 0.301508 -0.004547 0.544467
v 0.290599 -0.017839 0.544467
v 0.277307 -0.028748 0.544467
v 0.262141 -0.036854 0.544467
v 0.245686 -0.041846 0.544467
v 0.245357 0.130218 0.547805
v 0.261496 0.125226 0.551016
v 0.276370 0.117120 0.553974
v 0.289407 0.106211 0.556568
v 0.300106 0.092919 0.558696
v 0.308056 0.077754 0.560277
v 0.312952 0.061299 0.561251
v 0.314605 0.044186 0.561580
v 0.312952 0.027073 0.561251
v 0.308056 0.010618 0.560277
v 0.300106 -0.004547 0.558696
v 0.289407 -0.017839 0.556568
v 0.276370 -0.028748 0.553974
v 0.261496 -0.036854 0.551016
v 0.245357 -0.041846 0.547805
v 0.244384 0.130218 0.551016
v 0.259586 0.125226 0.557313
v 0.273597 0.117120 0.563116
v 0.285878 0.106211 0.568203
v 0.295956 0.092919 0.572378
v 0.303445 0.077754 0.575480
v 0.308056 0.061299 0.577390
v 0.309614 0.044186 0.578035
v 0.308056 0.027073 0.577390
v 0.303445 0.010618 0.575480
v 0.295956 -0.004547 0.572378
v 0.285878 -0.017839 0.568203
v 0.273597 -0.028748 0.563116
v 0.259586 -0.036854 0.557313
v 0.244384 -0.041846 0.551016
v 0.242802 0.130218 0.553974
v 0.256484 0.125226 0.563116
v 0.269094 0.117120 0.571542
v 0.280146 0.106211 0.578926
v 0.289216 0.092919 0.584987
v 0.295956 0.077754 0.589490
v 0.300106 0.061299 0.592264
v 0.301508 0.044186 0.593200
v 0.300106 0.027073 0.592264
v 0.295956 0.010618 0.589490
v 0.289216 -0.004547 0.584987
v 0.280146 -0.017839 0.578926
v 0.269094 -0.028748 0.571542
v 0.256484 -0.036854 0.563116
v 0.242802 -0.041846 0.553974
v 0.240674 0.130218 0.556567
v 0.252310 0.125226 0.568203
v 0.263033 0.117120 0.578926
v 0.272432 0.106211 0.588326
v 0.280146 0.092919 0.596039
v 0.285878 0.077754 0.601771
v 0.289407 0.061299 0.605301
v 0.290599 0.044186 0.606492
v 0.289407 0.027073 0.605301
v 0.285878 0.010618 0.601771
v 0.280146 -0.004547 0.596039
v 0.272432 -0.017839 0.588326
v 0.263033 -0.028748 0.578926
v 0.252310 -0.036854 0.568203
v 0.240674 -0.041846 0.556567
v 0.238081 0.130218 0.558696
v 0.247223 0.125226 0.572378
v 0.255648 0.117120 0.584987
v 0.263033 0.106211 0.596039
v 0.269094 0.092919 0.605109
v 0.273597 0.077754 0.611849
v 0.276370 0.061299 0.616000
v 0.277307 0.044186 0.617401
v 0.276370 0.027073 0.616000
v 0.273597 0.010618 0.611849
v 0.269094 -0.004547 0.605109
v 0.263033 -0.017839 0.596039
v 0.255648 -0.028748 0.584987
v 0.247223 -0.036854 0.572378
v 0.238081 -0.041846 0.558696
v 0.235122 0.130218 0.560277
v 0.241419 0.125226 0.575480
v 0.247223 0.117120 0.589490
v 0.252310 0.106211 0.601771
v 0.256484 0.092919 0.611849
v 0.259586 0.077754 0.619338
v 0.261496 0.061299 0.623950
v 0.262141 0.044186 0.625507
v 0.261496 0.027073 0.623950
v 0.259586 0.010618 0.619338
v 0.256484 -0.004547 0.611849
v 0.252310 -0.017839 0.601771
v 0.247223 -0.028748 0.589490
v 0.241419 -0.036854 0.575480
v 0.235122 -0.041846 0.560277
v 0.231912 0.130218 0.561251
v 0.235122 0.125226 0.577390
v 0.238081 0.117120 0.592264
v 0.240674 0.106211 0.605301
v 0.242802 0.092919 0.616000
v 0.244384 0.077754 0.623950
v 0.245357 0.061299 0.628846
v 0.245686 0.044186 0.630499
v 0.245357 0.027073 0.628846
v 0.244384 0.010618 0.623950
v 0.242802 -0.004547 0.616000
v 0.240674 -0.017839 0.605301
v 0.238081 -0.028748 0.592264
v 0.235122 -0.036854 0.577390
v 0.231912 -0.041846 0.561251
v 0.228574 0.130218 0.561580
v 0.228574 0.125226 0.578035
v 0.228574 0.117120 0.593200
v 0.228574 0.106211 0.606492
v 0.228574 0.092919 0.617401
v 0.228574 0.077754 0.625507
v 0.228574 0.061299 0.630499
v 0.228574 0.044186 0.632184
v 0.228574 0.027073 0.630499
v 0.228574 0.010618 0.625507
v 0.228574 -0.004547 0.617401
v 0.228574 -0.017839 0.606492
v 0.228574 -0.028748 0.593200
v 0.228574 -0.036854 0.578035
v 0.228574 -0.041846 0.561580
v 0.225235 0.130218 0.561251
v 0.222025 0.125226 0.577390
v 0.219066 0.117120 0.592264
v 0.216473 0.106211 0.605301
v 0.214345 0.092919 0.616000
v 0.212763 0.077754 0.623950
v 0.211790 0.061299 0.628846
v 0.211461 0.044186 0.630499
v 0.211790 0.027073 0.628846
v 0.212763 0.010618 0.623950
v 0.214345 -0.004547 0.616000
v 0.216473 -0.017839 0.605301
v 0.219066 -0.028748 0.592264
v 0.222025 -0.036854 0.577390
v 0.225235 -0.041846 0.561251
v 0.222025 0.130218 0.560277
v 0.215728 0.125226 0.575480
v 0.209924 0.117120 0.589490
v 0.204837 0.106211 0.601771
v 0.200663 0.092919 0.611849
v 0.197561 0.077754 0.619338
v 0.195651 0.061299 0.623950
v 0.195006 0.044186 0.625507
v 0.195651 0.027073 0.623950
v 0.197561 0.010618 0.619338
v 0.200663 -0.004547 0.611849
v 0.204837 -0.017839 0.601771
v 0.209924 -0.028748 0.589490
v 0.215728 -0.036854 0.575480
v 0.222025 -0.041846 0.560277
v 0.219066 0.130218 0.558696
v 0.209924 0.125226 0.572378
v 0.201499 0.117120 0.584987
v 0.194114 0.106211 0.596039
v 0.188054 0.092919 0.605109
v 0.183550 0.077754 0.611849
v 0.180777 0.061299 0.616000
v 0.179841 0.044186 0.617401
v 0.180777 0.027073 0.616000
v 0.183550 0.010618 0.611849
v 0.188054 -0.004547 0.605109
v 0.194114 -0.017839 0.596039
v 0.201499 -0.028748 0.584987
v 0.209924 -0.036854 0.572378
v 0.219066 -0.041846 0.558696
v 0.216473 0.130218 0.556567
v 0.204837 0.125226 0.568203
v 0.194114 0.117120 0.578926
v 0.184715 0.106211 0.588326
v 0.177001 0.092919 0.596039
v 0.171270 0.077754 0.601771
v 0.167740 0.061299 0.605301
v 0.166548 0.044186 0.606492
v 0.167740 0.027073 0.605301
v 0.171270 0.010618 0.601771
v 0.177001 -0.004547 0.596039
v 0.184715 -0.017839 0.588326
v 0.194114 -0.028748 0.578926
v 0.204837 -0.036854 0.568203
v 0.216473 -0.041846 0.556567
v 0.214345 0.130218 0.553974
v 0.200663 0.125226 0.563116
v 0.188054 0.117120 0.571542
v 0.177001 0.106211 0.578926
v 0.167931 0.092919 0.584987
v 0.161191 0.077754 0.589490
v 0.157041 0.061299 0.592264
v 0.155639 0.044186 0.593200
v 0.157041 0.027073 0.592264
v 0.161191 0.010618 0.589490
v 0.167931 -0.004547 0.584987
v 0.177001 -0.017839 0.578926
v 0.188054 -0.028748 0.571542
v 0.200663 -0.036854 0.563116
v 0.214345 -0.041846 0.553974
v 0.212763 0.130218 0.551016
v 0.197561 0.125226 0.557313
v 0.183550 0.117120 0.563116
v 0.171270 0.106211 0.568203
v 0.161191 0.092919 0.572378
v 0.153702 0.077754 0.575480
v 0.149091 0.061299 0.577390
v 0.147534 0.044186 0.578035
v 0.149091 0.027073 0.577390
v 0.153702 0.010618 0.575480
v 0.161191 -0.004547 0.572378
v 0.171270 -0.017839 0.568203
v 0.183550 -0.028748 0.563116
v 0.197561 -0.036854 0.557313
v 0.212763 -0.041846 0.551016
v 0.211790 0.130218 0.547805
v 0.195651 0.125226 0.551016
v 0.180777 0.117120 0.553974
v 0.167740 0.106211 0.556567
v 0.157041 0.092919 0.558696
v 0.149091 0.077754 0.560277
v 0.144195 0.061299 0.561251
v 0.142542 0.044186 0.561580
v 0.144195 0.027073 0.561251
v 0.149091 0.010618 0.560277
v 0.157041 -0.004547 0.558696
v 0.167740 -0.017839 0.556567
v 0.180777 -0.028748 0.553974
v 0.195651 -0.036854 0.551016
v 0.211790 -0.041846 0.547805
v 0.211461 0.130218 0.544467
v 0.195006 0.125226 0.544467
v 0.179841 0.117120 0.544467
v 0.166548 0.106211 0.544467
v 0.155639 0.092919 0.544467
v 0.147534 0.077754 0.544467
v 0.142542 0.061299 0.544467
v 0.140856 0.044186 0.544467
v 0.142542 0.027073 0.544467
v 0.147534 0.010618 0.544467
v 0.155639 -0.004547 0.544467
v 0.166548 -0.017839 0.544467
v 0.179841 -0.028748 0.544467
v 0.195006 -0.036854 0.544467
v 0.211461 -0.041846 0.544467
v 0.211790 0.130218 0.541128
v 0.195651 0.125226 0.537918
v 0.180777 0.117120 0.534960
v 0.167740 0.106211 0.532366
v 0.157041 0.092919 0.530238
v 0.149091 0.077754 0.528657
v 0.144195 0.061299 0.527683
v 0.142542 0.044186 0.527354
v 0.144195 0.027073 0.527683
v 0.149091 0.010618 0.528657
v 0.157041 -0.004547 0.530238
v 0.167740 -0.017839 0.532366
v 0.180777 -0.028748 0.534960
v 0.195651 -0.036854 0.537918
v 0.211790 -0.041846 0.541128
v 0.212763 0.130218 0.537918
v 0.197561 0.125226 0.531621
v 0.183550 0.117120 0.525818
v 0.171270 0.106211 0.520731
v 0.161191 0.092919 0.516556
v 0.153702 0.077754 0.513454
v 0.149091 0.061299 0.511544
v 0.147534 0.044186 0.510899
v 0.149091 0.027073 0.511544
v 0.153702 0.010618 0.513454
v 0.161191 -0.004547 0.516556
v 0.171270 -0.017839 0.520731
v 0.183550 -0.028748 0.525818
v 0.197561 -0.036854 0.531621
v 0.212763 -0.041846 0.537918
v 0.214345 0.130218 0.534960
v 0.200663 0.125226 0.525818
v 0.188054 0.117120 0.517392
v 0.177001 0.106211 0.510008
v 0.167931 0.092919 0.503947
v 0.161191 0.077754 0.499444
v 0.157041 0.061299 0.496670
v 0.155640 0.044186 0.495734
v 0.157041 0.027073 0.496670
v 0.161191 0.010618 0.499444
v 0.167931 -0.004547 0.503947
v 0.177001 -0.017839 0.510008
v 0.188054 -0.028748 0.517392
v 0.200663 -0.036854 0.525818
v 0.214345 -0.041846 0.534960
v 0.216473 0.130218 0.532366
v 0.204837 0.125226 0.520731
v 0.194114 0.117120 0.510008
v 0.184715 0.106211 0.500608
v 0.177001 0.092919 0.492895
v 0.171270 0.077754 0.487163
v 0.167740 0.061299 0.483633
v 0.166548 0.044186 0.482442
v 0.167740 0.027073 0.483633
v 0.171270 0.010618 0.487163
v 0.177001 -0.004547 0.492895
v 0.184715 -0.017839 0.500608
v 0.194114 -0.028748 0.510008
v 0.204837 -0.036854 0.520731
v 0.216473 -0.041846 0.532366
v 0.219066 0.130218 0.530238
v 0.209924 0.125226 0.516556
v 0.201499 0.117120 0.503947
v 0.194114 0.106211 0.492895
v 0.188054 0.092919 0.483824
v 0.183550 0.077754 0.477085
v 0.180777 0.061299 0.472934
v 0.179841 0.044186 0.471533
v 0.180777 0.027073 0.472934
v 0.183550 0.010618 0.477085
v 0.188054 -0.004547 0.483824
v 0.194114 -0.017839 0.492895
v 0.201499 -0.028748 0.503947
v 0.209924 -0.036854 0.516556
v 0.219066 -0.041846 0.530238
v 0.222025 0.130218 0.528657
v 0.215728 0.125226 0.513454
v 0.209924 0.117120 0.499444
v 0.204837 0.106211 0.487163
v 0.200663 0.092919 0.477085
v 0.197561 0.077754 0.469596
v 0.195651 0.061299 0.464984
v 0.195006 0.044186 0.463427
v 0.195651 0.027073 0.464984
v 0.197561 0.010618 0.469596
v 0.200663 -0.004547 0.477085
v 0.204837 -0.017839 0.487163
v 0.209924 -0.028748 0.499444
v 0.215728 -0.036854 0.513454
v 0.222025 -0.041846 0.528657
v 0.225235 0.130218 0.527683
v 0.222025 0.125226 0.511544
v 0.219066 0.117120 0.496670
v 0.216473 0.106211 0.483633
v 0.214345 0.092919 0.472934
v 0.212763 0.077754 0.464984
v 0.211790 0.061299 0.460088
v 0.211461 0.044186 0.458435
v 0.211790 0.027073 0.460088
v 0.212763 0.010618 0.464984
v 0.214345 -0.004547 0.472934
v 0.216473 -0.017839 0.483633
v 0.219066 -0.028748 0.496670
v 0.222025 -0.036854 0.511544
v 0.225235 -0.041846 0.527683
v 0.228574 0.130218 0.527354
v 0.228574 0.125226 0.510899
v 0.228574 0.106211 0.482442
v 0.228574 0.077754 0.463427
v 0.228574 0.010618 0.463427
v 0.228574 -0.017839 0.482442
v 0.228574 -0.028748 0.495734
v 0.228574 -0.036854 0.510899
v 0.228574 -0.041846 0.527354
v -0.228574 0.131903 0.544467
v -0.228574 0.117120 0.495734
v -0.228574 0.092919 0.471533
v -0.228574 0.061299 0.458435
v -0.228574 0.044186 0.456750
v -0.228574 0.027073 0.458435
v -0.228574 -0.004547 0.471533
v -0.228574 -0.043531 0.544467
v -0.231912 0.130218 0.527683
v -0.235122 0.125226 0.511544
v -0.238081 0.117120 0.496670
v -0.240674 0.106211 0.483633
v -0.242802 0.092919 0.472934
v -0.244384 0.077754 0.464984
v -0.245357 0.061299 0.460088
v -0.245686 0.044186 0.458435
v -0.245357 0.027073 0.460088
v -0.244384 0.010618 0.464984
v -0.242802 -0.004547 0.472934
v -0.240674 -0.017839 0.483633
v -0.238081 -0.028748 0.496670
v -0.235122 -0.036854 0.511544
v -0.231912 -0.041846 0.527683
v -0.235122 0.130218 0.528657
v -0.241419 0.125226 0.513454
v -0.247223 0.117120 0.499444
v -0.252310 0.106211 0.487163
v -0.256484 0.092919 0.477085
v -0.259586 0.077754 0.469596
v -0.261496 0.061299 0.464984
v -0.262141 0.044186 0.463427
v -0.261496 0.027073 0.464984
v -0.259586 0.010618 0.469596
v -0.256484 -0.004547 0.477085
v -0.252310 -0.017839 0.487163
v -0.247223 -0.028748 0.499444
v -0.241419 -0.036854 0.513454
v -0.235122 -0.041846 0.528657
v -0.238081 0.130218 0.530238
v -0.247223 0.125226 0.516556
v -0.255648 0.117120 0.503947
v -0.263033 0.106211 0.492895
v -0.269094 0.092919 0.483825
v -0.273597 0.077754 0.477085
v -0.276370 0.061299 0.472934
v -0.277307 0.044186 0.471533
v -0.276370 0.027073 0.472934
v -0.273597 0.010618 0.477085
v -0.269094 -0.004547 0.483825
v -0.263033 -0.017839 0.492895
v -0.255648 -0.028748 0.503947
v -0.247223 -0.036854 0.516556
v -0.238081 -0.041846 0.530238
v -0.240674 0.130218 0.532366
v -0.252310 0.125226 0.520731
v -0.263033 0.117120 0.510008
v -0.272432 0.106211 0.500608
v -0.280146 0.092919 0.492895
v -0.285877 0.077754 0.487163
v -0.289407 0.061299 0.483633
v -0.290599 0.044186 0.482442
v -0.289407 0.027073 0.483633
v -0.285877 0.010618 0.487163
v -0.280146 -0.004547 0.492895
v -0.272432 -0.017839 0.500608
v -0.263033 -0.028748 0.510008
v -0.252310 -0.036854 0.520731
v -0.240674 -0.041846 0.532366
v -0.242802 0.130218 0.534960
v -0.256484 0.125226 0.525818
v -0.269094 0.117120 0.517392
v -0.280146 0.106211 0.510008
v -0.289216 0.092919 0.503947
v -0.295956 0.077754 0.499444
v -0.300106 0.061299 0.496670
v -0.301508 0.044186 0.495734
v -0.300106 0.027073 0.496670
v -0.295956 0.010618 0.499444
v -0.289216 -0.004547 0.503947
v -0.280146 -0.017839 0.510008
v -0.269094 -0.028748 0.517392
v -0.256484 -0.036854 0.525818
v -0.242802 -0.041846 0.534960
v -0.244384 0.130218 0.537918
v -0.259586 0.125226 0.531621
v -0.273597 0.117120 0.525818
v -0.285877 0.106211 0.520731
v -0.295956 0.092919 0.516556
v -0.303445 0.077754 0.513454
v -0.308056 0.061299 0.511544
v -0.309614 0.044186 0.510899
v -0.308056 0.027073 0.511544
v -0.303445 0.010618 0.513454
v -0.295956 -0.004547 0.516556
v -0.285877 -0.017839 0.520731
v -0.273597 -0.028748 0.525818
v -0.259586 -0.036854 0.531621
v -0.244384 -0.041846 0.537918
v -0.245357 0.130218 0.541128
v -0.261496 0.125226 0.537918
v -0.276370 0.117120 0.534960
v -0.289407 0.106211 0.532366
v -0.300106 0.092919 0.530238
v -0.308056 0.077754 0.528657
v -0.312952 0.061299 0.527683
v -0.314605 0.044186 0.527354
v -0.312952 0.027073 0.527683
v -0.308056 0.010618 0.528657
v -0.300106 -0.004547 0.530238
v -0.289407 -0.017839 0.532366
v -0.276370 -0.028748 0.534960
v -0.261496 -0.036854 0.537918
v -0.245357 -0.041846 0.541128
v -0.245686 0.130218 0.544467
v -0.262141 0.125226 0.544467
v -0.277307 0.117120 0.544467
v -0.290599 0.106211 0.544467
v -0.301508 0.092919 0.544467
v -0.309614 0.077754 0.544467
v -0.314605 0.061299 0.544467
v -0.316291 0.044186 0.544467
v -0.314605 0.027073 0.544467
v -0.309614 0.010618 0.544467
v -0.301508 -0.004547 0.544467
v -0.290599 -0.017839 0.544467
v -0.277307 -0.028748 0.544467
v -0.262141 -0.036854 0.544467
v -0.245686 -0.041846 0.544467
v -0.245357 0.130218 0.547806
v -0.261496 0.125226 0.551016
v -0.276370 0.117120 0.553974
v -0.289407 0.106211 0.556568
v -0.300106 0.092919 0.558696
v -0.308056 0.077754 0.560277
v -0.312952 0.061299 0.561251
v -0.314605 0.044186 0.561580
v -0.312952 0.027073 0.561251
v -0.308056 0.010618 0.560277
v -0.300106 -0.004547 0.558696
v -0.289407 -0.017839 0.556568
v -0.276370 -0.028748 0.553974
v -0.261496 -0.036854 0.551016
v -0.245357 -0.041846 0.547806
v -0.244384 0.130218 0.551016
v -0.259586 0.125226 0.557313
v -0.273597 0.117120 0.563116
v -0.285877 0.106211 0.568203
v -0.295956 0.092919 0.572378
v -0.303445 0.077754 0.575480
v -0.308056 0.061299 0.577390
v -0.309614 0.044186 0.578035
v -0.308056 0.027073 0.577390
v -0.303445 0.010618 0.575480
v -0.295956 -0.004547 0.572378
v -0.285877 -0.017839 0.568203
v -0.273597 -0.028748 0.563116
v -0.259586 -0.036854 0.557313
v -0.244384 -0.041846 0.551016
v -0.242802 0.130218 0.553974
v -0.256484 0.125226 0.563116
v -0.269094 0.117120 0.571542
v -0.280146 0.106211 0.578926
v -0.289216 0.092919 0.584987
v -0.295956 0.077754 0.589490
v -0.300106 0.061299 0.592264
v -0.301508 0.044186 0.593200
v -0.300106 0.027073 0.592264
v -0.295956 0.010618 0.589490
v -0.289216 -0.004547 0.584987
v -0.280146 -0.017839 0.578926
v -0.269094 -0.028748 0.571542
v -0.256484 -0.036854 0.563116
v -0.242802 -0.041846 0.553974
v -0.240674 0.130218 0.556568
v -0.252310 0.125226 0.568203
v -0.263033 0.117120 0.578926
v -0.272432 0.106211 0.588326
v -0.280146 0.092919 0.596039
v -0.285877 0.077754 0.601771
v -0.289407 0.061299 0.605301
v -0.290599 0.044186 0.606492
v -0.289407 0.027073 0.605301
v -0.285877 0.010618 0.601771
v -0.280146 -0.004547 0.596039
v -0.272432 -0.017839 0.588326
v -0.263033 -0.028748 0.578926
v -0.252310 -0.036854 0.568203
v -0.240674 -0.041846 0.556568
v -0.238081 0.130218 0.558696
v -0.247223 0.125226 0.572378
v -0.255648 0.117120 0.584987
v -0.263033 0.106211 0.596039
v -0.269094 0.092919 0.605110
v -0.273597 0.077754 0.611849
v -0.276370 0.061299 0.616000
v -0.277306 0.044186 0.617401
v -0.276370 0.027073 0.616000
v -0.273597 0.010618 0.611849
v -0.269094 -0.004547 0.605110
v -0.263033 -0.017839 0.596039
v -0.255648 -0.028748 0.584987
v -0.247223 -0.036854 0.572378
v -0.238081 -0.041846 0.558696
v -0.235122 0.130218 0.560277
v -0.241419 0.125226 0.575480
v -0.247223 0.117120 0.589490
v -0.252310 0.106211 0.601771
v -0.256484 0.092919 0.611849
v -0.259586 0.077754 0.619338
v -0.261496 0.061299 0.623950
v -0.262141 0.044186 0.625507
v -0.261496 0.027073 0.623950
v -0.259586 0.010618 0.619338
v -0.256484 -0.004547 0.611849
v -0.252310 -0.017839 0.601771
v -0.247223 -0.028748 0.589490
v -0.241419 -0.036854 0.575480
v -0.235122 -0.041846 0.560277
v -0.231912 0.130218 0.561251
v -0.235122 0.125226 0.577390
v -0.238081 0.117120 0.592264
v -0.240674 0.106211 0.605301
v -0.242802 0.092919 0.616000
v -0.244384 0.077754 0.623950
v -0.245357 0.061299 0.628846
v -0.245686 0.044186 0.630499
v -0.245357 0.027073 0.628846
v -0.244384 0.010618 0.623950
v -0.242802 -0.004547 0.616000
v -0.240674 -0.017839 0.605301
v -0.238081 -0.028748 0.592264
v -0.235122 -0.036854 0.577390
v -0.231912 -0.041846 0.561251
v -0.228574 0.130218 0.561580
v -0.228574 0.125226 0.578035
v -0.228574 0.117120 0.593200
v -0.228574 0.106211 0.606492
v -0.228574 0.092919 0.617401
v -0.228574 0.077754 0.625507
v -0.228574 0.061299 0.630499
v -0.228573 0.044186 0.632184
v -0.228574 0.027073 0.630499
v -0.228574 0.010618 0.625507
v -0.228574 -0.004547 0.617401
v -0.228574 -0.017839 0.606492
v -0.228574 -0.028748 0.593200
v -0.228574 -0.036854 0.578035
v -0.228574 -0.041846 0.561580
v -0.225235 0.130218 0.561251
v -0.222025 0.125226 0.577390
v -0.219066 0.117120 0.592264
v -0.216473 0.106211 0.605301
v -0.214345 0.092919 0.616000
v -0.212763 0.077754 0.623950
v -0.211790 0.061299 0.628846
v -0.211461 0.044186 0.630499
v -0.211790 0.027073 0.628846
v -0.212763 0.010618 0.623950
v -0.214345 -0.004547 0.616000
v -0.216473 -0.017839 0.605301
v -0.219066 -0.028748 0.592264
v -0.222025 -0.036854 0.577390
v -0.225235 -0.041846 0.561251
v -0.222025 0.130218 0.560277
v -0.215728 0.125226 0.575480
v -0.209924 0.117120 0.589490
v -0.204837 0.106211 0.601771
v -0.200663 0.092919 0.611849
v -0.197561 0.077754 0.619338
v -0.195651 0.061299 0.623950
v -0.195006 0.044186 0.625507
v -0.195651 0.027073 0.623950
v -0.197561 0.010618 0.619338
v -0.200663 -0.004547 0.611849
v -0.204837 -0.017839 0.601771
v -0.209924 -0.028748 0.589490
v -0.215728 -0.036854 0.575480
v -0.222025 -0.041846 0.560277
v -0.219066 0.130218 0.558696
v -0.209924 0.125226 0.572378
v -0.201499 0.117120 0.584987
v -0.194114 0.106211 0.596039
v -0.188054 0.092919 0.605110
v -0.183550 0.077754 0.611849
v -0.180777 0.061299 0.616000
v -0.179841 0.044186 0.617401
v -0.180777 0.027073 0.616000
v -0.183550 0.010618 0.611849
v -0.188054 -0.004547 0.605110
v -0.194114 -0.017839 0.596039
v -0.201499 -0.028748 0.584987
v -0.209924 -0.036854 0.572378
v -0.219066 -0.041846 0.558696
v -0.216473 0.130218 0.556568
v -0.204837 0.125226 0.568203
v -0.194114 0.117120 0.578926
v -0.184715 0.106211 0.588326
v -0.177001 0.092919 0.596039
v -0.171270 0.077754 0.601771
v -0.167740 0.061299 0.605301
v -0.166548 0.044186 0.606492
v -0.167740 0.027073 0.605301
v -0.171270 0.010618 0.601771
v -0.177001 -0.004547 0.596039
v -0.184715 -0.017839 0.588326
v -0.194114 -0.028748 0.578926
v -0.204837 -0.036854 0.568203
v -0.216473 -0.041846 0.556568
v -0.214345 0.130218 0.553974
v -0.200663 0.125226 0.563116
v -0.188054 0.117120 0.571542
v -0.177001 0.106211 0.578926
v -0.167931 0.092919 0.584987
v -0.161191 0.077754 0.589490
v -0.157041 0.061299 0.592264
v -0.155639 0.044186 0.593200
v -0.157041 0.027073 0.592264
v -0.161191 0.010618 0.589490
v -0.167931 -0.004547 0.584987
v -0.177001 -0.017839 0.578926
v -0.188054 -0.028748 0.571542
v -0.200663 -0.036854 0.563116
v -0.214345 -0.041846 0.553974
v -0.212763 0.130218 0.551016
v -0.197561 0.125226 0.557313
v -0.183550 0.117120 0.563116
v -0.171270 0.106211 0.568203
v -0.161191 0.092919 0.572378
v -0.153702 0.077754 0.575480
v -0.149091 0.061299 0.577390
v -0.147534 0.044186 0.578035
v -0.149091 0.027073 0.577390
v -0.153702 0.010618 0.575480
v -0.161191 -0.004547 0.572378
v -0.171270 -0.017839 0.568203
v -0.183550 -0.028748 0.563116
v -0.197561 -0.036854 0.557313
v -0.212763 -0.041846 0.551016
v -0.211790 0.130218 0.547806
v -0.195651 0.125226 0.551016
v -0.180777 0.117120 0.553974
v -0.167740 0.106211 0.556568
v -0.157041 0.092919 0.558696
v -0.149091 0.077754 0.560277
v -0.144195 0.061299 0.561251
v -0.142542 0.044186 0.561580
v -0.144195 0.027073 0.561251
v -0.149091 0.010618 0.560277
v -0.157041 -0.004547 0.558696
v -0.167740 -0.017839 0.556568
v -0.180777 -0.028748 0.553974
v -0.195651 -0.036854 0.551016
v -0.211790 -0.041846 0.547806
v -0.211461 0.130218 0.544467
v -0.195006 0.125226 0.544467
v -0.179841 0.117120 0.544467
v -0.166548 0.106211 0.544467
v -0.155639 0.092919 0.544467
v -0.147533 0.077754 0.544467
v -0.142542 0.061299 0.544467
v -0.140856 0.044186 0.544467
v -0.142542 0.027073 0.544467
v -0.147533 0.010618 0.544467
v -0.155639 -0.004547 0.544467
v -0.166548 -0.017839 0.544467
v -0.179841 -0.028748 0.544467
v -0.195006 -0.036854 0.544467
v -0.211461 -0.041846 0.544467
v -0.211790 0.130218 0.541128
v -0.195651 0.125226 0.537918
v -0.180777 0.117120 0.534960
v -0.167740 0.106211 0.532366
v -0.157041 0.092919 0.530238
v -0.149091 0.077754 0.528657
v -0.144195 0.061299 0.527683
v -0.142542 0.044186 0.527354
v -0.144195 0.027073 0.527683
v -0.149091 0.010618 0.528657
v -0.157041 -0.004547 0.530238
v -0.167740 -0.017839 0.532366
v -0.180777 -0.028748 0.534960
v -0.195651 -0.036854 0.537918
v -0.211790 -0.041846 0.541128
v -0.212763 0.130218 0.537918
v -0.197561 0.125226 0.531621
v -0.183550 0.117120 0.525818
v -0.171270 0.106211 0.520731
v -0.161191 0.092919 0.516556
v -0.153702 0.077754 0.513454
v -0.149091 0.061299 0.511544
v -0.147534 0.044186 0.510899
v -0.149091 0.027073 0.511544
v -0.153702 0.010618 0.513454
v -0.161191 -0.004547 0.516556
v -0.171270 -0.017839 0.520731
v -0.183550 -0.028748 0.525818
v -0.197561 -0.036854 0.531621
v -0.212763 -0.041846 0.537918
v -0.214345 0.130218 0.534960
v -0.200663 0.125226 0.525818
v -0.188054 0.117120 0.517392
v -0.177001 0.106211 0.510008
v -0.167931 0.092919 0.503947
v -0.161191 0.077754 0.499444
v -0.157041 0.061299 0.496670
v -0.155639 0.044186 0.495734
v -0.157041 0.027073 0.496670
v -0.161191 0.010618 0.499444
v -0.167931 -0.004547 0.503947
v -0.177001 -0.017839 0.510008
v -0.188054 -0.028748 0.517392
v -0.200663 -0.036854 0.525818
v -0.214345 -0.041846 0.534960
v -0.216473 0.130218 0.532366
v -0.204837 0.125226 0.520731
v -0.194114 0.117120 0.510008
v -0.184715 0.106211 0.500608
v -0.177001 0.092919 0.492895
v -0.171270 0.077754 0.487163
v -0.167740 0.061299 0.483633
v -0.166548 0.044186 0.482442
v -0.167740 0.027073 0.483633
v -0.171270 0.010618 0.487163
v -0.177001 -0.004547 0.492895
v -0.184715 -0.017839 0.500608
v -0.194114 -0.028748 0.510008
v -0.204837 -0.036854 0.520731
v -0.216473 -0.041846 0.532366
v -0.219066 0.130218 0.530238
v -0.209924 0.125226 0.516556
v -0.201499 0.117120 0.503947
v -0.194114 0.106211 0.492895
v -0.188054 0.092919 0.483825
v -0.183550 0.077754 0.477085
v -0.180777 0.061299 0.472934
v -0.179841 0.044186 0.471533
v -0.180777 0.027073 0.472934
v -0.183550 0.010618 0.477085
v -0.188054 -0.004547 0.483825
v -0.194114 -0.017839 0.492895
v -0.201499 -0.028748 0.503947
v -0.209924 -0.036854 0.516556
v -0.219066 -0.041846 0.530238
v -0.222025 0.130218 0.528657
v -0.215728 0.125226 0.513454
v -0.209924 0.117120 0.499444
v -0.204837 0.106211 0.487163
v -0.200663 0.092919 0.477085
v -0.197561 0.077754 0.469596
v -0.195651 0.061299 0.464984
v -0.195006 0.044186 0.463427
v -0.195651 0.027073 0.464984
v -0.197561 0.010618 0.469596
v -0.200663 -0.004547 0.477085
v -0.204837 -0.017839 0.487163
v -0.209924 -0.028748 0.499444
v -0.215728 -0.036854 0.513454
v -0.222025 -0.041846 0.528657
v -0.225235 0.130218 0.527683
v -0.222025 0.125226 0.511544
v -0.219066 0.117120 0.496670
v -0.216473 0.106211 0.483633
v -0.214345 0.092919 0.472934
v -0.212763 0.077754 0.464984
v -0.211790 0.061299 0.460088
v -0.211461 0.044186 0.458435
v -0.211790 0.027073 0.460088
v -0.212763 0.010618 0.464984
v -0.214345 -0.004547 0.472934
v -0.216473 -0.017839 0.483633
v -0.219066 -0.028748 0.496670
v -0.222025 -0.036854 0.511544
v -0.225235 -0.041846 0.527683
v -0.228574 0.130218 0.527354
v -0.228574 0.125226 0.510899
v -0.228574 0.106211 0.482442
v -0.228574 0.077754 0.463427
v -0.228574 0.010618 0.463427
v -0.228574 -0.017839 0.482442
v -0.228574 -0.028748 0.495734
v -0.228574 -0.036854 0.510899
v -0.228574 -0.041846 0.527354
vn -0.2094 0.3703 0.9050
vn -0.0335 0.3638 0.9309
vn 0.6517 0.1577 0.7419
vn 0.7711 0.0735 0.6324
vn 0.4796 0.2876 0.8290
vn 0.6181 0.1825 0.7646
vn 0.8979 -0.2988 0.3234
vn 0.8881 -0.4254 0.1742
vn 0.8873 -0.1349 0.4411
vn 0.8979 -0.2983 0.3238
vn 0.6500 -0.7540 -0.0944
vn 0.4966 -0.8425 -0.2088
vn 0.7630 -0.6457 -0.0281
vn 0.6173 -0.7781 -0.1165
vn 0.0328 -0.9588 -0.2823
vn -0.1850 -0.9372 -0.2958
vn 0.1850 -0.9372 -0.2958
vn -0.0328 -0.9588 -0.2823
vn -0.6173 -0.7781 -0.1165
vn -0.7630 -0.6457 -0.0281
vn -0.4966 -0.8425 -0.2088
vn -0.6500 -0.7540 -0.0944
vn -0.8979 -0.2983 0.3238
vn -0.8873 -0.1349 0.4411
vn -0.8881 -0.4254 0.1742
vn -0.8979 -0.2988 0.3234
vn -0.6181 0.1825 0.7646
vn -0.4796 0.2876 0.8290
vn -0.7711 0.0735 0.6324
vn -0.6517 0.1577 0.7419
vn 0.0335 0.3638 0.9309
vn 0.2094 0.3703 0.9050
vn 0.0865 -0.4696 -0.8786
vn 0.0624 0.7715 -0.6332
vn 0.0759 -0.6326 -0.7708
vn 0.0759 0.6326 -0.7708
vn 0.0624 -0.7715 -0.6332
vn 0.0865 0.4696 -0.8786
vn 0.0464 -0.8810 -0.4709
vn 0.0938 0.2890 -0.9527
vn 0.0286 -0.9565 -0.2902
vn 0.0975 0.0976 -0.9904
vn 0.0097 0.9951 -0.0980
vn 0.0097 -0.9951 -0.0980
vn 0.0975 -0.0975 -0.9904
vn 0.0286 0.9565 -0.2902
vn 0.0938 -0.2890 -0.9527
vn 0.0464 0.8810 -0.4709
vn 0.2779 -0.2890 -0.9161
vn 0.1374 0.8810 -0.4528
vn 0.2563 -0.4696 -0.8448
vn 0.1847 0.7715 -0.6088
vn 0.2248 -0.6326 -0.7412
vn 0.2248 0.6326 -0.7412
vn 0.1847 -0.7715 -0.6088
vn 0.2563 0.4696 -0.8448
vn 0.1374 -0.8810 -0.4528
vn 0.2779 0.2890 -0.9161
vn 0.0846 -0.9565 -0.2790
vn 0.2889 0.0975 -0.9524
vn 0.0286 0.9951 -0.0942
vn 0.0286 -0.9951 -0.0942
vn 0.2889 -0.0975 -0.9524
vn 0.0846 0.9565 -0.2790
vn 0.2231 -0.8810 -0.4173
vn 0.4513 0.2890 -0.8443
vn 0.1374 -0.9565 -0.2571
vn 0.4691 0.0976 -0.8777
vn 0.0464 0.9951 -0.0869
vn 0.0464 -0.9951 -0.0869
vn 0.4691 -0.0976 -0.8777
vn 0.1374 0.9565 -0.2571
vn 0.4513 -0.2890 -0.8443
vn 0.2230 0.8810 -0.4173
vn 0.4162 -0.4696 -0.7786
vn 0.2999 0.7715 -0.5611
vn 0.3651 -0.6326 -0.6831
vn 0.3651 0.6326 -0.6831
vn 0.2999 -0.7715 -0.5611
vn 0.4162 0.4696 -0.7786
vn 0.3002 0.8810 -0.3658
vn 0.5601 -0.4696 -0.6825
vn 0.4036 0.7715 -0.4918
vn 0.4913 -0.6326 -0.5987
vn 0.4913 0.6326 -0.5987
vn 0.4036 -0.7715 -0.4918
vn 0.5601 0.4696 -0.6825
vn 0.3002 -0.8810 -0.3658
vn 0.6073 0.2890 -0.7400
vn 0.1850 -0.9565 -0.2254
vn 0.6314 0.0975 -0.7693
vn 0.0625 0.9951 -0.0761
vn 0.0625 -0.9951 -0.0761
vn 0.6314 -0.0975 -0.7693
vn 0.1850 0.9565 -0.2254
vn 0.6073 -0.2890 -0.7400
vn 0.7400 0.2890 -0.6073
vn 0.2254 -0.9565 -0.1850
vn 0.7693 0.0975 -0.6314
vn 0.0761 0.9951 -0.0625
vn 0.0761 -0.9951 -0.0625
vn 0.7693 -0.0975 -0.6314
vn 0.2254 0.9565 -0.1850
vn 0.7400 -0.2890 -0.6073
vn 0.3658 0.8810 -0.3002
vn 0.6825 -0.4696 -0.5601
vn 0.4918 0.7715 -0.4036
vn 0.5987 -0.6326 -0.4913
vn 0.5987 0.6326 -0.4913
vn 0.4918 -0.7715 -0.4036
vn 0.6825 0.4696 -0.5601
vn 0.3658 -0.8810 -0.3002
vn 0.7786 -0.4696 -0.4162
vn 0.5611 0.7715 -0.2999
vn 0.6831 -0.6326 -0.3651
vn 0.6831 0.6326 -0.3651
vn 0.5611 -0.7715 -0.2999
vn 0.7786 0.4696 -0.4162
vn 0.4173 -0.8810 -0.2230
vn 0.8443 0.2890 -0.4513
vn 0.2571 -0.9565 -0.1374
vn 0.8777 0.0975 -0.4691
vn 0.0869 0.9951 -0.0464
vn 0.0869 -0.9951 -0.0464
vn 0.8777 -0.0975 -0.4691
vn 0.2571 0.9565 -0.1374
vn 0.8443 -0.2890 -0.4513
vn 0.4173 0.8810 -0.2230
vn 0.2790 -0.9565 -0.0846
vn 0.9524 0.0975 -0.2889
vn 0.0942 0.9951 -0.0286
vn 0.0942 -0.9951 -0.0286
vn 0.9524 -0.0975 -0.2889
vn 0.2790 0.9565 -0.0846
vn 0.9161 -0.2890 -0.2779
vn 0.4528 0.8810 -0.1374
vn 0.8448 -0.4696 -0.2563
vn 0.6088 0.7715 -0.1847
vn 0.7412 -0.6326 -0.2248
vn 0.7412 0.6326 -0.2248
vn 0.6088 -0.7715 -0.1847
vn 0.8448 0.4696 -0.2563
vn 0.4528 -0.8810 -0.1374
vn 0.9161 0.2890 -0.2779
vn 0.6332 0.7715 -0.0624
vn 0.7708 -0.6326 -0.0759
vn 0.7708 0.6326 -0.0759
vn 0.6332 -0.7715 -0.0624
vn 0.8786 0.4696 -0.0865
vn 0.4709 -0.8810 -0.0464
vn 0.9527 0.2890 -0.0938
vn 0.2902 -0.9565 -0.0286
vn 0.9904 0.0975 -0.0975
vn 0.0980 0.9951 -0.0097
vn 0.0980 -0.9951 -0.0097
vn 0.9904 -0.0975 -0.0976
vn 0.2902 0.9565 -0.0286
vn 0.9527 -0.2890 -0.0938
vn 0.4709 0.8810 -0.0464
vn 0.8786 -0.4696 -0.0865
vn 0.9904 0.0975 0.0975
vn 0.0980 0.9951 0.0097
vn 0.0980 -0.9951 0.0097
vn 0.9904 -0.0975 0.0976
vn 0.2902 0.9565 0.0286
vn 0.9527 -0.2890 0.0938
vn 0.4709 0.8810 0.0464
vn 0.8786 -0.4696 0.0865
vn 0.6332 0.7715 0.0624
vn 0.7708 -0.6326 0.0759
vn 0.7708 0.6326 0.0759
vn 0.6332 -0.7715 0.0624
vn 0.8786 0.4696 0.0865
vn 0.4709 -0.8810 0.0464
vn 0.9527 0.2890 0.0938
vn 0.2902 -0.9565 0.0286
vn 0.7412 -0.6326 0.2248
vn 0.7412 0.6326 0.2248
vn 0.6088 -0.7715 0.1847
vn 0.8448 0.4696 0.2563
vn 0.4528 -0.8810 0.1374
vn 0.9161 0.2890 0.2779
vn 0.2790 -0.9565 0.0846
vn 0.9524 0.0975 0.2889
vn 0.0942 0.9951 0.0286
vn 0.0942 -0.9951 0.0286
vn 0.9524 -0.0975 0.2889
vn 0.2790 0.9565 0.0846
vn 0.9161 -0.2890 0.2779
vn 0.4528 0.8810 0.1374
vn 0.8448 -0.4696 0.2563
vn 0.6088 0.7715 0.1847
vn 0.0869 -0.9951 0.0464
vn 0.8777 -0.0975 0.4691
vn 0.2571 0.9565 0.1374
vn 0.8443 -0.2890 0.4513
vn 0.4173 0.8810 0.2231
vn 0.7786 -0.4696 0.4162
vn 0.5611 0.7715 0.2999
vn 0.6831 -0.6326 0.3651
vn 0.6831 0.6326 0.3651
vn 0.5611 -0.7715 0.2999
vn 0.7786 0.4696 0.4162
vn 0.4173 -0.8810 0.2231
vn 0.8443 0.2890 0.4513
vn 0.2571 -0.9565 0.1374
vn 0.8777 0.0975 0.4691
vn 0.0869 0.9951 0.0464
vn 0.4918 -0.7715 0.4036
vn 0.6825 0.4696 0.5601
vn 0.3658 -0.8810 0.3002
vn 0.7400 0.2890 0.6073
vn 0.2254 -0.9565 0.1850
vn 0.7693 0.0975 0.6314
vn 0.0761 0.9951 0.0625
vn 0.0761 -0.9951 0.0625
vn 0.7693 -0.0975 0.6314
vn 0.2254 0.9565 0.1850
vn 0.7400 -0.2890 0.6073
vn 0.3658 0.8810 0.3002
vn 0.6825 -0.4696 0.5601
vn 0.4918 0.7715 0.4036
vn 0.5987 -0.6326 0.4913
vn 0.5987 0.6326 0.4913
vn 0.1850 0.9565 0.2254
vn 0.6073 -0.2890 0.7400
vn 0.3002 0.8810 0.3658
vn 0.5601 -0.4696 0.6825
vn 0.4036 0.7715 0.4918
vn 0.4913 -0.6326 0.5987
vn 0.4913 0.6326 0.5987
vn 0.4036 -0.7715 0.4918
vn 0.5601 0.4696 0.6825
vn 0.3002 -0.8810 0.3658
vn 0.6073 0.2890 0.7400
vn 0.1850 -0.9565 0.2254
vn 0.6314 0.0975 0.7693
vn 0.0625 0.9951 0.0761
vn 0.0625 -0.9951 0.0761
vn 0.6314 -0.0975 0.7693
vn 0.4162 0.4696 0.7786
vn 0.2230 -0.8810 0.4173
vn 0.4513 0.2890 0.8443
vn 0.1374 -0.9565 0.2571
vn 0.4691 0.0975 0.8777
vn 0.0464 0.9951 0.0869
vn 0.0464 -0.9951 0.0869
vn 0.4691 -0.0975 0.8777
vn 0.1374 0.9565 0.2571
vn 0.4513 -0.2890 0.8443
vn 0.2230 0.8810 0.4173
vn 0.4162 -0.4696 0.7786
vn 0.2999 0.7715 0.5611
vn 0.3651 -0.6326 0.6831
vn 0.3651 0.6326 0.6831
vn 0.2999 -0.7715 0.5611
vn 0.2779 -0.2890 0.9161
vn 0.1374 0.8810 0.4528
vn 0.2563 -0.4696 0.8448
vn 0.1847 0.7715 0.6088
vn 0.2248 -0.6326 0.7412
vn 0.2248 0.6326 0.7412
vn 0.1847 -0.7715 0.6088
vn 0.2563 0.4696 0.8448
vn 0.1374 -0.8810 0.4528
vn 0.2779 0.2890 0.9161
vn 0.0846 -0.9565 0.2790
vn 0.2889 0.0975 0.9524
vn 0.0286 0.9951 0.0942
vn 0.0286 -0.9951 0.0942
vn 0.2889 -0.0975 0.9524
vn 0.0846 0.9565 0.2790
vn 0.0464 -0.8810 0.4709
vn 0.0938 0.2890 0.9527
vn 0.0286 -0.9565 0.2902
vn 0.0975 0.0975 0.9904
vn 0.0097 0.9951 0.0980
vn 0.0097 -0.9951 0.0980
vn 0.0975 -0.0975 0.9904
vn 0.0286 0.9565 0.2902
vn 0.0938 -0.2890 0.9527
vn 0.0464 0.8810 0.4709
vn 0.0865 -0.4696 0.8786
vn 0.0624 0.7715 0.6332
vn 0.0759 -0.6326 0.7708
vn 0.0759 0.6326 0.7708
vn 0.0624 -0.7715 0.6332
vn 0.0865 0.4696 0.8786
vn -0.0464 0.8810 0.4709
vn -0.0865 -0.4696 0.8786
vn -0.0624 0.7715 0.6332
vn -0.0759 -0.6326 0.7708
vn -0.0759 0.6326 0.7708
vn -0.0624 -0.7715 0.6332
vn -0.0865 0.4696 0.8786
vn -0.0464 -0.8810 0.4709
vn -0.0938 0.2890 0.9527
vn -0.0286 -0.9565 0.2902
vn -0.0976 0.0975 0.9904
vn -0.0097 0.9951 0.0980
vn -0.0097 -0.9951 0.0980
vn -0.0976 -0.0975 0.9904
vn -0.0286 0.9565 0.2902
vn -0.0938 -0.2890 0.9527
vn -0.2779 0.2890 0.9161
vn -0.0846 -0.9565 0.2790
vn -0.2889 0.0975 0.9524
vn -0.0286 0.9951 0.0942
vn -0.0286 -0.9951 0.0942
vn -0.2889 -0.0975 0.9524
vn -0.0846 0.9565 0.2790
vn -0.2779 -0.2890 0.9161
vn -0.1374 0.8810 0.4528
vn -0.2563 -0.4696 0.8448
vn -0.1847 0.7715 0.6088
vn -0.2248 -0.6326 0.7412
vn -0.2248 0.6326 0.7412
vn -0.1847 -0.7715 0.6088
vn -0.2563 0.4696 0.8448
vn -0.1374 -0.8810 0.4528
vn -0.4162 -0.4696 0.7786
vn -0.2999 0.7715 0.5611
vn -0.3651 -0.6326 0.6831
vn -0.3651 0.6326 0.6831
vn -0.2999 -0.7715 0.5611
vn -0.4162 0.4696 0.7786
vn -0.2231 -0.8810 0.4173
vn -0.4513 0.2890 0.8443
vn -0.1374 -0.9565 0.2571
vn -0.4691 0.0975 0.8777
vn -0.0464 0.9951 0.0869
vn -0.0464 -0.9951 0.0869
vn -0.4691 -0.0975 0.8777
vn -0.1374 0.9565 0.2571
vn -0.4513 -0.2890 0.8443
vn -0.2230 0.8810 0.4173
vn -0.1850 -0.9565 0.2254
vn -0.6314 0.0975 0.7693
vn -0.0625 0.9951 0.0761
vn -0.0625 -0.9951 0.0761
vn -0.6314 -0.0975 0.7693
vn -0.1850 0.9565 0.2254
vn -0.6073 -0.2890 0.7400
vn -0.3002 0.8810 0.3658
vn -0.5601 -0.4696 0.6825
vn -0.4036 0.7715 0.4918
vn -0.4913 -0.6326 0.5987
vn -0.4913 0.6326 0.5987
vn -0.4036 -0.7715 0.4918
vn -0.5601 0.4696 0.6825
vn -0.3002 -0.8810 0.3658
vn -0.6073 0.2890 0.7400
vn -0.5987 -0.6326 0.4913
vn -0.5987 0.6326 0.4913
vn -0.4918 -0.7715 0.4036
vn -0.6825 0.4696 0.5601
vn -0.3658 -0.8810 0.3002
vn -0.7400 0.2890 0.6073
vn -0.2254 -0.9565 0.1850
vn -0.7693 0.0975 0.6314
vn -0.0761 0.9951 0.0625
vn -0.0761 -0.9951 0.0625
vn -0.7693 -0.0975 0.6314
vn -0.2254 0.9565 0.1850
vn -0.7400 -0.2890 0.6073
vn -0.3658 0.8810 0.3002
vn -0.6825 -0.4696 0.5601
vn -0.4918 0.7715 0.4036
vn -0.0869 0.9951 0.0464
vn -0.0869 -0.9951 0.0464
vn -0.8777 -0.0975 0.4691
vn -0.2571 0.9565 0.1374
vn -0.8443 -0.2890 0.4513
vn -0.4173 0.8810 0.2231
vn -0.7786 -0.4696 0.4162
vn -0.5611 0.7715 0.2999
vn -0.6831 -0.6326 0.3651
vn -0.6831 0.6326 0.3651
vn -0.5611 -0.7715 0.2999
vn -0.7786 0.4696 0.4162
vn -0.4173 -0.8810 0.2231
vn -0.8443 0.2890 0.4513
vn -0.2571 -0.9565 0.1374
vn -0.8777 0.0975 0.4691
vn -0.7412 0.6326 0.2248
vn -0.6088 -0.7715 0.1847
vn -0.8448 0.4696 0.2563
vn -0.4528 -0.8810 0.1374
vn -0.9161 0.2890 0.2779
vn -0.2790 -0.9565 0.0846
vn -0.9524 0.0975 0.2889
vn -0.0942 0.9951 0.0286
vn -0.0942 -0.9951 0.0286
vn -0.9524 -0.0975 0.2889
vn -0.2790 0.9565 0.0846
vn -0.9161 -0.2890 0.2779
vn -0.4528 0.8810 0.1374
vn -0.8448 -0.4696 0.2563
vn -0.6088 0.7715 0.1847
vn -0.7412 -0.6326 0.2248
vn -0.9904 -0.0975 0.0975
vn -0.2902 0.9565 0.0286
vn -0.9527 -0.2890 0.0938
vn -0.4709 0.8810 0.0464
vn -0.8786 -0.4696 0.0865
vn -0.6332 0.7715 0.0624
vn -0.7708 -0.6326 0.0759
vn -0.7708 0.6326 0.0759
vn -0.6332 -0.7715 0.0624
vn -0.8786 0.4696 0.0865
vn -0.4709 -0.8810 0.0464
vn -0.9527 0.2890 0.0938
vn -0.2902 -0.9565 0.0286
vn -0.9904 0.0975 0.0975
vn -0.0980 0.9951 0.0097
vn -0.0980 -0.9951 0.0097
vn -0.6332 -0.7715 -0.0624
vn -0.8786 0.4696 -0.0865
vn -0.4709 -0.8810 -0.0464
vn -0.9527 0.2890 -0.0938
vn -0.2902 -0.9565 -0.0286
vn -0.9904 0.0975 -0.0975
vn -0.0980 0.9951 -0.0097
vn -0.0980 -0.9951 -0.0097
vn -0.9904 -0.0975 -0.0976
vn -0.2902 0.9565 -0.0286
vn -0.9527 -0.2890 -0.0938
vn -0.4709 0.8810 -0.0464
vn -0.8786 -0.4696 -0.0865
vn -0.6332 0.7715 -0.0624
vn -0.7708 -0.6326 -0.0759
vn -0.7708 0.6326 -0.0759
vn -0.2790 0.9565 -0.0846
vn -0.9161 -0.2890 -0.2779
vn -0.4528 0.8810 -0.1374
vn -0.8448 -0.4696 -0.2563
vn -0.6088 0.7715 -0.1847
vn -0.7412 -0.6326 -0.2248
vn -0.7412 0.6326 -0.2248
vn -0.6088 -0.7715 -0.1847
vn -0.8448 0.4696 -0.2563
vn -0.4528 -0.8810 -0.1374
vn -0.9161 0.2890 -0.2779
vn -0.2790 -0.9565 -0.0846
vn -0.9524 0.0975 -0.2889
vn -0.0942 0.9951 -0.0286
vn -0.0942 -0.9951 -0.0286
vn -0.9524 -0.0975 -0.2889
vn -0.7786 0.4696 -0.4162
vn -0.4173 -0.8810 -0.2231
vn -0.8443 0.2890 -0.4513
vn -0.2571 -0.9565 -0.1374
vn -0.8777 0.0975 -0.4691
vn -0.0869 0.9951 -0.0464
vn -0.0869 -0.9951 -0.0464
vn -0.8777 -0.0975 -0.4691
vn -0.2571 0.9565 -0.1374
vn -0.8443 -0.2890 -0.4513
vn -0.4173 0.8810 -0.2231
vn -0.7786 -0.4696 -0.4162
vn -0.5611 0.7715 -0.2999
vn -0.6831 -0.6326 -0.3651
vn -0.6831 0.6326 -0.3651
vn -0.5611 -0.7715 -0.2999
vn -0.7400 -0.2890 -0.6073
vn -0.3658 0.8810 -0.3002
vn -0.6825 -0.4696 -0.5601
vn -0.4918 0.7715 -0.4036
vn -0.5987 -0.6326 -0.4913
vn -0.5987 0.6326 -0.4913
vn -0.4918 -0.7715 -0.4036
vn -0.6825 0.4696 -0.5601
vn -0.3658 -0.8810 -0.3002
vn -0.7400 0.2890 -0.6073
vn -0.2254 -0.9565 -0.1850
vn -0.7693 0.0975 -0.6314
vn -0.0761 0.9951 -0.0625
vn -0.0761 -0.9951 -0.0625
vn -0.7693 -0.0975 -0.6314
vn -0.2254 0.9565 -0.1850
vn -0.3002 -0.8810 -0.3658
vn -0.6073 0.2890 -0.7400
vn -0.1850 -0.9565 -0.2254
vn -0.6314 0.0975 -0.7693
vn -0.0625 0.9951 -0.0761
vn -0.0625 -0.9951 -0.0761
vn -0.6314 -0.0975 -0.7693
vn -0.1850 0.9565 -0.2254
vn -0.6073 -0.2890 -0.7400
vn -0.3002 0.8810 -0.3658
vn -0.5601 -0.4696 -0.6825
vn -0.4036 0.7715 -0.4918
vn -0.4913 -0.6326 -0.5987
vn -0.4913 0.6326 -0.5987
vn -0.4036 -0.7715 -0.4918
vn -0.5601 0.4696 -0.6825
vn -0.4162 -0.4696 -0.7786
vn -0.2999 0.7715 -0.5611
vn -0.3651 -0.6326 -0.6831
vn -0.3651 0.6326 -0.6831
vn -0.2999 -0.7715 -0.5611
vn -0.4162 0.4696 -0.7786
vn -0.2230 -0.8810 -0.4173
vn -0.4513 0.2890 -0.8443
vn -0.1374 -0.9565 -0.2571
vn -0.4691 0.0975 -0.8777
vn -0.0464 0.9951 -0.0869
vn -0.0464 -0.9951 -0.0869
vn -0.4691 -0.0975 -0.8777
vn -0.1374 0.9565 -0.2571
vn -0.4513 -0.2890 -0.8443
vn -0.2231 0.8810 -0.4173
vn -0.0846 -0.9565 -0.2790
vn -0.2889 0.0975 -0.9524
vn -0.0286 0.9951 -0.0942
vn -0.0286 -0.9951 -0.0942
vn -0.2889 -0.0975 -0.9524
vn -0.0846 0.9565 -0.2790
vn -0.2779 -0.2890 -0.9161
vn -0.1374 0.8810 -0.4528
vn -0.2563 -0.4696 -0.8448
vn -0.1847 0.7715 -0.6088
vn -0.2248 -0.6326 -0.7412
vn -0.2248 0.6326 -0.7412
vn -0.1847 -0.7715 -0.6088
vn -0.2563 0.4696 -0.8448
vn -0.1374 -0.8810 -0.4528
vn -0.2779 0.2890 -0.9161
vn -0.0624 0.7715 -0.6332
vn -0.0759 -0.6326 -0.7708
vn -0.0759 0.6326 -0.7708
vn -0.0624 -0.7715 -0.6332
vn -0.0865 0.4696 -0.8786
vn -0.0464 -0.8810 -0.4709
vn -0.0938 0.2890 -0.9527
vn -0.0286 -0.9565 -0.2902
vn -0.0976 0.0975 -0.9904
vn -0.0097 0.9951 -0.0980
vn -0.0097 -0.9951 -0.0980
vn -0.0976 -0.0975 -0.9904
vn -0.0286 0.9565 -0.2902
vn -0.0938 -0.2890 -0.9527
vn -0.0464 0.8810 -0.4709
vn -0.0865 -0.4696 -0.8786
vn 0.0286 -0.9566 -0.2902
vn 0.0976 0.0976 -0.9904
vn 0.0846 -0.9566 -0.2790
vn 0.2889 0.0976 -0.9524
vn 0.2230 -0.8810 -0.4173
vn 0.1374 -0.9566 -0.2571
vn 0.4691 0.0975 -0.8777
vn 0.6314 -0.0976 -0.7693
vn 0.2254 -0.9566 -0.1850
vn 0.7693 -0.0976 -0.6314
vn 0.8777 0.0976 -0.4691
vn 0.2571 0.9566 -0.1374
vn 0.4173 0.8810 -0.2231
vn 0.2790 -0.9566 -0.0846
vn 0.9524 -0.0976 -0.2889
vn 0.2902 -0.9566 0.0286
vn 0.9904 0.0975 0.0976
vn 0.2571 -0.9566 0.1374
vn 0.8777 -0.0976 0.4691
vn 0.4173 0.8810 0.2230
vn 0.2254 -0.9566 0.1850
vn 0.1850 -0.9566 0.2254
vn 0.2231 0.8810 0.4173
vn 0.2231 -0.8810 0.4173
vn 0.1374 -0.9566 0.2571
vn 0.2563 0.4696 0.8449
vn 0.1373 -0.8810 0.4528
vn 0.0846 -0.9566 0.2790
vn 0.0975 -0.0976 0.9904
vn -0.0975 0.0975 0.9904
vn -0.0975 -0.0975 0.9904
vn -0.2563 0.4696 0.8449
vn -0.0846 -0.9566 0.2790
vn -0.2230 -0.8810 0.4173
vn -0.1374 -0.9566 0.2571
vn -0.4692 0.0975 0.8777
vn -0.2231 0.8810 0.4173
vn -0.1850 -0.9566 0.2254
vn -0.6314 -0.0976 0.7693
vn -0.2254 -0.9566 0.1850
vn -0.2571 -0.9566 0.1374
vn -0.8777 0.0976 0.4691
vn -0.2571 0.9566 0.1374
vn -0.4173 0.8810 0.2230
vn -0.2790 -0.9566 0.0846
vn -0.2902 -0.9566 0.0286
vn -0.9904 0.0975 0.0976
vn -0.9904 0.0975 -0.0976
vn -0.2902 -0.9566 -0.0286
vn -0.2790 -0.9566 -0.0846
vn -0.8777 -0.0975 -0.4692
vn -0.2571 0.9566 -0.1374
vn -0.4173 -0.8810 -0.2230
vn -0.2572 -0.9565 -0.1375
vn -0.0976 0.0976 -0.9904
vn -0.0976 -0.0976 -0.9904
vn -0.0846 -0.9566 -0.2790
vn -0.2889 -0.0976 -0.9524
vn -0.0846 0.9566 -0.2790
vn -0.4691 -0.0976 -0.8777
vn -0.2231 -0.8810 -0.4173
vn -0.4691 0.0976 -0.8777
vn -0.6314 0.0976 -0.7693
vn -0.6314 -0.0976 -0.7693
vn -0.2254 0.9566 -0.1850
vn -0.2254 -0.9566 -0.1850
vn -0.8777 0.0976 -0.4691
vn -0.4173 0.8810 -0.2230
vn -0.9904 0.0976 -0.0975
vn -0.9904 -0.0976 -0.0975
vn -0.2254 0.9566 0.1850
vn -0.1850 0.9566 0.2254
vn -0.4692 -0.0976 0.8777
vn -0.1374 0.9566 0.2571
vn -0.4692 0.0976 0.8777
vn -0.2563 -0.4696 0.8449
vn -0.0975 -0.0976 0.9904
vn -0.0975 0.0976 0.9904
vn 0.0975 0.0976 0.9904
vn 0.2889 0.0976 0.9524
vn 0.2889 -0.0976 0.9524
vn 0.1850 0.9566 0.2254
vn 0.7693 0.0976 0.6314
vn 0.7693 -0.0976 0.6314
vn 0.2902 0.9566 0.0286
vn 0.9904 0.0975 -0.0976
vn 0.2902 0.9566 -0.0286
vn 0.2902 -0.9566 -0.0286
vn 0.2571 -0.9566 -0.1374
vn 0.2254 0.9566 -0.1850
vn 0.1850 -0.9566 -0.2254
vn 0.4691 -0.0975 -0.8777
vn 0.2231 0.8810 -0.4173
vn 0.2563 -0.4696 -0.8449
vn 0.0976 0.0975 -0.9904
vn 0.0976 -0.0975 -0.9904
vn 0.0975 0.0975 -0.9904
vn 0.0975 -0.0976 -0.9904
vn 0.9904 -0.0975 -0.0975
vn 0.9904 -0.0975 0.0975
vn -0.9904 -0.0975 -0.0975
vn -0.2230 0.8810 -0.4173
vn 0.0976 -0.0976 -0.9904
vn 0.2889 -0.0976 -0.9524
vn 0.0846 0.9566 -0.2790
vn 0.1374 0.9566 -0.2571
vn 0.6314 0.0976 -0.7693
vn 0.7693 0.0976 -0.6314
vn 0.4173 -0.8810 -0.2231
vn 0.8777 -0.0976 -0.4691
vn 0.9524 0.0976 -0.2889
vn 0.2790 0.9566 -0.0846
vn 0.4173 -0.8810 0.2230
vn 0.8777 0.0976 0.4691
vn 0.2571 0.9566 0.1374
vn 0.2254 0.9566 0.1850
vn 0.1374 0.9566 0.2571
vn 0.0846 0.9566 0.2790
vn 0.2563 -0.4696 0.8449
vn -0.0846 0.9566 0.2790
vn -0.4692 -0.0975 0.8777
vn -0.6314 0.0976 0.7693
vn -0.4173 -0.8810 0.2230
vn -0.8777 -0.0976 0.4691
vn -0.2790 0.9566 0.0846
vn -0.9904 -0.0975 0.0976
vn -0.2902 0.9566 0.0286
vn -0.2902 0.9566 -0.0286
vn -0.2790 0.9566 -0.0846
vn -0.2572 0.9565 -0.1375
vn -0.2571 -0.9566 -0.1374
vn -0.8777 0.0975 -0.4692
vn -0.0975 0.0975 -0.9904
vn -0.0975 -0.0975 -0.9904
vn -0.2889 0.0976 -0.9524
vn -0.1374 -0.9566 -0.2571
vn -0.9524 0.0976 -0.2889
vn -0.9524 -0.0976 -0.2889
vn -0.9524 0.0976 0.2889
vn -0.9524 -0.0976 0.2889
vn -0.8777 0.0975 0.4692
vn -0.8777 -0.0975 0.4692
vn -0.7693 0.0976 0.6314
vn -0.7693 -0.0976 0.6314
vn -0.4691 -0.0976 0.8777
vn -0.4691 0.0976 0.8777
vn -0.2889 0.0976 0.9524
vn -0.2889 -0.0976 0.9524
vn -0.0286 -0.9566 0.2902
vn 0.6314 -0.0976 0.7693
vt 0.371152 0.740662
vt 0.353487 0.664034
vt 0.376685 0.735006
vt 0.381836 0.729484
vt 0.389548 0.729416
vt 0.397516 0.729205
vt 0.400586 0.721973
vt 0.403252 0.715043
vt 0.410533 0.712211
vt 0.417933 0.709170
vt 0.418170 0.701334
vt 0.418081 0.693926
vt 0.423936 0.688777
vt 0.429789 0.683350
vt 0.427203 0.675919
vt 0.424431 0.668935
vt 0.428133 0.662213
vt 0.431704 0.655135
vt 0.426634 0.649040
vt 0.421517 0.643321
vt 0.422649 0.635894
vt 0.423500 0.628072
vt 0.416577 0.624097
vt 0.409715 0.620395
vt 0.408138 0.613156
vt 0.406146 0.605575
vt 0.398253 0.604274
vt 0.390522 0.603149
vt 0.386367 0.596996
vt 0.381751 0.590638
vt 0.373939 0.592222
vt 0.366409 0.593889
vt 0.360149 0.589664
vt 0.353487 0.585396
vt 0.122054 0.592765
vt 0.102989 0.602298
vt 0.102989 0.592765
vt 0.236449 0.592765
vt 0.255514 0.602298
vt 0.236449 0.602298
vt 0.083923 0.602298
vt 0.083923 0.592765
vt 0.217383 0.592765
vt 0.217383 0.602298
vt 0.064857 0.602298
vt 0.064857 0.592765
vt 0.198317 0.592765
vt 0.198317 0.602298
vt 0.045792 0.602298
vt 0.045792 0.592765
vt 0.179252 0.592765
vt 0.179252 0.602298
vt 0.026726 0.602298
vt 0.026726 0.592765
vt 0.160186 0.602298
vt 0.160186 0.592765
vt 0.293646 0.592765
vt 0.312712 0.597532
vt 0.293646 0.602298
vt 0.007660 0.597532
vt 0.141120 0.592765
vt 0.141120 0.602298
vt 0.274580 0.592765
vt 0.274580 0.602298
vt 0.122054 0.602298
vt 0.255514 0.592765
vt 0.122054 0.611831
vt 0.255515 0.611831
vt 0.102989 0.611831
vt 0.236449 0.611831
vt 0.083923 0.611831
vt 0.217383 0.611831
vt 0.064857 0.611831
vt 0.198317 0.611831
vt 0.045792 0.611831
vt 0.179252 0.611831
vt 0.026726 0.611831
vt 0.160186 0.611831
vt 0.312712 0.607065
vt 0.293646 0.611831
vt 0.007660 0.607065
vt 0.141120 0.611831
vt 0.274580 0.611831
vt 0.045792 0.621364
vt 0.198317 0.621364
vt 0.179252 0.621364
vt 0.026726 0.621364
vt 0.160186 0.621364
vt 0.312712 0.616597
vt 0.293646 0.621364
vt 0.007660 0.616597
vt 0.141120 0.621364
vt 0.274580 0.621364
vt 0.122054 0.621364
vt 0.255514 0.621364
vt 0.102989 0.621364
vt 0.236449 0.621364
vt 0.083923 0.621364
vt 0.217383 0.621364
vt 0.064857 0.621364
vt 0.255515 0.630897
vt 0.122054 0.630897
vt 0.102989 0.630897
vt 0.236449 0.630897
vt 0.083923 0.630897
vt 0.217383 0.630897
vt 0.064857 0.630897
vt 0.198317 0.630897
vt 0.045792 0.630897
vt 0.179252 0.630897
vt 0.026726 0.630897
vt 0.160186 0.630897
vt 0.312712 0.626130
vt 0.293646 0.630897
vt 0.007660 0.626130
vt 0.141120 0.630897
vt 0.274580 0.630897
vt 0.198317 0.640430
vt 0.179252 0.640430
vt 0.026726 0.640430
vt 0.160186 0.640430
vt 0.312712 0.635663
vt 0.293646 0.640430
vt 0.007660 0.635663
vt 0.141120 0.640430
vt 0.274580 0.640430
vt 0.122054 0.640430
vt 0.255514 0.640430
vt 0.102989 0.640430
vt 0.236449 0.640430
vt 0.083923 0.640430
vt 0.217383 0.640430
vt 0.064857 0.640430
vt 0.045792 0.640430
vt 0.122054 0.649962
vt 0.102989 0.649962
vt 0.236449 0.649962
vt 0.083923 0.649962
vt 0.217383 0.649962
vt 0.064857 0.649962
vt 0.198317 0.649962
vt 0.045792 0.649962
vt 0.179252 0.649962
vt 0.026726 0.649962
vt 0.160186 0.649962
vt 0.312712 0.645196
vt 0.293646 0.649962
vt 0.007660 0.645196
vt 0.141120 0.649962
vt 0.274580 0.649962
vt 0.255514 0.649962
vt 0.026726 0.659495
vt 0.179252 0.659495
vt 0.160186 0.659495
vt 0.312712 0.654729
vt 0.293646 0.659495
vt 0.007660 0.654729
vt 0.141120 0.659495
vt 0.274580 0.659495
vt 0.122055 0.659495
vt 0.255515 0.659495
vt 0.102989 0.659495
vt 0.236449 0.659495
vt 0.083923 0.659495
vt 0.217383 0.659495
vt 0.064857 0.659495
vt 0.198317 0.659495
vt 0.045792 0.659495
vt 0.236449 0.669028
vt 0.083923 0.669028
vt 0.217383 0.669028
vt 0.064857 0.669028
vt 0.198317 0.669028
vt 0.045792 0.669028
vt 0.179252 0.669028
vt 0.026726 0.669028
vt 0.160186 0.669028
vt 0.312712 0.664262
vt 0.293646 0.669028
vt 0.007660 0.664262
vt 0.141120 0.669028
vt 0.274580 0.669028
vt 0.122055 0.669028
vt 0.255514 0.669028
vt 0.102989 0.669028
vt 0.179252 0.678561
vt 0.160186 0.678561
vt 0.312712 0.673795
vt 0.293646 0.678561
vt 0.007660 0.673795
vt 0.026726 0.678561
vt 0.141120 0.678561
vt 0.274580 0.678561
vt 0.122055 0.678561
vt 0.255514 0.678561
vt 0.102989 0.678561
vt 0.236449 0.678561
vt 0.083923 0.678561
vt 0.217383 0.678561
vt 0.064857 0.678561
vt 0.198317 0.678561
vt 0.045792 0.678561
vt 0.083923 0.688094
vt 0.236449 0.688094
vt 0.217383 0.688094
vt 0.064857 0.688094
vt 0.198317 0.688094
vt 0.045792 0.688094
vt 0.179252 0.688094
vt 0.026726 0.688094
vt 0.160186 0.688094
vt 0.312712 0.683327
vt 0.293646 0.688094
vt 0.007660 0.683327
vt 0.141120 0.688094
vt 0.274580 0.688094
vt 0.122055 0.688094
vt 0.255514 0.688094
vt 0.102989 0.688094
vt 0.007660 0.692860
vt 0.026726 0.697627
vt 0.141120 0.697627
vt 0.274580 0.697627
vt 0.122055 0.697627
vt 0.255515 0.697627
vt 0.102989 0.697627
vt 0.236449 0.697627
vt 0.083923 0.697627
vt 0.217383 0.697627
vt 0.064857 0.697627
vt 0.198317 0.697627
vt 0.045792 0.697627
vt 0.179252 0.697627
vt 0.160186 0.697627
vt 0.312712 0.692860
vt 0.293646 0.697627
vt 0.083923 0.707160
vt 0.064857 0.707160
vt 0.198317 0.707160
vt 0.045792 0.707160
vt 0.179252 0.707160
vt 0.026726 0.707160
vt 0.160186 0.707160
vt 0.312712 0.702393
vt 0.293646 0.707160
vt 0.007660 0.702393
vt 0.141120 0.707160
vt 0.274580 0.707160
vt 0.122055 0.707160
vt 0.255514 0.707160
vt 0.102989 0.707160
vt 0.236449 0.707160
vt 0.217383 0.707160
vt 0.274580 0.716692
vt 0.122055 0.716692
vt 0.255514 0.716692
vt 0.102989 0.716692
vt 0.236449 0.716692
vt 0.083923 0.716692
vt 0.217383 0.716692
vt 0.064857 0.716692
vt 0.198317 0.716692
vt 0.045792 0.716692
vt 0.179252 0.716692
vt 0.026726 0.716692
vt 0.160186 0.716692
vt 0.312712 0.711926
vt 0.293646 0.716692
vt 0.007660 0.711926
vt 0.141120 0.716692
vt 0.198317 0.726225
vt 0.045792 0.726225
vt 0.179252 0.726225
vt 0.026726 0.726225
vt 0.160186 0.726225
vt 0.312712 0.721459
vt 0.293646 0.726225
vt 0.007660 0.721459
vt 0.141120 0.726225
vt 0.274580 0.726225
vt 0.122055 0.726225
vt 0.255514 0.726225
vt 0.102989 0.726225
vt 0.236449 0.726225
vt 0.083923 0.726225
vt 0.217383 0.726225
vt 0.064857 0.726225
vt 0.122055 0.735758
vt 0.255514 0.735758
vt 0.102989 0.735758
vt 0.236449 0.735758
vt 0.083923 0.735758
vt 0.217383 0.735758
vt 0.064857 0.735758
vt 0.198317 0.735758
vt 0.045792 0.735758
vt 0.179252 0.735758
vt 0.026726 0.735758
vt 0.160186 0.735758
vt 0.312712 0.730992
vt 0.293646 0.735758
vt 0.007660 0.730992
vt 0.141120 0.735758
vt 0.274580 0.735758
vt 0.045792 0.745291
vt 0.198317 0.745291
vt 0.179252 0.745291
vt 0.026726 0.745291
vt 0.160186 0.745291
vt 0.312712 0.740524
vt 0.293646 0.745291
vt 0.007660 0.740524
vt 0.141120 0.745291
vt 0.274580 0.745291
vt 0.122055 0.745291
vt 0.255514 0.745291
vt 0.102989 0.745291
vt 0.236449 0.745291
vt 0.083923 0.745291
vt 0.217383 0.745291
vt 0.064857 0.745291
vt 0.274580 0.754824
vt 0.255514 0.754824
vt 0.122055 0.754824
vt 0.102989 0.754824
vt 0.236449 0.754824
vt 0.083923 0.754824
vt 0.217383 0.754824
vt 0.064857 0.754824
vt 0.198317 0.754824
vt 0.045792 0.754824
vt 0.179252 0.754824
vt 0.026726 0.754824
vt 0.160186 0.754824
vt 0.312712 0.750057
vt 0.293646 0.754824
vt 0.007660 0.750057
vt 0.141120 0.754824
vt 0.198317 0.764357
vt 0.179252 0.764357
vt 0.026726 0.764357
vt 0.160186 0.764357
vt 0.312712 0.759590
vt 0.293646 0.764357
vt 0.007660 0.759590
vt 0.141120 0.764357
vt 0.274580 0.764357
vt 0.122055 0.764357
vt 0.255515 0.764356
vt 0.102989 0.764357
vt 0.236449 0.764357
vt 0.083923 0.764357
vt 0.217383 0.764357
vt 0.064857 0.764357
vt 0.045792 0.764357
vt 0.122055 0.773889
vt 0.102989 0.773889
vt 0.236449 0.773889
vt 0.083923 0.773889
vt 0.217383 0.773889
vt 0.064857 0.773889
vt 0.198317 0.773889
vt 0.045792 0.773889
vt 0.179252 0.773889
vt 0.026726 0.773889
vt 0.160186 0.773889
vt 0.312712 0.769123
vt 0.293646 0.773889
vt 0.007660 0.769123
vt 0.141120 0.773889
vt 0.274580 0.773889
vt 0.255514 0.773889
vt 0.045792 0.783422
vt 0.026726 0.783422
vt 0.179252 0.783422
vt 0.160186 0.783422
vt 0.312712 0.778656
vt 0.293646 0.783422
vt 0.007660 0.778656
vt 0.141120 0.783422
vt 0.274580 0.783422
vt 0.122055 0.783422
vt 0.255514 0.783422
vt 0.102989 0.783422
vt 0.236449 0.783422
vt 0.083923 0.783422
vt 0.217383 0.783422
vt 0.064857 0.783422
vt 0.198317 0.783422
vt 0.083923 0.792955
vt 0.236449 0.792955
vt 0.217383 0.792955
vt 0.064857 0.792955
vt 0.198317 0.792955
vt 0.045792 0.792955
vt 0.179252 0.792955
vt 0.026726 0.792955
vt 0.160186 0.792955
vt 0.312712 0.788189
vt 0.293646 0.792955
vt 0.007660 0.788189
vt 0.141120 0.792955
vt 0.274580 0.792955
vt 0.122055 0.792955
vt 0.255514 0.792955
vt 0.102989 0.792955
vt 0.312712 0.797722
vt 0.293646 0.802488
vt 0.007660 0.797722
vt 0.026726 0.802488
vt 0.141120 0.802488
vt 0.274580 0.802488
vt 0.122055 0.802488
vt 0.255514 0.802488
vt 0.102989 0.802488
vt 0.236449 0.802488
vt 0.083923 0.802488
vt 0.217383 0.802488
vt 0.064857 0.802488
vt 0.198317 0.802488
vt 0.045792 0.802488
vt 0.179252 0.802488
vt 0.160186 0.802488
vt 0.236449 0.812021
vt 0.217383 0.812021
vt 0.083923 0.812021
vt 0.064857 0.812021
vt 0.198317 0.812021
vt 0.045792 0.812021
vt 0.179252 0.812021
vt 0.026726 0.812021
vt 0.160186 0.812021
vt 0.312712 0.807254
vt 0.293646 0.812021
vt 0.007660 0.807254
vt 0.141120 0.812021
vt 0.274580 0.812021
vt 0.122055 0.812021
vt 0.255515 0.812021
vt 0.102989 0.812021
vt 0.141120 0.821554
vt 0.274580 0.821554
vt 0.122055 0.821554
vt 0.255514 0.821554
vt 0.102989 0.821554
vt 0.236449 0.821554
vt 0.083923 0.821554
vt 0.217383 0.821554
vt 0.064857 0.821554
vt 0.198317 0.821554
vt 0.045792 0.821554
vt 0.179252 0.821554
vt 0.026726 0.821554
vt 0.160186 0.821554
vt 0.312712 0.816787
vt 0.293646 0.821554
vt 0.007660 0.816787
vt 0.064857 0.516502
vt 0.083923 0.526035
vt 0.064857 0.526035
vt 0.217383 0.516502
vt 0.198317 0.526035
vt 0.198317 0.516502
vt 0.045792 0.526035
vt 0.045792 0.516502
vt 0.179252 0.516502
vt 0.179252 0.526035
vt 0.026726 0.526035
vt 0.026726 0.516502
vt 0.160186 0.516502
vt 0.160186 0.526035
vt 0.293646 0.516502
vt 0.312712 0.521269
vt 0.293646 0.526035
vt 0.007660 0.521269
vt 0.141120 0.526035
vt 0.141120 0.516502
vt 0.274580 0.526035
vt 0.274580 0.516502
vt 0.122054 0.526035
vt 0.122054 0.516502
vt 0.255514 0.516502
vt 0.255514 0.526035
vt 0.102989 0.516502
vt 0.102989 0.526035
vt 0.236449 0.526035
vt 0.236449 0.516502
vt 0.083923 0.516502
vt 0.217383 0.526035
vt 0.274580 0.535568
vt 0.122054 0.535568
vt 0.255514 0.535568
vt 0.102989 0.535568
vt 0.236449 0.535568
vt 0.083923 0.535568
vt 0.217383 0.535568
vt 0.064857 0.535568
vt 0.198317 0.535568
vt 0.045792 0.535568
vt 0.179252 0.535568
vt 0.026726 0.535568
vt 0.160186 0.535568
vt 0.312712 0.530802
vt 0.293646 0.535568
vt 0.007660 0.530802
vt 0.141120 0.535568
vt 0.198317 0.545101
vt 0.045792 0.545101
vt 0.179252 0.545101
vt 0.026726 0.545101
vt 0.160186 0.545101
vt 0.312712 0.540335
vt 0.293646 0.545101
vt 0.007660 0.540335
vt 0.141120 0.545101
vt 0.274580 0.545101
vt 0.122054 0.545101
vt 0.255515 0.545101
vt 0.102989 0.545101
vt 0.236449 0.545101
vt 0.083923 0.545101
vt 0.217383 0.545101
vt 0.064857 0.545101
vt 0.122054 0.554634
vt 0.274580 0.554634
vt 0.255514 0.554634
vt 0.102989 0.554634
vt 0.236449 0.554634
vt 0.083923 0.554634
vt 0.217383 0.554634
vt 0.064857 0.554634
vt 0.198317 0.554634
vt 0.045792 0.554634
vt 0.179252 0.554634
vt 0.026726 0.554634
vt 0.160186 0.554634
vt 0.312712 0.549868
vt 0.293646 0.554634
vt 0.007660 0.549868
vt 0.141120 0.554634
vt 0.045792 0.564167
vt 0.198317 0.564167
vt 0.179252 0.564167
vt 0.026726 0.564167
vt 0.160186 0.564167
vt 0.312712 0.559400
vt 0.293646 0.564167
vt 0.007660 0.559400
vt 0.141120 0.564167
vt 0.274580 0.564167
vt 0.122054 0.564167
vt 0.255515 0.564167
vt 0.102989 0.564167
vt 0.236449 0.564167
vt 0.083923 0.564167
vt 0.217383 0.564167
vt 0.064857 0.564167
vt 0.122054 0.573700
vt 0.102989 0.573700
vt 0.236449 0.573700
vt 0.083923 0.573700
vt 0.217383 0.573700
vt 0.064857 0.573700
vt 0.198317 0.573700
vt 0.045792 0.573700
vt 0.179252 0.573700
vt 0.026726 0.573700
vt 0.160186 0.573700
vt 0.312712 0.568933
vt 0.293646 0.573700
vt 0.007660 0.568933
vt 0.141120 0.573700
vt 0.274580 0.573700
vt 0.255515 0.573700
vt 0.045792 0.583233
vt 0.026726 0.583232
vt 0.179252 0.583232
vt 0.160186 0.583232
vt 0.312712 0.578466
vt 0.293646 0.583232
vt 0.007660 0.578466
vt 0.141120 0.583232
vt 0.274580 0.583232
vt 0.122054 0.583233
vt 0.255515 0.583232
vt 0.102989 0.583232
vt 0.236449 0.583233
vt 0.083923 0.583232
vt 0.217383 0.583232
vt 0.064857 0.583232
vt 0.198317 0.583233
vt 0.312712 0.587999
vt 0.007660 0.587999
vt 0.191985 0.376750
vt 0.161190 0.361353
vt 0.191985 0.361353
vt 0.407544 0.376750
vt 0.438339 0.361353
vt 0.438339 0.376750
vt 0.222779 0.376750
vt 0.222779 0.361353
vt 0.469133 0.361353
vt 0.469133 0.376750
vt 0.253573 0.361353
vt 0.253573 0.376750
vt 0.038013 0.376750
vt 0.007219 0.369051
vt 0.038013 0.361353
vt 0.499927 0.369051
vt 0.284367 0.376750
vt 0.284367 0.361353
vt 0.068808 0.376750
vt 0.068808 0.361353
vt 0.315162 0.361353
vt 0.315162 0.376750
vt 0.099602 0.376750
vt 0.099602 0.361353
vt 0.345956 0.361353
vt 0.345956 0.376750
vt 0.130396 0.376750
vt 0.130396 0.361353
vt 0.376750 0.376750
vt 0.376750 0.361353
vt 0.161190 0.376750
vt 0.407544 0.361353
vt 0.376750 0.345956
vt 0.130396 0.345956
vt 0.161190 0.345956
vt 0.407544 0.345956
vt 0.191985 0.345956
vt 0.438339 0.345956
vt 0.222779 0.345956
vt 0.469133 0.345956
vt 0.253573 0.345956
vt 0.007219 0.353654
vt 0.038013 0.345956
vt 0.499927 0.353654
vt 0.284367 0.345956
vt 0.068808 0.345956
vt 0.315162 0.345956
vt 0.099602 0.345956
vt 0.345956 0.345956
vt 0.499927 0.338257
vt 0.469133 0.330559
vt 0.284367 0.330559
vt 0.038013 0.330559
vt 0.068808 0.330559
vt 0.315162 0.330559
vt 0.099602 0.330559
vt 0.345956 0.330559
vt 0.130396 0.330559
vt 0.376750 0.330559
vt 0.161190 0.330559
vt 0.407544 0.330559
vt 0.191985 0.330559
vt 0.438339 0.330559
vt 0.222779 0.330559
vt 0.253573 0.330559
vt 0.007219 0.338257
vt 0.407544 0.315161
vt 0.161190 0.315162
vt 0.191985 0.315162
vt 0.438339 0.315161
vt 0.222779 0.315162
vt 0.469133 0.315161
vt 0.253573 0.315162
vt 0.007219 0.322860
vt 0.038013 0.315162
vt 0.499927 0.322860
vt 0.284367 0.315162
vt 0.068808 0.315162
vt 0.315162 0.315162
vt 0.099602 0.315162
vt 0.345956 0.315162
vt 0.130396 0.315162
vt 0.376750 0.315161
vt 0.038013 0.299764
vt 0.068808 0.299764
vt 0.284367 0.299764
vt 0.315162 0.299764
vt 0.099602 0.299764
vt 0.345956 0.299764
vt 0.130396 0.299764
vt 0.376750 0.299764
vt 0.161190 0.299764
vt 0.407544 0.299764
vt 0.191985 0.299764
vt 0.438339 0.299764
vt 0.222779 0.299764
vt 0.469133 0.299764
vt 0.253573 0.299764
vt 0.007219 0.307463
vt 0.499927 0.307463
vt 0.191985 0.284367
vt 0.407544 0.284367
vt 0.438339 0.284367
vt 0.222779 0.284367
vt 0.469133 0.284367
vt 0.253573 0.284367
vt 0.007219 0.292066
vt 0.038013 0.284367
vt 0.499927 0.292066
vt 0.284367 0.284367
vt 0.068808 0.284367
vt 0.315162 0.284367
vt 0.099602 0.284367
vt 0.345956 0.284367
vt 0.130396 0.284367
vt 0.376750 0.284367
vt 0.161190 0.284367
vt 0.315162 0.268970
vt 0.099602 0.268970
vt 0.345956 0.268970
vt 0.130396 0.268970
vt 0.376750 0.268970
vt 0.161190 0.268970
vt 0.407544 0.268970
vt 0.191985 0.268970
vt 0.438339 0.268970
vt 0.222779 0.268970
vt 0.469133 0.268970
vt 0.253573 0.268970
vt 0.007219 0.276669
vt 0.038013 0.268970
vt 0.499927 0.276669
vt 0.284367 0.268970
vt 0.068808 0.268970
vt 0.407544 0.253573
vt 0.438339 0.253573
vt 0.222779 0.253573
vt 0.469133 0.253573
vt 0.253573 0.253573
vt 0.007219 0.261272
vt 0.038013 0.253573
vt 0.499927 0.261272
vt 0.284367 0.253573
vt 0.068808 0.253573
vt 0.315162 0.253573
vt 0.099602 0.253573
vt 0.345956 0.253573
vt 0.130396 0.253573
vt 0.376750 0.253573
vt 0.161190 0.253573
vt 0.191985 0.253573
vt 0.068808 0.238176
vt 0.099602 0.238176
vt 0.315162 0.238176
vt 0.345956 0.238176
vt 0.130396 0.238176
vt 0.376750 0.238176
vt 0.161190 0.238176
vt 0.407544 0.238176
vt 0.191985 0.238176
vt 0.438339 0.238176
vt 0.222779 0.238176
vt 0.469133 0.238176
vt 0.253573 0.238176
vt 0.007219 0.245874
vt 0.038013 0.238176
vt 0.499927 0.245874
vt 0.284367 0.238176
vt 0.191985 0.222779
vt 0.222779 0.222779
vt 0.469133 0.222779
vt 0.253573 0.222779
vt 0.007219 0.230477
vt 0.038013 0.222779
vt 0.499927 0.230477
vt 0.284367 0.222779
vt 0.068808 0.222779
vt 0.315162 0.222779
vt 0.099602 0.222779
vt 0.345956 0.222779
vt 0.130396 0.222779
vt 0.376750 0.222779
vt 0.161190 0.222779
vt 0.407544 0.222779
vt 0.438339 0.222779
vt 0.315162 0.207382
vt 0.345956 0.207382
vt 0.130396 0.207382
vt 0.376750 0.207382
vt 0.161190 0.207382
vt 0.407544 0.207382
vt 0.191985 0.207382
vt 0.438339 0.207382
vt 0.222779 0.207382
vt 0.469133 0.207382
vt 0.253573 0.207382
vt 0.007219 0.215080
vt 0.038013 0.207382
vt 0.499927 0.215080
vt 0.284367 0.207382
vt 0.068808 0.207382
vt 0.099602 0.207382
vt 0.438339 0.191985
vt 0.469133 0.191985
vt 0.222779 0.191985
vt 0.253573 0.191985
vt 0.007219 0.199683
vt 0.038013 0.191985
vt 0.499927 0.199683
vt 0.284367 0.191985
vt 0.068808 0.191985
vt 0.315162 0.191985
vt 0.099602 0.191985
vt 0.345956 0.191985
vt 0.130396 0.191985
vt 0.376750 0.191985
vt 0.161190 0.191985
vt 0.407544 0.191985
vt 0.191985 0.191985
vt 0.345956 0.176587
vt 0.376750 0.176587
vt 0.161190 0.176587
vt 0.407544 0.176587
vt 0.191985 0.176587
vt 0.438339 0.176587
vt 0.222779 0.176587
vt 0.469133 0.176587
vt 0.253573 0.176587
vt 0.007219 0.184286
vt 0.038013 0.176587
vt 0.499927 0.184286
vt 0.284367 0.176587
vt 0.068808 0.176587
vt 0.315162 0.176587
vt 0.099602 0.176587
vt 0.130396 0.176587
vt 0.007219 0.168889
vt 0.038013 0.161190
vt 0.499927 0.168889
vt 0.469133 0.161190
vt 0.253573 0.161190
vt 0.284367 0.161190
vt 0.068808 0.161190
vt 0.315162 0.161190
vt 0.099602 0.161190
vt 0.345956 0.161190
vt 0.130396 0.161190
vt 0.376750 0.161190
vt 0.161190 0.161190
vt 0.407544 0.161190
vt 0.191985 0.161190
vt 0.438339 0.161190
vt 0.222779 0.161190
vt 0.130396 0.145793
vt 0.161190 0.145793
vt 0.376750 0.145793
vt 0.407544 0.145793
vt 0.191985 0.145793
vt 0.438339 0.145793
vt 0.222779 0.145793
vt 0.469133 0.145793
vt 0.253573 0.145793
vt 0.007219 0.153492
vt 0.038013 0.145793
vt 0.499927 0.153492
vt 0.284367 0.145793
vt 0.068808 0.145793
vt 0.315162 0.145793
vt 0.099602 0.145793
vt 0.345956 0.145793
vt 0.284367 0.130396
vt 0.038013 0.130396
vt 0.068808 0.130396
vt 0.315162 0.130396
vt 0.099602 0.130396
vt 0.345956 0.130396
vt 0.130396 0.130396
vt 0.376750 0.130396
vt 0.161190 0.130396
vt 0.407544 0.130396
vt 0.191985 0.130396
vt 0.438339 0.130396
vt 0.222779 0.130396
vt 0.469133 0.130396
vt 0.253573 0.130396
vt 0.007219 0.138095
vt 0.499927 0.138095
vt 0.376750 0.114999
vt 0.407544 0.114999
vt 0.161190 0.114999
vt 0.191985 0.114999
vt 0.438339 0.114999
vt 0.222779 0.114999
vt 0.469133 0.114999
vt 0.253573 0.114999
vt 0.007219 0.122697
vt 0.038013 0.114999
vt 0.499927 0.122697
vt 0.284367 0.114999
vt 0.068808 0.114999
vt 0.315162 0.114999
vt 0.099602 0.114999
vt 0.345956 0.114999
vt 0.130396 0.114999
vt 0.068808 0.099602
vt 0.315162 0.099602
vt 0.099602 0.099602
vt 0.345956 0.099602
vt 0.130396 0.099602
vt 0.376750 0.099602
vt 0.161190 0.099602
vt 0.407544 0.099602
vt 0.191985 0.099602
vt 0.438339 0.099602
vt 0.222779 0.099602
vt 0.469133 0.099602
vt 0.253573 0.099602
vt 0.007219 0.107300
vt 0.038013 0.099602
vt 0.499927 0.107300
vt 0.284367 0.099602
vt 0.191985 0.084205
vt 0.407544 0.084205
vt 0.438339 0.084205
vt 0.222779 0.084205
vt 0.469133 0.084205
vt 0.253573 0.084205
vt 0.007219 0.091903
vt 0.038013 0.084205
vt 0.499927 0.091903
vt 0.284367 0.084205
vt 0.068808 0.084205
vt 0.315162 0.084205
vt 0.099602 0.084205
vt 0.345956 0.084205
vt 0.130396 0.084205
vt 0.376750 0.084205
vt 0.161190 0.084205
vt 0.315162 0.068808
vt 0.099602 0.068808
vt 0.345956 0.068808
vt 0.130396 0.068808
vt 0.376750 0.068808
vt 0.161190 0.068808
vt 0.407544 0.068808
vt 0.191985 0.068808
vt 0.438339 0.068808
vt 0.222779 0.068808
vt 0.469133 0.068808
vt 0.253573 0.068808
vt 0.007219 0.076506
vt 0.038013 0.068808
vt 0.499927 0.076506
vt 0.284367 0.068808
vt 0.068808 0.068808
vt 0.438339 0.053410
vt 0.191985 0.053410
vt 0.222779 0.053410
vt 0.469133 0.053410
vt 0.253573 0.053410
vt 0.007219 0.061109
vt 0.038013 0.053410
vt 0.499927 0.061109
vt 0.284367 0.053410
vt 0.068808 0.053410
vt 0.315162 0.053410
vt 0.099602 0.053411
vt 0.345956 0.053410
vt 0.130396 0.053410
vt 0.376750 0.053410
vt 0.161190 0.053410
vt 0.407544 0.053410
vt 0.315162 0.038013
vt 0.345956 0.038013
vt 0.130396 0.038013
vt 0.376750 0.038013
vt 0.161190 0.038013
vt 0.407544 0.038013
vt 0.191985 0.038013
vt 0.438339 0.038013
vt 0.222779 0.038013
vt 0.469133 0.038013
vt 0.253573 0.038013
vt 0.007219 0.045712
vt 0.038013 0.038013
vt 0.499927 0.045712
vt 0.284367 0.038013
vt 0.068808 0.038013
vt 0.099602 0.038013
vt 0.438339 0.022616
vt 0.469133 0.022616
vt 0.253573 0.022616
vt 0.007219 0.030315
vt 0.038013 0.022616
vt 0.499927 0.030315
vt 0.284367 0.022616
vt 0.068808 0.022616
vt 0.315162 0.022616
vt 0.099602 0.022616
vt 0.345956 0.022616
vt 0.130396 0.022616
vt 0.376750 0.022616
vt 0.161190 0.022616
vt 0.407544 0.022616
vt 0.191985 0.022616
vt 0.222779 0.022616
vt 0.130396 0.007219
vt 0.376750 0.007219
vt 0.161190 0.007219
vt 0.407544 0.007219
vt 0.191985 0.007219
vt 0.438339 0.007219
vt 0.222779 0.007219
vt 0.469133 0.007219
vt 0.253573 0.007219
vt 0.007219 0.014918
vt 0.038013 0.007219
vt 0.499927 0.014918
vt 0.284367 0.007219
vt 0.068808 0.007219
vt 0.315162 0.007219
vt 0.099602 0.007219
vt 0.345956 0.007219
vt 0.253573 0.499927
vt 0.222779 0.484530
vt 0.253573 0.484530
vt 0.038013 0.499927
vt 0.007219 0.492228
vt 0.038013 0.484530
vt 0.499927 0.492228
vt 0.469133 0.499927
vt 0.469133 0.484530
vt 0.284367 0.484530
vt 0.284367 0.499927
vt 0.068808 0.499927
vt 0.068808 0.484530
vt 0.315162 0.484530
vt 0.315162 0.499927
vt 0.099602 0.499927
vt 0.099602 0.484530
vt 0.345956 0.499927
vt 0.345956 0.484530
vt 0.130396 0.499927
vt 0.130396 0.484530
vt 0.376750 0.499927
vt 0.376750 0.484530
vt 0.161190 0.484530
vt 0.161190 0.499927
vt 0.407544 0.484530
vt 0.407544 0.499927
vt 0.191985 0.484530
vt 0.191985 0.499927
vt 0.438339 0.484530
vt 0.438339 0.499927
vt 0.222779 0.499927
vt 0.376750 0.469133
vt 0.130396 0.469133
vt 0.161190 0.469133
vt 0.407544 0.469133
vt 0.191985 0.469133
vt 0.438339 0.469133
vt 0.222779 0.469133
vt 0.469133 0.469133
vt 0.253573 0.469133
vt 0.007219 0.476831
vt 0.038013 0.469133
vt 0.499927 0.476831
vt 0.284367 0.469133
vt 0.068808 0.469133
vt 0.315162 0.469133
vt 0.099602 0.469133
vt 0.345956 0.469133
vt 0.007219 0.461434
vt 0.038013 0.453736
vt 0.499927 0.461434
vt 0.469133 0.453736
vt 0.284367 0.453736
vt 0.068808 0.453736
vt 0.315162 0.453736
vt 0.099602 0.453736
vt 0.345956 0.453736
vt 0.130396 0.453736
vt 0.376750 0.453736
vt 0.161190 0.453736
vt 0.407544 0.453736
vt 0.191985 0.453736
vt 0.438339 0.453736
vt 0.222779 0.453736
vt 0.253573 0.453736
vt 0.130396 0.438339
vt 0.161190 0.438338
vt 0.376750 0.438339
vt 0.407544 0.438338
vt 0.191985 0.438339
vt 0.438339 0.438339
vt 0.222779 0.438338
vt 0.469133 0.438339
vt 0.253573 0.438338
vt 0.007219 0.446037
vt 0.038013 0.438339
vt 0.499927 0.446037
vt 0.284367 0.438338
vt 0.068808 0.438339
vt 0.315162 0.438339
vt 0.099602 0.438338
vt 0.345956 0.438338
vt 0.284367 0.422941
vt 0.068808 0.422941
vt 0.315162 0.422941
vt 0.099602 0.422941
vt 0.345956 0.422941
vt 0.130396 0.422941
vt 0.376750 0.422941
vt 0.161190 0.422941
vt 0.407544 0.422941
vt 0.191985 0.422941
vt 0.438339 0.422941
vt 0.222779 0.422941
vt 0.469133 0.422941
vt 0.253573 0.422941
vt 0.007219 0.430640
vt 0.038013 0.422941
vt 0.499927 0.430640
vt 0.376750 0.407544
vt 0.407544 0.407544
vt 0.191985 0.407544
vt 0.438339 0.407544
vt 0.222779 0.407544
vt 0.469133 0.407544
vt 0.253573 0.407544
vt 0.007219 0.415243
vt 0.038013 0.407544
vt 0.499927 0.415243
vt 0.284367 0.407544
vt 0.068808 0.407544
vt 0.315162 0.407544
vt 0.099602 0.407544
vt 0.345956 0.407544
vt 0.130396 0.407544
vt 0.161190 0.407544
vt 0.315162 0.392147
vt 0.068808 0.392147
vt 0.099602 0.392147
vt 0.345956 0.392147
vt 0.130396 0.392147
vt 0.376750 0.392147
vt 0.161190 0.392147
vt 0.407544 0.392147
vt 0.191985 0.392147
vt 0.438339 0.392147
vt 0.222779 0.392147
vt 0.469133 0.392147
vt 0.253573 0.392147
vt 0.007219 0.399846
vt 0.038013 0.392147
vt 0.499927 0.399846
vt 0.284367 0.392147
vt 0.007219 0.384449
vt 0.499927 0.384449
vt 0.680940 0.869820
vt 0.650145 0.854423
vt 0.650145 0.869820
vt 0.927293 0.854423
vt 0.896499 0.869820
vt 0.927293 0.869820
vt 0.711734 0.869820
vt 0.680940 0.854423
vt 0.958088 0.869820
vt 0.742528 0.854423
vt 0.742528 0.869820
vt 0.526968 0.869820
vt 0.526968 0.854423
vt 0.496174 0.862121
vt 0.988882 0.862121
vt 0.958088 0.854423
vt 0.773322 0.869820
vt 0.557763 0.854423
vt 0.557763 0.869820
vt 0.804116 0.854423
vt 0.804116 0.869820
vt 0.588557 0.869820
vt 0.834911 0.854423
vt 0.834911 0.869820
vt 0.619351 0.854423
vt 0.619351 0.869820
vt 0.865705 0.854423
vt 0.865705 0.869820
vt 0.896499 0.854423
vt 0.865705 0.839026
vt 0.619351 0.839026
vt 0.680940 0.839026
vt 0.896499 0.839026
vt 0.711734 0.854423
vt 0.927293 0.839026
vt 0.742528 0.839026
vt 0.526968 0.839026
vt 0.496174 0.846724
vt 0.988882 0.846724
vt 0.958088 0.839026
vt 0.773322 0.854423
vt 0.557763 0.839026
vt 0.804116 0.839026
vt 0.588557 0.839026
vt 0.588557 0.854423
vt 0.988882 0.831327
vt 0.958088 0.823628
vt 0.773322 0.839026
vt 0.742528 0.823628
vt 0.526968 0.823628
vt 0.804116 0.823628
vt 0.588557 0.823628
vt 0.834911 0.839026
vt 0.865705 0.823628
vt 0.650145 0.839026
vt 0.619351 0.823628
vt 0.896499 0.823628
vt 0.680940 0.823628
vt 0.711734 0.839026
vt 0.496174 0.831327
vt 0.896499 0.808231
vt 0.680940 0.808231
vt 0.650145 0.823628
vt 0.927293 0.823628
vt 0.711734 0.823628
vt 0.927293 0.808231
vt 0.742528 0.808231
vt 0.526968 0.808231
vt 0.496174 0.815930
vt 0.988882 0.815930
vt 0.958088 0.808231
vt 0.773322 0.823628
vt 0.557763 0.808231
vt 0.557763 0.823628
vt 0.804116 0.808231
vt 0.588557 0.808231
vt 0.834911 0.823628
vt 0.865705 0.808231
vt 0.619351 0.808231
vt 0.557763 0.792834
vt 0.804116 0.792834
vt 0.773322 0.808231
vt 0.834911 0.808231
vt 0.588557 0.792834
vt 0.834911 0.792834
vt 0.650145 0.792834
vt 0.650145 0.808231
vt 0.896499 0.792834
vt 0.680940 0.792834
vt 0.927293 0.792834
vt 0.711734 0.808231
vt 0.742528 0.792834
vt 0.526968 0.792834
vt 0.496174 0.800533
vt 0.988882 0.800533
vt 0.958088 0.792834
vt 0.650145 0.777437
vt 0.896499 0.777437
vt 0.711734 0.792834
vt 0.680940 0.777437
vt 0.927293 0.777437
vt 0.711734 0.777437
vt 0.526968 0.777437
vt 0.496174 0.785136
vt 0.988882 0.785136
vt 0.958088 0.777437
vt 0.773322 0.777437
vt 0.773322 0.792834
vt 0.557763 0.777437
vt 0.804116 0.777437
vt 0.588557 0.777437
vt 0.834911 0.777437
vt 0.619351 0.777437
vt 0.619351 0.792834
vt 0.865705 0.792834
vt 0.865705 0.777437
vt 0.773322 0.762040
vt 0.557763 0.762040
vt 0.834911 0.762040
vt 0.588557 0.762040
vt 0.865705 0.762040
vt 0.619351 0.762040
vt 0.896499 0.762040
vt 0.650145 0.762040
vt 0.927293 0.762040
vt 0.711734 0.762040
vt 0.958088 0.762040
vt 0.742528 0.762040
vt 0.742528 0.777437
vt 0.526968 0.762040
vt 0.496174 0.769739
vt 0.988882 0.769739
vt 0.896499 0.746643
vt 0.680940 0.746643
vt 0.680940 0.762040
vt 0.927293 0.746643
vt 0.742528 0.746643
vt 0.526968 0.746643
vt 0.496174 0.754341
vt 0.988882 0.754341
vt 0.958088 0.746643
vt 0.557763 0.746643
vt 0.804116 0.746643
vt 0.804116 0.762040
vt 0.588557 0.746643
vt 0.834911 0.746643
vt 0.619351 0.746643
vt 0.650145 0.746643
vt 0.865705 0.746643
vt 0.588557 0.731246
vt 0.804116 0.731246
vt 0.865705 0.731246
vt 0.619351 0.731246
vt 0.896499 0.731246
vt 0.680940 0.731246
vt 0.711734 0.731246
vt 0.711734 0.746643
vt 0.958088 0.731246
vt 0.742528 0.731246
vt 0.526968 0.731246
vt 0.496174 0.738944
vt 0.988882 0.738944
vt 0.773322 0.746643
vt 0.773322 0.731246
vt 0.680940 0.715849
vt 0.927293 0.715849
vt 0.927293 0.731246
vt 0.711734 0.715849
vt 0.526968 0.715849
vt 0.496174 0.723547
vt 0.988882 0.723547
vt 0.958088 0.715849
vt 0.773322 0.715849
vt 0.557763 0.715849
vt 0.557763 0.731246
vt 0.804116 0.715849
vt 0.588557 0.715849
vt 0.834911 0.731246
vt 0.619351 0.715849
vt 0.865705 0.715849
vt 0.650145 0.731246
vt 0.896499 0.715849
vt 0.834911 0.715849
vt 0.804116 0.700452
vt 0.588557 0.700452
vt 0.865705 0.700452
vt 0.650145 0.715849
vt 0.619351 0.700452
vt 0.896499 0.700452
vt 0.680940 0.700452
vt 0.927293 0.700452
vt 0.711734 0.700452
vt 0.742528 0.715849
vt 0.526968 0.700452
vt 0.496174 0.708150
vt 0.988882 0.708150
vt 0.958088 0.700452
vt 0.773322 0.700452
vt 0.557763 0.700452
vt 0.958088 0.685054
vt 0.742528 0.700452
vt 0.711734 0.685054
vt 0.526968 0.685054
vt 0.496174 0.692753
vt 0.988882 0.692753
vt 0.773322 0.685054
vt 0.588557 0.685054
vt 0.834911 0.685054
vt 0.834911 0.700452
vt 0.619351 0.685054
vt 0.865705 0.685054
vt 0.650145 0.700452
vt 0.650145 0.685054
vt 0.896499 0.685054
vt 0.865705 0.669657
vt 0.619351 0.669657
vt 0.896499 0.669657
vt 0.680940 0.669657
vt 0.680940 0.685054
vt 0.927293 0.669657
vt 0.927293 0.685054
vt 0.711734 0.669657
vt 0.958088 0.669657
vt 0.742528 0.685054
vt 0.526968 0.669657
vt 0.496174 0.677356
vt 0.988882 0.677356
vt 0.773322 0.669657
vt 0.557763 0.685055
vt 0.804116 0.685054
vt 0.557763 0.669657
vt 0.804116 0.669657
vt 0.588557 0.669657
vt 0.526968 0.654260
vt 0.496174 0.661959
vt 0.988882 0.661959
vt 0.958088 0.654260
vt 0.773322 0.654260
vt 0.742528 0.669657
vt 0.557763 0.654260
vt 0.834911 0.654260
vt 0.834911 0.669657
vt 0.588557 0.654260
vt 0.865705 0.654260
vt 0.650145 0.669657
vt 0.619351 0.654260
vt 0.896499 0.654260
vt 0.650145 0.654260
vt 0.927293 0.654260
vt 0.711734 0.654260
vt 0.650145 0.638863
vt 0.865705 0.638863
vt 0.680940 0.638863
vt 0.680940 0.654260
vt 0.896499 0.638863
vt 0.711734 0.638863
vt 0.927293 0.638863
vt 0.742528 0.654260
vt 0.526968 0.638863
vt 0.496174 0.646562
vt 0.988882 0.646562
vt 0.958088 0.638863
vt 0.773322 0.638863
vt 0.557763 0.638863
vt 0.804116 0.654260
vt 0.588557 0.638863
vt 0.804116 0.638863
vt 0.619351 0.638863
vt 0.834911 0.638863
vt 0.773322 0.623466
vt 0.742528 0.638863
vt 0.526968 0.623466
vt 0.804116 0.623466
vt 0.557763 0.623466
vt 0.619351 0.623466
vt 0.865705 0.623466
vt 0.680940 0.623466
vt 0.927293 0.623466
vt 0.958088 0.623466
vt 0.711734 0.623466
vt 0.496174 0.631165
vt 0.988882 0.631164
vt 0.896499 0.623466
vt 0.865705 0.608069
vt 0.680940 0.608069
vt 0.650145 0.623466
vt 0.927293 0.608069
vt 0.958088 0.608069
vt 0.742528 0.623466
vt 0.711734 0.608069
vt 0.526968 0.608069
vt 0.496174 0.615767
vt 0.988882 0.615767
vt 0.773322 0.608069
vt 0.557763 0.608069
vt 0.804116 0.608069
vt 0.588557 0.623466
vt 0.834911 0.623466
vt 0.619351 0.608069
vt 0.526968 0.592672
vt 0.804116 0.592672
vt 0.588557 0.592672
vt 0.588557 0.608069
vt 0.834911 0.608069
vt 0.619351 0.592672
vt 0.865705 0.592672
vt 0.650145 0.608069
vt 0.896499 0.608069
vt 0.680940 0.592672
vt 0.896499 0.592672
vt 0.958088 0.592672
vt 0.742528 0.592672
vt 0.742528 0.608069
vt 0.496174 0.600370
vt 0.988882 0.600370
vt 0.680940 0.577275
vt 0.650145 0.592672
vt 0.927293 0.577275
vt 0.927293 0.592672
vt 0.711734 0.592672
vt 0.711734 0.577275
vt 0.526968 0.577275
vt 0.496174 0.584973
vt 0.988882 0.584973
vt 0.958088 0.577275
vt 0.773322 0.577275
vt 0.773322 0.592672
vt 0.557763 0.577275
vt 0.557763 0.592672
vt 0.804116 0.577275
vt 0.834911 0.592672
vt 0.588557 0.577275
vt 0.865705 0.577275
vt 0.619351 0.577275
vt 0.896499 0.577275
vt 0.804116 0.561878
vt 0.588557 0.561878
vt 0.834911 0.577275
vt 0.834911 0.561877
vt 0.650145 0.561878
vt 0.650145 0.577275
vt 0.896499 0.561877
vt 0.680940 0.561878
vt 0.958088 0.561878
vt 0.742528 0.577275
vt 0.711734 0.561877
vt 0.526968 0.561878
vt 0.496174 0.569576
vt 0.988882 0.569576
vt 0.773322 0.561877
vt 0.927293 0.561878
vt 0.896499 0.546480
vt 0.680940 0.546481
vt 0.927293 0.546480
vt 0.742528 0.561877
vt 0.711734 0.546480
vt 0.526968 0.546481
vt 0.496174 0.554179
vt 0.988882 0.554179
vt 0.958088 0.546480
vt 0.773322 0.546480
vt 0.557763 0.546481
vt 0.557763 0.561878
vt 0.804116 0.546480
vt 0.588557 0.546481
vt 0.619351 0.561878
vt 0.865705 0.546480
vt 0.865705 0.561878
vt 0.619351 0.546481
vt 0.834911 0.546480
vt 0.804116 0.531083
vt 0.619351 0.531083
vt 0.834911 0.531083
vt 0.650145 0.531083
vt 0.650145 0.546481
vt 0.865705 0.531083
vt 0.680940 0.531083
vt 0.927293 0.531083
vt 0.958088 0.531083
vt 0.742528 0.546480
vt 0.711734 0.531083
vt 0.526968 0.531083
vt 0.496174 0.538782
vt 0.988882 0.538782
vt 0.773322 0.531083
vt 0.557763 0.531083
vt 0.927293 0.515686
vt 0.742528 0.531083
vt 0.711734 0.515686
vt 0.526968 0.515686
vt 0.496174 0.523385
vt 0.988882 0.523385
vt 0.958088 0.515686
vt 0.773322 0.515686
vt 0.557763 0.515686
vt 0.804116 0.515686
vt 0.588557 0.531083
vt 0.588557 0.515686
vt 0.865705 0.515686
vt 0.619351 0.515686
vt 0.896499 0.515686
vt 0.896499 0.531083
vt 0.680940 0.515686
vt 0.619351 0.500289
vt 0.865705 0.500289
vt 0.834911 0.515686
vt 0.650145 0.515686
vt 0.680940 0.500289
vt 0.927293 0.500289
vt 0.958088 0.500289
vt 0.742528 0.515686
vt 0.711734 0.500289
vt 0.526968 0.500289
vt 0.496174 0.507988
vt 0.988882 0.507988
vt 0.773322 0.500289
vt 0.804116 0.500289
vt 0.557763 0.500289
vt 0.742528 0.992997
vt 0.711734 0.977600
vt 0.711734 0.992997
vt 0.526968 0.992997
vt 0.526968 0.977600
vt 0.496174 0.985298
vt 0.988882 0.985298
vt 0.958088 0.977600
vt 0.958088 0.992997
vt 0.773322 0.977600
vt 0.773322 0.992997
vt 0.557763 0.977600
vt 0.557763 0.992997
vt 0.804116 0.977600
vt 0.804116 0.992997
vt 0.588557 0.992997
vt 0.834911 0.992997
vt 0.619351 0.977600
vt 0.619351 0.992997
vt 0.865705 0.977600
vt 0.865705 0.992997
vt 0.650145 0.992997
vt 0.896499 0.992997
vt 0.680940 0.977600
vt 0.680940 0.992997
vt 0.927293 0.977600
vt 0.927293 0.992997
vt 0.834911 0.962202
vt 0.834911 0.977600
vt 0.650145 0.962202
vt 0.650145 0.977600
vt 0.896499 0.977600
vt 0.865705 0.962202
vt 0.680940 0.962202
vt 0.927293 0.962202
vt 0.742528 0.977600
vt 0.711734 0.962202
vt 0.526968 0.962202
vt 0.496174 0.969901
vt 0.988882 0.969901
vt 0.958088 0.962202
vt 0.773322 0.962202
vt 0.557763 0.962202
vt 0.804116 0.962202
vt 0.588557 0.977600
vt 0.619351 0.962202
vt 0.526968 0.946805
vt 0.496174 0.954504
vt 0.988882 0.954504
vt 0.958088 0.946805
vt 0.773322 0.946805
vt 0.742528 0.962202
vt 0.804116 0.946805
vt 0.588557 0.962202
vt 0.557763 0.946805
vt 0.834911 0.946805
vt 0.588557 0.946805
vt 0.650145 0.946805
vt 0.896499 0.946805
vt 0.896499 0.962202
vt 0.927293 0.946805
vt 0.680940 0.946805
vt 0.711734 0.946805
vt 0.650145 0.931408
vt 0.619351 0.946805
vt 0.896499 0.931408
vt 0.865705 0.946805
vt 0.927293 0.931408
vt 0.680940 0.931408
vt 0.958088 0.931408
vt 0.742528 0.946805
vt 0.711734 0.931408
vt 0.526968 0.931408
vt 0.496174 0.939107
vt 0.988882 0.939107
vt 0.773322 0.931408
vt 0.804116 0.931408
vt 0.557763 0.931408
vt 0.834911 0.931408
vt 0.588557 0.931408
vt 0.773322 0.916011
vt 0.742528 0.931408
vt 0.557763 0.916011
vt 0.804116 0.916011
vt 0.588557 0.916011
vt 0.619351 0.916011
vt 0.619351 0.931408
vt 0.865705 0.931408
vt 0.834911 0.916011
vt 0.650145 0.916011
vt 0.865705 0.916011
vt 0.680940 0.916011
vt 0.896499 0.916011
vt 0.927293 0.916011
vt 0.711734 0.916011
vt 0.526968 0.916011
vt 0.496174 0.923710
vt 0.988882 0.923710
vt 0.958088 0.916011
vt 0.865705 0.900614
vt 0.680940 0.900614
vt 0.927293 0.900614
vt 0.958088 0.900614
vt 0.742528 0.916011
vt 0.711734 0.900614
vt 0.526968 0.900614
vt 0.496174 0.908312
vt 0.988882 0.908312
vt 0.773322 0.900614
vt 0.804116 0.900614
vt 0.557763 0.900614
vt 0.619351 0.900614
vt 0.804116 0.885217
vt 0.588557 0.900614
vt 0.557763 0.885217
vt 0.834911 0.900614
vt 0.619351 0.885217
vt 0.865705 0.885217
vt 0.650145 0.900614
vt 0.896499 0.900614
vt 0.680940 0.885217
vt 0.927293 0.885217
vt 0.958088 0.885217
vt 0.742528 0.900614
vt 0.711734 0.885217
vt 0.526968 0.885217
vt 0.496174 0.892915
vt 0.988882 0.892915
vt 0.773322 0.885217
vt 0.896499 0.885217
vt 0.742528 0.885217
vt 0.496174 0.877518
vt 0.988882 0.877518
vt 0.588557 0.885217
vt 0.834911 0.885217
vt 0.650145 0.885217
vt 0.588557 0.500289
vt 0.834911 0.500289
vt 0.650145 0.500289
vt 0.896499 0.500289
vt 0.742528 0.500289
s 0
usemtl マテリアル.002
f 1/1/1 33/2/1 2/3/1
f 2/3/2 33/2/2 3/4/2
f 3/4/3 33/2/3 4/5/3
f 4/5/4 33/2/4 5/6/4
f 5/6/5 33/2/5 6/7/5
f 6/7/6 33/2/6 7/8/6
f 7/8/7 33/2/7 8/9/7
f 8/9/8 33/2/8 9/10/8
f 9/10/9 33/2/9 10/11/9
f 10/11/10 33/2/10 11/12/10
f 11/12/11 33/2/11 12/13/11
f 12/13/12 33/2/12 13/14/12
f 13/14/13 33/2/13 14/15/13
f 14/15/14 33/2/14 15/16/14
f 15/16/15 33/2/15 16/17/15
f 16/17/16 33/2/16 17/18/16
f 17/18/17 33/2/17 18/19/17
f 18/19/18 33/2/18 19/20/18
f 19/20/19 33/2/19 20/21/19
f 20/21/20 33/2/20 21/22/20
f 21/22/21 33/2/21 22/23/21
f 22/23/22 33/2/22 23/24/22
f 23/24/23 33/2/23 24/25/23
f 24/25/24 33/2/24 25/26/24
f 25/26/25 33/2/25 26/27/25
f 26/27/26 33/2/26 27/28/26
f 27/28/27 33/2/27 28/29/27
f 28/29/28 33/2/28 29/30/28
f 29/30/29 33/2/29 30/31/29
f 30/31/30 33/2/30 31/32/30
f 31/32/31 33/2/31 32/33/31
f 32/33/32 33/2/32 1/34/32
f 511/35/33 52/36/33 40/37/33
f 509/38/34 44/39/34 45/40/34
f 40/37/35 53/41/35 512/42/35
f 36/43/36 45/40/36 46/44/36
f 512/42/37 54/45/37 513/46/37
f 510/47/38 46/44/38 47/48/38
f 513/46/39 55/49/39 514/50/39
f 37/51/40 47/48/40 48/52/40
f 514/50/41 56/53/41 515/54/41
f 37/51/42 49/55/42 38/56/42
f 507/57/43 34/58/43 42/59/43
f 41/60/44 515/54/44 56/53/44
f 39/61/45 49/55/45 50/62/45
f 508/63/46 42/59/46 43/64/46
f 39/61/47 51/65/47 511/35/47
f 35/66/48 43/64/48 44/39/48
f 50/62/49 66/67/49 51/65/49
f 43/64/50 59/68/50 44/39/50
f 52/36/51 66/67/51 67/69/51
f 44/39/52 60/70/52 45/40/52
f 53/41/53 67/69/53 68/71/53
f 45/40/54 61/72/54 46/44/54
f 54/45/55 68/71/55 69/73/55
f 46/44/56 62/74/56 47/48/56
f 55/49/57 69/73/57 70/75/57
f 48/52/58 62/74/58 63/76/58
f 56/53/59 70/75/59 71/77/59
f 48/52/60 64/78/60 49/55/60
f 42/59/61 34/79/61 57/80/61
f 41/81/62 56/53/62 71/77/62
f 50/62/63 64/78/63 65/82/63
f 42/59/64 58/83/64 43/64/64
f 69/73/65 85/84/65 70/75/65
f 63/76/66 77/85/66 78/86/66
f 70/75/67 86/87/67 71/77/67
f 63/76/68 79/88/68 64/78/68
f 57/80/69 34/89/69 72/90/69
f 41/91/70 71/77/70 86/87/70
f 64/78/71 80/92/71 65/82/71
f 57/80/72 73/93/72 58/83/72
f 65/82/73 81/94/73 66/67/73
f 59/68/74 73/93/74 74/95/74
f 67/69/75 81/94/75 82/96/75
f 59/68/76 75/97/76 60/70/76
f 68/71/77 82/96/77 83/98/77
f 60/70/78 76/99/78 61/72/78
f 69/73/79 83/98/79 84/100/79
f 61/72/80 77/85/80 62/74/80
f 73/93/81 89/101/81 74/95/81
f 82/96/82 96/102/82 97/103/82
f 74/95/83 90/104/83 75/97/83
f 82/96/84 98/105/84 83/98/84
f 76/99/85 90/104/85 91/106/85
f 84/100/86 98/105/86 99/107/86
f 76/99/87 92/108/87 77/85/87
f 85/84/88 99/107/88 100/109/88
f 78/86/89 92/108/89 93/110/89
f 86/87/90 100/109/90 101/111/90
f 79/88/91 93/110/91 94/112/91
f 72/90/92 34/113/92 87/114/92
f 41/115/93 86/87/93 101/111/93
f 79/88/94 95/116/94 80/92/94
f 72/90/95 88/117/95 73/93/95
f 80/92/96 96/102/96 81/94/96
f 93/110/97 107/118/97 108/119/97
f 100/109/98 116/120/98 101/111/98
f 94/112/99 108/119/99 109/121/99
f 87/114/100 34/122/100 102/123/100
f 41/124/101 101/111/101 116/120/101
f 94/112/102 110/125/102 95/116/102
f 88/117/103 102/123/103 103/126/103
f 95/116/104 111/127/104 96/102/104
f 89/101/105 103/126/105 104/128/105
f 97/103/106 111/127/106 112/129/106
f 89/101/107 105/130/107 90/104/107
f 97/103/108 113/131/108 98/105/108
f 91/106/109 105/130/109 106/132/109
f 99/107/110 113/131/110 114/133/110
f 91/106/111 107/118/111 92/108/111
f 99/107/112 115/134/112 100/109/112
f 112/129/113 126/135/113 127/136/113
f 104/128/114 120/137/114 105/130/114
f 112/129/115 128/138/115 113/131/115
f 106/132/116 120/137/116 121/139/116
f 114/133/117 128/138/117 129/140/117
f 106/132/118 122/141/118 107/118/118
f 115/134/119 129/140/119 130/142/119
f 108/119/120 122/141/120 123/143/120
f 116/120/121 130/142/121 131/144/121
f 109/121/122 123/143/122 124/145/122
f 102/123/123 34/146/123 117/147/123
f 41/148/124 116/120/124 131/144/124
f 109/121/125 125/149/125 110/125/125
f 102/123/126 118/150/126 103/126/126
f 110/125/127 126/135/127 111/127/127
f 103/126/128 119/151/128 104/128/128
f 130/142/129 146/152/129 131/144/129
f 124/145/130 138/153/130 139/154/130
f 117/147/131 34/155/131 132/156/131
f 41/157/132 131/144/132 146/152/132
f 124/145/133 140/158/133 125/149/133
f 118/150/134 132/156/134 133/159/134
f 125/149/135 141/160/135 126/135/135
f 119/151/136 133/159/136 134/161/136
f 127/136/137 141/160/137 142/162/137
f 119/151/138 135/163/138 120/137/138
f 127/136/139 143/164/139 128/138/139
f 121/139/140 135/163/140 136/165/140
f 129/140/141 143/164/141 144/166/141
f 121/139/142 137/167/142 122/141/142
f 129/140/143 145/168/143 130/142/143
f 123/143/144 137/167/144 138/153/144
f 134/161/145 150/169/145 135/163/145
f 142/162/146 158/170/146 143/164/146
f 136/165/147 150/169/147 151/171/147
f 144/166/148 158/170/148 159/172/148
f 136/165/149 152/173/149 137/167/149
f 145/168/150 159/172/150 160/174/150
f 138/153/151 152/173/151 153/175/151
f 146/152/152 160/174/152 161/176/152
f 139/154/153 153/175/153 154/177/153
f 132/156/154 34/178/154 147/179/154
f 41/180/155 146/152/155 161/176/155
f 139/154/156 155/181/156 140/158/156
f 132/156/157 148/182/157 133/159/157
f 140/158/158 156/183/158 141/160/158
f 133/159/159 149/184/159 134/161/159
f 142/162/160 156/183/160 157/185/160
f 154/177/161 168/186/161 169/187/161
f 147/179/162 34/188/162 162/189/162
f 41/190/163 161/176/163 176/191/163
f 154/177/164 170/192/164 155/181/164
f 148/182/165 162/189/165 163/193/165
f 155/181/166 171/194/166 156/183/166
f 149/184/167 163/193/167 164/195/167
f 157/185/168 171/194/168 172/196/168
f 149/184/169 165/197/169 150/169/169
f 157/185/170 173/198/170 158/170/170
f 151/171/171 165/197/171 166/199/171
f 159/172/172 173/198/172 174/200/172
f 151/171/173 167/201/173 152/173/173
f 159/172/174 175/202/174 160/174/174
f 153/175/175 167/201/175 168/186/175
f 160/174/176 176/191/176 161/176/176
f 172/196/177 188/203/177 173/198/177
f 166/199/178 180/204/178 181/205/178
f 174/200/179 188/203/179 189/206/179
f 166/199/180 182/207/180 167/201/180
f 174/200/181 190/208/181 175/202/181
f 168/186/182 182/207/182 183/209/182
f 175/202/183 191/210/183 176/191/183
f 169/187/184 183/209/184 184/211/184
f 162/189/185 34/212/185 177/213/185
f 41/214/186 176/191/186 191/210/186
f 169/187/187 185/215/187 170/192/187
f 162/189/188 178/216/188 163/193/188
f 170/192/189 186/217/189 171/194/189
f 163/193/190 179/218/190 164/195/190
f 172/196/191 186/217/191 187/219/191
f 164/195/192 180/204/192 165/197/192
f 41/220/193 191/210/193 206/221/193
f 184/211/194 200/222/194 185/215/194
f 177/213/195 193/223/195 178/216/195
f 185/215/196 201/224/196 186/217/196
f 178/216/197 194/225/197 179/218/197
f 187/219/198 201/224/198 202/226/198
f 179/218/199 195/227/199 180/204/199
f 187/219/200 203/228/200 188/203/200
f 181/205/201 195/227/201 196/229/201
f 189/206/202 203/228/202 204/230/202
f 181/205/203 197/231/203 182/207/203
f 190/208/204 204/230/204 205/232/204
f 183/209/205 197/231/205 198/233/205
f 191/210/206 205/232/206 206/221/206
f 184/211/207 198/233/207 199/234/207
f 177/213/208 34/235/208 192/236/208
f 204/230/209 218/237/209 219/238/209
f 196/229/210 212/239/210 197/231/210
f 204/230/211 220/240/211 205/232/211
f 198/233/212 212/239/212 213/241/212
f 206/221/213 220/240/213 221/242/213
f 199/234/214 213/241/214 214/243/214
f 192/236/215 34/244/215 207/245/215
f 41/246/216 206/221/216 221/242/216
f 199/234/217 215/247/217 200/222/217
f 192/236/218 208/248/218 193/223/218
f 200/222/219 216/249/219 201/224/219
f 194/225/220 208/248/220 209/250/220
f 202/226/221 216/249/221 217/251/221
f 194/225/222 210/252/222 195/227/222
f 202/226/223 218/237/223 203/228/223
f 196/229/224 210/252/224 211/253/224
f 207/245/225 223/254/225 208/248/225
f 215/247/226 231/255/226 216/249/226
f 208/248/227 224/256/227 209/250/227
f 217/251/228 231/255/228 232/257/228
f 209/250/229 225/258/229 210/252/229
f 217/251/230 233/259/230 218/237/230
f 211/253/231 225/258/231 226/260/231
f 219/238/232 233/259/232 234/261/232
f 211/253/233 227/262/233 212/239/233
f 219/238/234 235/263/234 220/240/234
f 213/241/235 227/262/235 228/264/235
f 221/242/236 235/263/236 236/265/236
f 214/243/237 228/264/237 229/266/237
f 207/245/238 34/267/238 222/268/238
f 41/269/239 221/242/239 236/265/239
f 214/243/240 230/270/240 215/247/240
f 226/260/241 242/271/241 227/262/241
f 234/261/242 250/272/242 235/263/242
f 228/264/243 242/271/243 243/273/243
f 236/265/244 250/272/244 251/274/244
f 229/266/245 243/273/245 244/275/245
f 222/268/246 34/276/246 237/277/246
f 41/278/247 236/265/247 251/274/247
f 229/266/248 245/279/248 230/270/248
f 222/268/249 238/280/249 223/254/249
f 230/270/250 246/281/250 231/255/250
f 223/254/251 239/282/251 224/256/251
f 232/257/252 246/281/252 247/283/252
f 224/256/253 240/284/253 225/258/253
f 232/257/254 248/285/254 233/259/254
f 226/260/255 240/284/255 241/286/255
f 234/261/256 248/285/256 249/287/256
f 245/279/257 261/288/257 246/281/257
f 238/280/258 254/289/258 239/282/258
f 247/283/259 261/288/259 262/290/259
f 239/282/260 255/291/260 240/284/260
f 247/283/261 263/292/261 248/285/261
f 241/286/262 255/291/262 256/293/262
f 249/287/263 263/292/263 264/294/263
f 241/286/264 257/295/264 242/271/264
f 250/272/265 264/294/265 265/296/265
f 243/273/266 257/295/266 258/297/266
f 251/274/267 265/296/267 266/298/267
f 244/275/268 258/297/268 259/299/268
f 237/277/269 34/300/269 252/301/269
f 41/302/270 251/274/270 266/298/270
f 244/275/271 260/303/271 245/279/271
f 237/277/272 253/304/272 238/280/272
f 264/294/273 280/305/273 265/296/273
f 258/297/274 272/306/274 273/307/274
f 265/296/275 281/308/275 266/298/275
f 259/299/276 273/307/276 274/309/276
f 252/301/277 34/310/277 267/311/277
f 41/312/278 266/298/278 281/308/278
f 259/299/279 275/313/279 260/303/279
f 253/304/280 267/311/280 268/314/280
f 260/303/281 276/315/281 261/288/281
f 254/289/282 268/314/282 269/316/282
f 262/290/283 276/315/283 277/317/283
f 254/289/284 270/318/284 255/291/284
f 262/290/285 278/319/285 263/292/285
f 256/293/286 270/318/286 271/320/286
f 264/294/287 278/319/287 279/321/287
f 256/293/288 272/306/288 257/295/288
f 269/316/289 283/322/289 284/323/289
f 277/317/290 291/324/290 292/325/290
f 269/316/291 285/326/291 270/318/291
f 277/317/292 293/327/292 278/319/292
f 271/320/293 285/326/293 286/328/293
f 279/321/294 293/327/294 294/329/294
f 271/320/295 287/330/295 272/306/295
f 279/321/296 295/331/296 280/305/296
f 273/307/297 287/330/297 288/332/297
f 280/305/298 296/333/298 281/308/298
f 274/309/299 288/332/299 289/334/299
f 267/311/300 34/335/300 282/336/300
f 41/337/301 281/308/301 296/333/301
f 274/309/302 290/338/302 275/313/302
f 267/311/303 283/322/303 268/314/303
f 275/313/304 291/324/304 276/315/304
f 288/332/305 302/339/305 303/340/305
f 295/331/306 311/341/306 296/333/306
f 289/334/307 303/340/307 304/342/307
f 282/336/308 34/343/308 297/344/308
f 41/345/309 296/333/309 311/341/309
f 289/334/310 305/346/310 290/338/310
f 283/322/311 297/344/311 298/347/311
f 290/338/312 306/348/312 291/324/312
f 283/322/313 299/349/313 284/323/313
f 292/325/314 306/348/314 307/350/314
f 284/323/315 300/351/315 285/326/315
f 292/325/316 308/352/316 293/327/316
f 286/328/317 300/351/317 301/353/317
f 294/329/318 308/352/318 309/354/318
f 286/328/319 302/339/319 287/330/319
f 295/331/320 309/354/320 310/355/320
f 307/350/321 321/356/321 322/357/321
f 299/349/322 315/358/322 300/351/322
f 307/350/323 323/359/323 308/352/323
f 301/353/324 315/358/324 316/360/324
f 309/354/325 323/359/325 324/361/325
f 301/353/326 317/362/326 302/339/326
f 309/354/327 325/363/327 310/355/327
f 303/340/328 317/362/328 318/364/328
f 310/355/329 326/365/329 311/341/329
f 304/342/330 318/364/330 319/366/330
f 297/344/331 34/367/331 312/368/331
f 41/369/332 311/341/332 326/365/332
f 304/342/333 320/370/333 305/346/333
f 297/344/334 313/371/334 298/347/334
f 305/346/335 321/356/335 306/348/335
f 299/349/336 313/371/336 314/372/336
f 326/365/337 340/373/337 341/374/337
f 319/366/338 333/375/338 334/376/338
f 312/368/339 34/377/339 327/378/339
f 41/379/340 326/365/340 341/374/340
f 319/366/341 335/380/341 320/370/341
f 312/368/342 328/381/342 313/371/342
f 320/370/343 336/382/343 321/356/343
f 313/371/344 329/383/344 314/372/344
f 322/357/345 336/382/345 337/384/345
f 314/372/346 330/385/346 315/358/346
f 322/357/347 338/386/347 323/359/347
f 316/360/348 330/385/348 331/387/348
f 324/361/349 338/386/349 339/388/349
f 316/360/350 332/389/350 317/362/350
f 324/361/351 340/373/351 325/363/351
f 318/364/352 332/389/352 333/375/352
f 337/384/353 353/390/353 338/386/353
f 331/387/354 345/391/354 346/392/354
f 339/388/355 353/390/355 354/393/355
f 331/387/356 347/394/356 332/389/356
f 339/388/357 355/395/357 340/373/357
f 333/375/358 347/394/358 348/396/358
f 340/373/359 356/397/359 341/374/359
f 334/376/360 348/396/360 349/398/360
f 327/378/361 34/399/361 342/400/361
f 41/401/362 341/374/362 356/397/362
f 334/376/363 350/402/363 335/380/363
f 327/378/364 343/403/364 328/381/364
f 335/380/365 351/404/365 336/382/365
f 329/383/366 343/403/366 344/405/366
f 337/384/367 351/404/367 352/406/367
f 329/383/368 345/391/368 330/385/368
f 342/400/369 34/407/369 357/408/369
f 41/409/370 356/397/370 371/410/370
f 349/398/371 365/411/371 350/402/371
f 342/400/372 358/412/372 343/403/372
f 350/402/373 366/413/373 351/404/373
f 343/403/374 359/414/374 344/405/374
f 352/406/375 366/413/375 367/415/375
f 344/405/376 360/416/376 345/391/376
f 352/406/377 368/417/377 353/390/377
f 346/392/378 360/416/378 361/418/378
f 354/393/379 368/417/379 369/419/379
f 346/392/380 362/420/380 347/394/380
f 355/395/381 369/419/381 370/421/381
f 348/396/382 362/420/382 363/422/382
f 356/397/383 370/421/383 371/410/383
f 349/398/384 363/422/384 364/423/384
f 361/418/385 375/424/385 376/425/385
f 369/419/386 383/426/386 384/427/386
f 361/418/387 377/428/387 362/420/387
f 369/419/388 385/429/388 370/421/388
f 363/422/389 377/428/389 378/430/389
f 371/410/390 385/429/390 386/431/390
f 364/423/391 378/430/391 379/432/391
f 357/408/392 34/433/392 372/434/392
f 41/435/393 371/410/393 386/431/393
f 364/423/394 380/436/394 365/411/394
f 357/408/395 373/437/395 358/412/395
f 365/411/396 381/438/396 366/413/396
f 359/414/397 373/437/397 374/439/397
f 367/415/398 381/438/398 382/440/398
f 359/414/399 375/424/399 360/416/399
f 367/415/400 383/426/400 368/417/400
f 379/432/401 395/441/401 380/436/401
f 372/434/402 388/442/402 373/437/402
f 380/436/403 396/443/403 381/438/403
f 374/439/404 388/442/404 389/444/404
f 382/440/405 396/443/405 397/445/405
f 374/439/406 390/446/406 375/424/406
f 382/440/407 398/447/407 383/426/407
f 376/425/408 390/446/408 391/448/408
f 384/427/409 398/447/409 399/449/409
f 376/425/410 392/450/410 377/428/410
f 384/427/411 400/451/411 385/429/411
f 378/430/412 392/450/412 393/452/412
f 386/431/413 400/451/413 401/453/413
f 379/432/414 393/452/414 394/454/414
f 372/434/415 34/455/415 387/456/415
f 41/457/416 386/431/416 401/453/416
f 399/458/417 413/459/417 414/460/417
f 391/461/418 407/462/418 392/463/418
f 399/458/419 415/464/419 400/465/419
f 393/466/420 407/462/420 408/467/420
f 400/465/421 416/468/421 401/469/421
f 394/470/422 408/467/422 409/471/422
f 387/472/423 34/473/423 402/474/423
f 41/475/424 401/469/424 416/468/424
f 394/470/425 410/476/425 395/477/425
f 387/472/426 403/478/426 388/479/426
f 395/477/427 411/480/427 396/481/427
f 389/482/428 403/478/428 404/483/428
f 397/484/429 411/480/429 412/485/429
f 389/482/430 405/486/430 390/487/430
f 397/484/431 413/459/431 398/488/431
f 391/461/432 405/486/432 406/489/432
f 402/474/433 418/490/433 403/478/433
f 410/476/434 426/491/434 411/480/434
f 404/483/435 418/490/435 419/492/435
f 412/485/436 426/491/436 427/493/436
f 404/483/437 420/494/437 405/486/437
f 412/485/438 428/495/438 413/459/438
f 406/489/439 420/494/439 421/496/439
f 414/460/440 428/495/440 429/497/440
f 406/489/441 422/498/441 407/462/441
f 414/460/442 430/499/442 415/464/442
f 408/467/443 422/498/443 423/500/443
f 415/464/444 431/501/444 416/468/444
f 409/471/445 423/500/445 424/502/445
f 402/474/446 34/503/446 417/504/446
f 41/505/447 416/468/447 431/501/447
f 409/471/448 425/506/448 410/476/448
f 421/496/449 437/507/449 422/498/449
f 429/497/450 445/508/450 430/499/450
f 423/500/451 437/507/451 438/509/451
f 431/501/452 445/508/452 446/510/452
f 424/502/453 438/509/453 439/511/453
f 417/504/454 34/512/454 432/513/454
f 41/514/455 431/501/455 446/510/455
f 424/502/456 440/515/456 425/506/456
f 417/504/457 433/516/457 418/490/457
f 425/506/458 441/517/458 426/491/458
f 419/492/459 433/516/459 434/518/459
f 427/493/460 441/517/460 442/519/460
f 419/492/461 435/520/461 420/494/461
f 427/493/462 443/521/462 428/495/462
f 421/496/463 435/520/463 436/522/463
f 429/497/464 443/521/464 444/523/464
f 440/515/465 456/524/465 441/517/465
f 434/518/466 448/525/466 449/526/466
f 442/519/467 456/524/467 457/527/467
f 434/518/468 450/528/468 435/520/468
f 442/519/469 458/529/469 443/521/469
f 436/522/470 450/528/470 451/530/470
f 444/523/471 458/529/471 459/531/471
f 436/522/472 452/532/472 437/507/472
f 444/523/473 460/533/473 445/508/473
f 438/509/474 452/532/474 453/534/474
f 445/508/475 461/535/475 446/510/475
f 439/511/476 453/534/476 454/536/476
f 432/513/477 34/537/477 447/538/477
f 41/539/478 446/510/478 461/535/478
f 439/511/479 455/540/479 440/515/479
f 432/513/480 448/525/480 433/516/480
f 459/531/481 475/541/481 460/533/481
f 453/534/482 467/542/482 468/543/482
f 461/535/483 475/541/483 476/544/483
f 454/536/484 468/543/484 469/545/484
f 447/538/485 34/546/485 462/547/485
f 41/548/486 461/535/486 476/544/486
f 454/536/487 470/549/487 455/540/487
f 447/538/488 463/550/488 448/525/488
f 455/540/489 471/551/489 456/524/489
f 449/526/490 463/550/490 464/552/490
f 457/527/491 471/551/491 472/553/491
f 449/526/492 465/554/492 450/528/492
f 457/527/493 473/555/493 458/529/493
f 451/530/494 465/554/494 466/556/494
f 459/531/495 473/555/495 474/557/495
f 451/530/496 467/542/496 452/532/496
f 472/553/497 486/558/497 487/559/497
f 464/552/498 480/560/498 465/554/498
f 472/553/499 488/561/499 473/555/499
f 466/556/500 480/560/500 481/562/500
f 474/557/501 488/561/501 489/563/501
f 466/556/502 482/564/502 467/542/502
f 474/557/503 490/565/503 475/541/503
f 468/543/504 482/564/504 483/566/504
f 475/541/505 491/567/505 476/544/505
f 469/545/506 483/566/506 484/568/506
f 462/547/507 34/569/507 477/570/507
f 41/571/508 476/544/508 491/567/508
f 469/545/509 485/572/509 470/549/509
f 463/550/510 477/570/510 478/573/510
f 470/549/511 486/558/511 471/551/511
f 464/552/512 478/573/512 479/574/512
f 491/567/513 505/575/513 506/576/513
f 484/568/514 498/577/514 499/578/514
f 477/570/515 34/579/515 492/580/515
f 41/581/516 491/567/516 506/576/516
f 484/568/517 500/582/517 485/572/517
f 477/570/518 493/583/518 478/573/518
f 485/572/519 501/584/519 486/558/519
f 479/574/520 493/583/520 494/585/520
f 487/559/521 501/584/521 502/586/521
f 479/574/522 495/587/522 480/560/522
f 487/559/523 503/588/523 488/561/523
f 481/562/524 495/587/524 496/589/524
f 489/563/525 503/588/525 504/590/525
f 481/562/526 497/591/526 482/564/526
f 489/563/527 505/575/527 490/565/527
f 483/566/528 497/591/528 498/577/528
f 495/587/529 35/66/529 509/38/529
f 502/586/530 512/42/530 503/588/530
f 496/589/531 509/38/531 36/43/531
f 504/590/532 512/42/532 513/46/532
f 497/591/533 36/43/533 510/47/533
f 504/590/534 514/50/534 505/575/534
f 498/577/535 510/47/535 37/51/535
f 505/575/536 515/54/536 506/576/536
f 499/578/537 37/51/537 38/56/537
f 492/580/538 34/592/538 507/57/538
f 41/593/539 506/576/539 515/54/539
f 499/578/540 39/61/540 500/582/540
f 492/580/541 508/63/541 493/583/541
f 500/582/542 511/35/542 501/584/542
f 494/585/543 508/63/543 35/66/543
f 501/584/544 40/37/544 502/586/544
f 992/594/38 528/595/38 529/596/38
f 995/597/39 537/598/39 996/599/39
f 519/600/40 529/596/40 530/601/40
f 996/599/545 538/602/545 997/603/545
f 519/600/546 531/604/546 520/605/546
f 989/606/43 516/607/43 524/608/43
f 523/609/44 997/603/44 538/602/44
f 521/610/45 531/604/45 532/611/45
f 990/612/46 524/608/46 525/613/46
f 521/610/47 533/614/47 993/615/47
f 517/616/48 525/613/48 526/617/48
f 993/615/33 534/618/33 522/619/33
f 991/620/34 526/617/34 527/621/34
f 994/622/35 534/618/35 535/623/35
f 991/620/36 528/595/36 518/624/36
f 994/622/37 536/625/37 995/597/37
f 534/618/53 550/626/53 535/623/53
f 528/595/54 542/627/54 543/628/54
f 536/625/55 550/626/55 551/629/55
f 528/595/56 544/630/56 529/596/56
f 537/598/57 551/629/57 552/631/57
f 529/596/58 545/632/58 530/601/58
f 538/602/547 552/631/547 553/633/547
f 530/601/548 546/634/548 531/604/548
f 524/608/61 516/635/61 539/636/61
f 523/637/62 538/602/62 553/633/62
f 532/611/63 546/634/63 547/638/63
f 524/608/64 540/639/64 525/613/64
f 532/611/49 548/640/49 533/614/49
f 525/613/50 541/641/50 526/617/50
f 534/618/51 548/640/51 549/642/51
f 526/617/52 542/627/52 527/621/52
f 523/643/70 553/633/70 568/644/70
f 546/634/71 562/645/71 547/638/71
f 540/639/72 554/646/72 555/647/72
f 548/640/73 562/645/73 563/648/73
f 541/641/74 555/647/74 556/649/74
f 548/640/75 564/650/75 549/642/75
f 541/641/76 557/651/76 542/627/76
f 549/642/77 565/652/77 550/626/77
f 543/628/78 557/651/78 558/653/78
f 551/629/79 565/652/79 566/654/79
f 544/630/80 558/653/80 559/655/80
f 551/629/549 567/656/549 552/631/549
f 544/630/66 560/657/66 545/632/66
f 552/631/550 568/644/550 553/633/550
f 546/634/551 560/657/551 561/658/551
f 539/636/69 516/659/69 554/646/69
f 565/652/86 581/660/86 566/654/86
f 559/655/87 573/661/87 574/662/87
f 567/656/88 581/660/88 582/663/88
f 559/655/89 575/664/89 560/657/89
f 568/644/90 582/663/90 583/665/90
f 561/658/91 575/664/91 576/666/91
f 554/646/92 516/667/92 569/668/92
f 523/669/93 568/644/93 583/665/93
f 561/658/552 577/670/552 562/645/552
f 554/646/95 570/671/95 555/647/95
f 563/648/96 577/670/96 578/672/96
f 555/647/81 571/673/81 556/649/81
f 563/648/82 579/674/82 564/650/82
f 557/651/83 571/673/83 572/675/83
f 564/650/84 580/676/84 565/652/84
f 558/653/85 572/675/85 573/661/85
f 570/671/103 584/677/103 585/678/103
f 578/672/104 592/679/104 593/680/104
f 571/673/105 585/678/105 586/681/105
f 579/674/106 593/680/106 594/682/106
f 571/673/107 587/683/107 572/675/107
f 579/674/108 595/684/108 580/676/108
f 573/661/109 587/683/109 588/685/109
f 581/660/110 595/684/110 596/686/110
f 573/661/111 589/687/111 574/662/111
f 581/660/112 597/688/112 582/663/112
f 574/662/97 590/689/97 575/664/97
f 582/663/553 598/690/553 583/665/553
f 576/666/99 590/689/99 591/691/99
f 569/668/100 516/692/100 584/677/100
f 523/693/101 583/665/101 598/690/101
f 576/666/554 592/679/554 577/670/554
f 588/685/118 604/694/118 589/687/118
f 597/688/119 611/695/119 612/696/119
f 590/689/120 604/694/120 605/697/120
f 598/690/121 612/696/121 613/698/121
f 590/689/555 606/699/555 591/691/555
f 584/677/123 516/700/123 599/701/123
f 523/702/124 598/690/124 613/698/124
f 592/679/125 606/699/125 607/703/125
f 584/677/556 600/704/556 585/678/556
f 592/679/127 608/705/127 593/680/127
f 585/678/557 601/706/557 586/681/557
f 594/682/113 608/705/113 609/707/113
f 587/683/114 601/706/114 602/708/114
f 594/682/115 610/709/115 595/684/115
f 588/685/116 602/708/116 603/710/116
f 595/684/117 611/695/117 596/686/117
f 607/703/135 623/711/135 608/705/135
f 600/704/136 616/712/136 601/706/136
f 609/707/137 623/711/137 624/713/137
f 602/708/138 616/712/138 617/714/138
f 609/707/139 625/715/139 610/709/139
f 603/710/140 617/714/140 618/716/140
f 610/709/141 626/717/141 611/695/141
f 603/710/142 619/718/142 604/694/142
f 612/696/143 626/717/143 627/719/143
f 605/697/144 619/718/144 620/720/144
f 613/698/558 627/719/558 628/721/558
f 605/697/130 621/722/130 606/699/130
f 599/701/131 516/723/131 614/724/131
f 523/725/132 613/698/132 628/721/132
f 607/703/559 621/722/559 622/726/559
f 599/701/134 615/727/134 600/704/134
f 627/719/150 641/728/150 642/729/150
f 619/718/151 635/730/151 620/720/151
f 627/719/152 643/731/152 628/721/152
f 621/722/153 635/730/153 636/732/153
f 614/724/154 516/733/154 629/734/154
f 523/735/155 628/721/155 643/731/155
f 621/722/156 637/736/156 622/726/156
f 615/727/157 629/734/157 630/737/157
f 623/711/158 637/736/158 638/738/158
f 615/727/159 631/739/159 616/712/159
f 623/711/160 639/740/160 624/713/160
f 616/712/145 632/741/145 617/714/145
f 625/715/146 639/740/146 640/742/146
f 617/714/147 633/743/147 618/716/147
f 626/717/148 640/742/148 641/728/148
f 619/718/149 633/743/149 634/744/149
f 631/739/167 645/745/167 646/746/167
f 639/740/168 653/747/168 654/748/168
f 632/741/169 646/746/169 647/749/169
f 639/740/170 655/750/170 640/742/170
f 633/743/171 647/749/171 648/751/171
f 640/742/172 656/752/172 641/728/172
f 633/743/173 649/753/173 634/744/173
f 641/728/174 657/754/174 642/729/174
f 635/730/175 649/753/175 650/755/175
f 643/731/560 657/754/560 658/756/560
f 636/732/561 650/755/561 651/757/561
f 629/734/162 516/758/162 644/759/162
f 523/760/163 643/731/163 658/756/163
f 636/732/164 652/761/164 637/736/164
f 629/734/165 645/745/165 630/737/165
f 637/736/166 653/747/166 638/738/166
f 650/755/182 664/762/182 665/763/182
f 657/754/183 673/764/183 658/756/183
f 651/757/184 665/763/184 666/765/184
f 644/759/185 516/766/185 659/767/185
f 523/768/186 658/756/186 673/764/186
f 651/757/187 667/769/187 652/761/187
f 645/745/188 659/767/188 660/770/188
f 652/761/189 668/771/189 653/747/189
f 646/746/190 660/770/190 661/772/190
f 654/748/191 668/771/191 669/773/191
f 646/746/192 662/774/192 647/749/192
f 654/748/177 670/775/177 655/750/177
f 648/751/178 662/774/178 663/776/178
f 656/752/179 670/775/179 671/777/179
f 648/751/180 664/762/180 649/753/180
f 656/752/181 672/778/181 657/754/181
f 669/773/198 683/779/198 684/780/198
f 661/772/199 677/781/199 662/774/199
f 669/773/200 685/782/200 670/775/200
f 663/776/201 677/781/201 678/783/201
f 671/777/202 685/782/202 686/784/202
f 663/776/203 679/785/203 664/762/203
f 671/777/204 687/786/204 672/778/204
f 665/763/205 679/785/205 680/787/205
f 673/764/562 687/786/562 688/788/562
f 665/763/207 681/789/207 666/765/207
f 659/767/208 516/790/208 674/791/208
f 523/792/193 673/764/193 688/788/193
f 667/769/563 681/789/563 682/793/563
f 659/767/195 675/794/195 660/770/195
f 667/769/196 683/779/196 668/771/196
f 661/772/564 675/794/564 676/795/564
f 688/788/565 702/796/565 703/797/565
f 681/789/214 695/798/214 696/799/214
f 674/791/215 516/800/215 689/801/215
f 523/802/216 688/788/216 703/797/216
f 681/789/217 697/803/217 682/793/217
f 674/791/218 690/804/218 675/794/218
f 682/793/219 698/805/219 683/779/219
f 675/794/220 691/806/220 676/795/220
f 684/780/221 698/805/221 699/807/221
f 676/795/222 692/808/222 677/781/222
f 685/782/223 699/807/223 700/809/223
f 677/781/224 693/810/224 678/783/224
f 686/784/209 700/809/209 701/811/209
f 678/783/210 694/812/210 679/785/210
f 687/786/211 701/811/211 702/796/211
f 680/787/212 694/812/212 695/798/212
f 700/809/230 714/813/230 715/814/230
f 692/808/231 708/815/231 693/810/231
f 701/811/232 715/814/232 716/816/232
f 693/810/233 709/817/233 694/812/233
f 701/811/234 717/818/234 702/796/234
f 695/798/235 709/817/235 710/819/235
f 702/796/566 718/820/566 703/797/566
f 696/799/237 710/819/237 711/821/237
f 689/801/238 516/822/238 704/823/238
f 523/824/239 703/797/239 718/820/239
f 696/799/240 712/825/240 697/803/240
f 690/804/225 704/823/225 705/826/225
f 697/803/226 713/827/226 698/805/226
f 691/806/227 705/826/227 706/828/227
f 699/807/228 713/827/228 714/813/228
f 691/806/229 707/829/229 692/808/229
f 704/823/246 516/830/246 719/831/246
f 523/832/247 718/820/247 733/833/247
f 712/825/248 726/834/248 727/835/248
f 704/823/249 720/836/249 705/826/249
f 712/825/250 728/837/250 713/827/250
f 706/828/567 720/836/567 721/838/567
f 714/813/252 728/837/252 729/839/252
f 706/828/253 722/840/253 707/829/253
f 714/813/254 730/841/254 715/814/254
f 708/815/255 722/840/255 723/842/255
f 716/816/256 730/841/256 731/843/256
f 708/815/241 724/844/241 709/817/241
f 716/816/568 732/845/568 717/818/568
f 710/819/243 724/844/243 725/846/243
f 718/820/569 732/845/569 733/833/569
f 710/819/245 726/834/245 711/821/245
f 723/842/262 737/847/262 738/848/262
f 731/843/263 745/849/263 746/850/263
f 723/842/570 739/851/570 724/844/570
f 732/845/571 746/850/571 747/852/571
f 725/846/266 739/851/266 740/853/266
f 733/833/572 747/852/572 748/854/572
f 726/834/268 740/853/268 741/855/268
f 719/831/269 516/856/269 734/857/269
f 523/858/270 733/833/270 748/854/270
f 726/834/271 742/859/271 727/835/271
f 719/831/272 735/860/272 720/836/272
f 727/835/257 743/861/257 728/837/257
f 720/836/258 736/862/258 721/838/258
f 729/839/259 743/861/259 744/863/259
f 721/838/260 737/847/260 722/840/260
f 729/839/261 745/849/261 730/841/261
f 741/855/573 757/864/573 742/859/573
f 735/860/280 749/865/280 750/866/280
f 742/859/281 758/867/281 743/861/281
f 736/862/282 750/866/282 751/868/282
f 744/863/283 758/867/283 759/869/283
f 736/862/284 752/870/284 737/847/284
f 745/849/285 759/869/285 760/871/285
f 737/847/286 753/872/286 738/848/286
f 746/850/287 760/871/287 761/873/287
f 738/848/288 754/874/288 739/851/288
f 746/850/273 762/875/273 747/852/273
f 740/853/274 754/874/274 755/876/274
f 747/852/275 763/877/275 748/854/275
f 741/855/276 755/876/276 756/878/276
f 734/857/277 516/879/277 749/865/277
f 523/880/278 748/854/278 763/877/278
f 761/873/294 775/881/294 776/882/294
f 754/874/295 768/883/295 769/884/295
f 762/875/296 776/882/296 777/885/296
f 755/876/297 769/884/297 770/886/297
f 763/877/298 777/885/298 778/887/298
f 756/878/574 770/886/574 771/888/574
f 749/865/300 516/889/300 764/890/300
f 523/891/301 763/877/301 778/887/301
f 756/878/575 772/892/575 757/864/575
f 749/865/303 765/893/303 750/866/303
f 757/864/304 773/894/304 758/867/304
f 750/866/289 766/895/289 751/868/289
f 758/867/290 774/896/290 759/869/290
f 751/868/291 767/897/291 752/870/291
f 759/869/292 775/881/292 760/871/292
f 753/872/293 767/897/293 768/883/293
f 764/890/311 780/898/311 765/893/311
f 772/892/312 788/899/312 773/894/312
f 766/895/313 780/898/313 781/900/313
f 774/896/314 788/899/314 789/901/314
f 766/895/315 782/902/315 767/897/315
f 775/881/316 789/901/316 790/903/316
f 767/897/317 783/904/317 768/883/317
f 776/882/318 790/903/318 791/905/318
f 768/883/576 784/906/576 769/884/576
f 776/882/320 792/907/320 777/885/320
f 769/884/305 785/908/305 770/886/305
f 778/887/577 792/907/577 793/909/577
f 771/888/307 785/908/307 786/910/307
f 764/890/308 516/911/308 779/912/308
f 523/913/309 778/887/309 793/909/309
f 771/888/310 787/914/310 772/892/310
f 783/904/326 799/915/326 784/906/326
f 792/907/578 806/916/578 807/917/578
f 785/908/328 799/915/328 800/918/328
f 792/907/579 808/919/579 793/909/579
f 786/910/580 800/918/580 801/920/580
f 779/912/331 516/921/331 794/922/331
f 523/923/332 793/909/332 808/919/332
f 786/910/333 802/924/333 787/914/333
f 780/898/334 794/922/334 795/925/334
f 787/914/335 803/926/335 788/899/335
f 780/898/581 796/927/581 781/900/581
f 789/901/321 803/926/321 804/928/321
f 781/900/322 797/929/322 782/902/322
f 789/901/323 805/930/323 790/903/323
f 782/902/324 798/931/324 783/904/324
f 791/905/325 805/930/325 806/916/325
f 802/924/343 818/932/343 803/926/343
f 795/925/344 811/933/344 796/927/344
f 804/928/345 818/932/345 819/934/345
f 796/927/346 812/935/346 797/929/346
f 805/930/347 819/934/347 820/936/347
f 797/929/348 813/937/348 798/931/348
f 806/916/349 820/936/349 821/938/349
f 798/931/350 814/939/350 799/915/350
f 807/917/351 821/938/351 822/940/351
f 800/918/352 814/939/352 815/941/352
f 808/919/582 822/940/582 823/942/582
f 801/920/338 815/941/338 816/943/338
f 794/922/339 516/944/339 809/945/339
f 523/946/340 808/919/340 823/942/340
f 801/920/583 817/947/583 802/924/583
f 794/922/342 810/948/342 795/925/342
f 821/938/357 837/949/357 822/940/357
f 815/941/358 829/950/358 830/951/358
f 822/940/584 838/952/584 823/942/584
f 816/943/360 830/951/360 831/953/360
f 809/945/361 516/954/361 824/955/361
f 523/956/362 823/942/362 838/952/362
f 816/943/363 832/957/363 817/947/363
f 810/948/364 824/955/364 825/958/364
f 817/947/365 833/959/365 818/932/365
f 811/933/366 825/958/366 826/960/366
f 819/934/367 833/959/367 834/961/367
f 811/933/368 827/962/368 812/935/368
f 819/934/353 835/963/353 820/936/353
f 813/937/354 827/962/354 828/964/354
f 821/938/355 835/963/355 836/965/355
f 813/937/356 829/950/356 814/939/356
f 834/961/375 848/966/375 849/967/375
f 826/960/376 842/968/376 827/962/376
f 834/961/377 850/969/377 835/963/377
f 828/964/378 842/968/378 843/970/378
f 836/965/379 850/969/379 851/971/379
f 828/964/380 844/972/380 829/950/380
f 836/965/381 852/973/381 837/949/381
f 830/951/382 844/972/382 845/974/382
f 838/952/585 852/973/585 853/975/585
f 831/953/586 845/974/586 846/976/586
f 824/955/369 516/977/369 839/978/369
f 523/979/370 838/952/370 853/975/370
f 831/953/371 847/980/371 832/957/371
f 824/955/587 840/981/587 825/958/587
f 832/957/373 848/966/373 833/959/373
f 826/960/588 840/981/588 841/982/588
f 853/975/589 867/983/589 868/984/589
f 845/974/391 861/985/391 846/976/391
f 839/978/392 516/986/392 854/987/392
f 523/988/393 853/975/393 868/984/393
f 847/980/394 861/985/394 862/989/394
f 839/978/395 855/990/395 840/981/395
f 847/980/396 863/991/396 848/966/396
f 841/982/397 855/990/397 856/992/397
f 849/967/398 863/991/398 864/993/398
f 841/982/399 857/994/399 842/968/399
f 850/969/400 864/993/400 865/995/400
f 842/968/385 858/996/385 843/970/385
f 851/971/386 865/995/386 866/997/386
f 843/970/387 859/998/387 844/972/387
f 851/971/388 867/983/388 852/973/388
f 845/974/389 859/998/389 860/999/389
f 856/992/406 872/1000/406 857/994/406
f 864/993/407 880/1001/407 865/995/407
f 858/996/408 872/1000/408 873/1002/408
f 866/997/409 880/1001/409 881/1003/409
f 858/996/410 874/1004/410 859/998/410
f 866/997/411 882/1005/411 867/983/411
f 860/999/412 874/1004/412 875/1006/412
f 868/984/590 882/1005/590 883/1007/590
f 861/985/591 875/1006/591 876/1008/591
f 854/987/415 516/1009/415 869/1010/415
f 523/1011/416 868/984/416 883/1007/416
f 861/985/401 877/1012/401 862/989/401
f 854/987/402 870/1013/402 855/990/402
f 862/989/403 878/1014/403 863/991/403
f 856/992/404 870/1013/404 871/1015/404
f 864/993/405 878/1014/405 879/1016/405
f 876/1017/592 890/1018/592 891/1019/592
f 869/1020/423 516/1021/423 884/1022/423
f 523/1023/424 883/1024/424 898/1025/424
f 876/1017/425 892/1026/425 877/1027/425
f 870/1028/426 884/1022/426 885/1029/426
f 877/1027/427 893/1030/427 878/1031/427
f 871/1032/428 885/1029/428 886/1033/428
f 879/1034/429 893/1030/429 894/1035/429
f 872/1036/430 886/1033/430 887/1037/430
f 880/1038/431 894/1035/431 895/1039/431
f 872/1036/432 888/1040/432 873/1041/432
f 880/1038/417 896/1042/417 881/1043/417
f 873/1041/418 889/1044/418 874/1045/418
f 881/1043/419 897/1046/419 882/1047/419
f 875/1048/420 889/1044/420 890/1018/420
f 882/1047/593 898/1025/593 883/1024/593
f 894/1035/438 910/1049/438 895/1039/438
f 888/1040/439 902/1050/439 903/1051/439
f 896/1042/440 910/1049/440 911/1052/440
f 888/1040/441 904/1053/441 889/1044/441
f 896/1042/442 912/1054/442 897/1046/442
f 890/1018/443 904/1053/443 905/1055/443
f 897/1046/594 913/1056/594 898/1025/594
f 891/1019/445 905/1055/445 906/1057/445
f 884/1022/446 516/1058/446 899/1059/446
f 523/1060/447 898/1025/447 913/1056/447
f 891/1019/448 907/1061/448 892/1026/448
f 885/1029/433 899/1059/433 900/1062/433
f 892/1026/434 908/1063/434 893/1030/434
f 886/1033/435 900/1062/435 901/1064/435
f 894/1035/436 908/1063/436 909/1065/436
f 886/1033/437 902/1050/437 887/1037/437
f 899/1059/454 516/1066/454 914/1067/454
f 523/1068/455 913/1056/455 928/1069/455
f 906/1057/595 922/1070/595 907/1061/595
f 900/1062/596 914/1067/596 915/1071/596
f 907/1061/458 923/1072/458 908/1063/458
f 901/1064/459 915/1071/459 916/1073/459
f 909/1065/460 923/1072/460 924/1074/460
f 901/1064/461 917/1075/461 902/1050/461
f 909/1065/462 925/1076/462 910/1049/462
f 903/1051/463 917/1075/463 918/1077/463
f 911/1052/464 925/1076/464 926/1078/464
f 903/1051/449 919/1079/449 904/1053/449
f 911/1052/597 927/1080/597 912/1054/597
f 905/1055/451 919/1079/451 920/1081/451
f 912/1054/598 928/1069/598 913/1056/598
f 906/1057/453 920/1081/453 921/1082/453
f 918/1077/470 932/1083/470 933/1084/470
f 926/1078/471 940/1085/471 941/1086/471
f 918/1077/472 934/1087/472 919/1079/472
f 927/1080/473 941/1086/473 942/1088/473
f 920/1081/474 934/1087/474 935/1089/474
f 928/1069/475 942/1088/475 943/1090/475
f 921/1082/476 935/1089/476 936/1091/476
f 914/1067/477 516/1092/477 929/1093/477
f 523/1094/478 928/1069/478 943/1090/478
f 921/1082/479 937/1095/479 922/1070/479
f 914/1067/480 930/1096/480 915/1071/480
f 922/1070/465 938/1097/465 923/1072/465
f 915/1071/466 931/1098/466 916/1073/466
f 924/1074/467 938/1097/467 939/1099/467
f 916/1073/468 932/1083/468 917/1075/468
f 924/1074/469 940/1085/469 925/1076/469
f 936/1091/487 952/1100/487 937/1095/487
f 929/1093/488 945/1101/488 930/1096/488
f 937/1095/489 953/1102/489 938/1097/489
f 931/1098/490 945/1101/490 946/1103/490
f 939/1099/491 953/1102/491 954/1104/491
f 931/1098/492 947/1105/492 932/1083/492
f 939/1099/493 955/1106/493 940/1085/493
f 933/1084/494 947/1105/494 948/1107/494
f 941/1086/495 955/1106/495 956/1108/495
f 933/1084/496 949/1109/496 934/1087/496
f 941/1086/481 957/1110/481 942/1088/481
f 935/1089/482 949/1109/482 950/1111/482
f 943/1090/483 957/1110/483 958/1112/483
f 936/1091/484 950/1111/484 951/1113/484
f 929/1093/485 516/1114/485 944/1115/485
f 523/1116/486 943/1090/486 958/1112/486
f 956/1108/501 970/1117/501 971/1118/501
f 948/1107/502 964/1119/502 949/1109/502
f 956/1108/503 972/1120/503 957/1110/503
f 950/1111/504 964/1119/504 965/1121/504
f 957/1110/505 973/1122/505 958/1112/505
f 951/1113/506 965/1121/506 966/1123/506
f 944/1115/507 516/1124/507 959/1125/507
f 523/1126/508 958/1112/508 973/1122/508
f 951/1113/509 967/1127/509 952/1100/509
f 945/1101/510 959/1125/510 960/1128/510
f 952/1100/511 968/1129/511 953/1102/511
f 946/1103/512 960/1128/512 961/1130/512
f 954/1104/497 968/1129/497 969/1131/497
f 946/1103/498 962/1132/498 947/1105/498
f 954/1104/499 970/1117/499 955/1106/499
f 948/1107/500 962/1132/500 963/1133/500
f 967/1127/519 983/1134/519 968/1129/519
f 961/1130/520 975/1135/520 976/1136/520
f 969/1131/521 983/1134/521 984/1137/521
f 961/1130/522 977/1138/522 962/1132/522
f 969/1131/523 985/1139/523 970/1117/523
f 963/1133/524 977/1138/524 978/1140/524
f 971/1118/525 985/1139/525 986/1141/525
f 963/1133/526 979/1142/526 964/1119/526
f 971/1118/527 987/1143/527 972/1120/527
f 965/1121/528 979/1142/528 980/1144/528
f 972/1120/513 988/1145/513 973/1122/513
f 966/1123/514 980/1144/514 981/1146/514
f 959/1125/515 516/1147/515 974/1148/515
f 523/1149/516 973/1122/516 988/1145/516
f 966/1123/517 982/1150/517 967/1127/517
f 960/1128/518 974/1148/518 975/1135/518
f 986/1141/534 996/599/534 987/1143/534
f 980/1144/535 992/594/535 519/600/535
f 987/1143/536 997/603/536 988/1145/536
f 981/1146/599 519/600/599 520/605/599
f 974/1148/538 516/1151/538 989/606/538
f 523/1152/539 988/1145/539 997/603/539
f 981/1146/600 521/610/600 982/1150/600
f 975/1135/541 989/606/541 990/612/541
f 982/1150/542 993/615/542 983/1134/542
f 976/1136/543 990/612/543 517/616/543
f 983/1134/544 522/619/544 984/1137/544
f 977/1138/529 517/616/529 991/620/529
f 984/1137/530 994/622/530 985/1139/530
f 978/1140/531 991/620/531 518/624/531
f 986/1141/532 994/622/532 995/597/532
f 979/1142/533 518/624/533 992/594/533
f 1474/1153/533 1010/1154/533 1000/1155/533
f 1019/1156/534 1477/1157/534 1478/1158/534
f 1001/1159/535 1011/1160/535 1474/1153/535
f 1479/1161/536 1019/1156/536 1478/1158/536
f 1013/1162/599 1001/1159/599 1002/1163/599
f 1471/1164/538 1006/1165/538 998/1166/538
f 1005/1167/539 1020/1168/539 1479/1161/539
f 1003/1169/600 1013/1162/600 1002/1163/600
f 1007/1170/541 1471/1164/541 1472/1171/541
f 1015/1172/542 1003/1169/542 1475/1173/542
f 999/1174/543 1007/1170/543 1472/1171/543
f 1016/1175/544 1475/1173/544 1004/1176/544
f 1009/1177/529 999/1174/529 1473/1178/529
f 1017/1179/530 1004/1176/530 1476/1180/530
f 1000/1155/531 1009/1177/531 1473/1178/531
f 1018/1181/532 1476/1180/532 1477/1157/532
f 1032/1182/523 1016/1175/523 1017/1179/523
f 1010/1154/524 1024/1183/524 1009/1177/524
f 1018/1181/525 1032/1182/525 1017/1179/525
f 1026/1184/526 1010/1154/526 1011/1160/526
f 1019/1156/527 1033/1185/527 1018/1181/527
f 1012/1186/528 1026/1184/528 1011/1160/528
f 1020/1168/601 1034/1187/601 1019/1156/601
f 1028/1188/514 1012/1186/514 1013/1162/514
f 1006/1165/515 1021/1189/515 998/1190/515
f 1005/1191/516 1035/1192/516 1020/1168/516
f 1014/1193/602 1028/1188/602 1013/1162/602
f 1022/1194/603 1006/1165/603 1007/1170/603
f 1030/1195/519 1014/1193/519 1015/1172/519
f 1023/1196/520 1007/1170/520 1008/1197/520
f 1016/1175/521 1030/1195/521 1015/1172/521
f 1024/1183/522 1008/1197/522 1009/1177/522
f 1005/1198/508 1050/1199/508 1035/1192/508
f 1029/1200/604 1043/1201/604 1028/1188/604
f 1022/1194/510 1036/1202/510 1021/1189/510
f 1045/1203/511 1029/1200/511 1030/1195/511
f 1038/1204/512 1022/1194/512 1023/1196/512
f 1031/1205/497 1045/1203/497 1030/1195/497
f 1024/1183/498 1038/1204/498 1023/1196/498
f 1047/1206/499 1031/1205/499 1032/1182/499
f 1025/1207/500 1039/1208/500 1024/1183/500
f 1048/1209/501 1032/1182/501 1033/1185/501
f 1041/1210/502 1025/1207/502 1026/1184/502
f 1034/1187/605 1048/1209/605 1033/1185/605
f 1027/1211/504 1041/1210/504 1026/1184/504
f 1050/1199/505 1034/1187/505 1035/1192/505
f 1043/1201/606 1027/1211/606 1028/1188/606
f 1021/1189/507 1036/1202/507 998/1212/507
f 1063/1213/495 1047/1206/495 1048/1209/495
f 1056/1214/496 1040/1215/496 1041/1210/496
f 1049/1216/481 1063/1213/481 1048/1209/481
f 1042/1217/482 1056/1214/482 1041/1210/482
f 1050/1199/483 1064/1218/483 1049/1216/483
f 1058/1219/607 1042/1217/607 1043/1201/607
f 1036/1202/485 1051/1220/485 998/1221/485
f 1005/1222/486 1065/1223/486 1050/1199/486
f 1044/1224/608 1058/1219/608 1043/1201/608
f 1052/1225/488 1036/1202/488 1037/1226/488
f 1060/1227/489 1044/1224/489 1045/1203/489
f 1053/1228/490 1037/1226/490 1038/1204/490
f 1046/1229/491 1060/1227/491 1045/1203/491
f 1039/1208/492 1053/1228/492 1038/1204/492
f 1062/1230/493 1046/1229/493 1047/1206/493
f 1040/1215/494 1054/1231/494 1039/1208/494
f 1067/1232/609 1051/1220/609 1052/1225/609
f 1075/1233/465 1059/1234/465 1060/1227/465
f 1053/1228/466 1067/1232/466 1052/1225/466
f 1061/1235/467 1075/1233/467 1060/1227/467
f 1054/1231/468 1068/1236/468 1053/1228/468
f 1062/1230/469 1076/1237/469 1061/1235/469
f 1070/1238/470 1054/1231/470 1055/1239/470
f 1078/1240/471 1062/1230/471 1063/1213/471
f 1071/1241/472 1055/1239/472 1056/1214/472
f 1079/1242/473 1063/1213/473 1064/1218/473
f 1057/1243/474 1071/1241/474 1056/1214/474
f 1065/1223/610 1079/1242/610 1064/1218/610
f 1073/1244/476 1057/1243/476 1058/1219/476
f 1051/1220/477 1066/1245/477 998/1246/477
f 1005/1247/478 1080/1248/478 1065/1223/478
f 1059/1234/479 1073/1244/479 1058/1219/479
f 1071/1241/449 1085/1249/449 1070/1238/449
f 1079/1242/597 1093/1250/597 1078/1240/597
f 1072/1251/451 1086/1252/451 1071/1241/451
f 1080/1248/452 1094/1253/452 1079/1242/452
f 1073/1244/611 1087/1254/611 1072/1251/611
f 1066/1245/454 1081/1255/454 998/1256/454
f 1005/1257/455 1095/1258/455 1080/1248/455
f 1089/1259/456 1073/1244/456 1074/1260/456
f 1082/1261/457 1066/1245/457 1067/1232/457
f 1090/1262/458 1074/1260/458 1075/1233/458
f 1083/1263/612 1067/1232/612 1068/1236/612
f 1091/1264/460 1075/1233/460 1076/1237/460
f 1084/1265/461 1068/1236/461 1069/1266/461
f 1077/1267/462 1091/1264/462 1076/1237/462
f 1085/1249/463 1069/1266/463 1070/1238/463
f 1078/1240/464 1092/1268/464 1077/1267/464
f 1090/1262/434 1104/1269/434 1089/1259/434
f 1083/1263/435 1097/1270/435 1082/1261/435
f 1106/1271/436 1090/1262/436 1091/1264/436
f 1084/1265/437 1098/1272/437 1083/1263/437
f 1107/1273/438 1091/1264/438 1092/1268/438
f 1085/1249/439 1099/1274/439 1084/1265/439
f 1108/1275/440 1092/1268/440 1093/1250/440
f 1086/1252/441 1100/1276/441 1085/1249/441
f 1109/1277/442 1093/1250/442 1094/1253/442
f 1102/1278/443 1086/1252/443 1087/1254/443
f 1110/1279/444 1094/1253/444 1095/1258/444
f 1103/1280/445 1087/1254/445 1088/1281/445
f 1081/1255/446 1096/1282/446 998/1283/446
f 1005/1284/447 1110/1279/447 1095/1258/447
f 1089/1259/448 1103/1280/448 1088/1281/448
f 1082/1261/433 1096/1282/433 1081/1255/433
f 1109/1277/419 1123/1285/419 1108/1275/419
f 1102/1278/420 1116/1286/420 1101/1287/420
f 1110/1279/421 1124/1288/421 1109/1277/421
f 1118/1289/613 1102/1278/613 1103/1280/613
f 1096/1282/423 1111/1290/423 998/1291/423
f 1005/1292/424 1125/1293/424 1110/1279/424
f 1104/1269/614 1118/1289/614 1103/1280/614
f 1112/1294/426 1096/1282/426 1097/1270/426
f 1120/1295/427 1104/1269/427 1105/1296/427
f 1113/1297/428 1097/1270/428 1098/1272/428
f 1121/1298/429 1105/1296/429 1106/1271/429
f 1114/1299/430 1098/1272/430 1099/1274/430
f 1107/1273/431 1121/1298/431 1106/1271/431
f 1115/1300/432 1099/1274/432 1100/1276/432
f 1108/1275/417 1122/1301/417 1107/1273/417
f 1101/1287/418 1115/1300/418 1100/1276/418
f 1128/1302/404 1112/1294/404 1113/1297/404
f 1121/1298/405 1135/1303/405 1120/1295/405
f 1114/1299/406 1128/1302/406 1113/1297/406
f 1137/1304/407 1121/1298/407 1122/1301/407
f 1115/1300/408 1129/1305/408 1114/1299/408
f 1138/1306/409 1122/1301/409 1123/1285/409
f 1131/1307/410 1115/1300/410 1116/1286/410
f 1124/1288/411 1138/1306/411 1123/1285/411
f 1132/1308/412 1116/1286/412 1117/1309/412
f 1140/1310/413 1124/1288/413 1125/1293/413
f 1133/1311/414 1117/1309/414 1118/1289/414
f 1111/1290/415 1126/1312/415 998/1313/415
f 1005/1314/416 1140/1310/416 1125/1293/416
f 1119/1315/401 1133/1311/401 1118/1289/401
f 1112/1294/402 1126/1312/402 1111/1290/402
f 1120/1295/403 1134/1316/403 1119/1315/403
f 1132/1308/389 1146/1317/389 1131/1307/389
f 1140/1310/589 1154/1318/589 1139/1319/589
f 1133/1311/391 1147/1320/391 1132/1308/391
f 1126/1312/392 1141/1321/392 998/1322/392
f 1005/1323/393 1155/1324/393 1140/1310/393
f 1149/1325/394 1133/1311/394 1134/1316/394
f 1142/1326/395 1126/1312/395 1127/1327/395
f 1150/1328/396 1134/1316/396 1135/1303/396
f 1143/1329/397 1127/1327/397 1128/1302/397
f 1136/1330/398 1150/1328/398 1135/1303/398
f 1144/1331/399 1128/1302/399 1129/1305/399
f 1152/1332/400 1136/1330/400 1137/1304/400
f 1130/1333/385 1144/1331/385 1129/1305/385
f 1138/1306/386 1152/1332/386 1137/1304/386
f 1146/1317/387 1130/1333/387 1131/1307/387
f 1139/1319/388 1153/1334/388 1138/1306/388
f 1151/1335/375 1165/1336/375 1150/1328/375
f 1144/1331/376 1158/1337/376 1143/1329/376
f 1167/1338/377 1151/1335/377 1152/1332/377
f 1145/1339/378 1159/1340/378 1144/1331/378
f 1168/1341/379 1152/1332/379 1153/1334/379
f 1161/1342/380 1145/1339/380 1146/1317/380
f 1169/1343/381 1153/1334/381 1154/1318/381
f 1162/1344/382 1146/1317/382 1147/1320/382
f 1155/1324/585 1169/1343/585 1154/1318/585
f 1148/1345/586 1162/1344/586 1147/1320/586
f 1141/1321/369 1156/1346/369 998/1347/369
f 1005/1348/370 1170/1349/370 1155/1324/370
f 1164/1350/371 1148/1345/371 1149/1325/371
f 1157/1351/587 1141/1321/587 1142/1326/587
f 1150/1328/373 1164/1350/373 1149/1325/373
f 1143/1329/374 1157/1351/374 1142/1326/374
f 1185/1352/584 1169/1343/584 1170/1349/584
f 1163/1353/360 1177/1354/360 1162/1344/360
f 1156/1346/361 1171/1355/361 998/1356/361
f 1005/1357/362 1185/1352/362 1170/1349/362
f 1179/1358/363 1163/1353/363 1164/1350/363
f 1157/1351/615 1171/1355/615 1156/1346/615
f 1165/1336/365 1179/1358/365 1164/1350/365
f 1173/1359/366 1157/1351/366 1158/1337/366
f 1181/1360/367 1165/1336/367 1166/1361/367
f 1174/1362/368 1158/1337/368 1159/1340/368
f 1182/1363/353 1166/1361/353 1167/1338/353
f 1160/1364/354 1174/1362/354 1159/1340/354
f 1168/1341/355 1182/1363/355 1167/1338/355
f 1161/1342/356 1175/1365/356 1160/1364/356
f 1169/1343/357 1183/1366/357 1168/1341/357
f 1177/1354/358 1161/1342/358 1162/1344/358
f 1197/1367/347 1181/1360/347 1182/1363/347
f 1175/1365/348 1189/1368/348 1174/1362/348
f 1198/1369/349 1182/1363/349 1183/1366/349
f 1191/1370/350 1175/1365/350 1176/1371/350
f 1199/1372/351 1183/1366/351 1184/1373/351
f 1192/1374/352 1176/1371/352 1177/1354/352
f 1200/1375/582 1184/1373/582 1185/1352/582
f 1178/1376/338 1192/1374/338 1177/1354/338
f 1171/1355/339 1186/1377/339 998/1378/339
f 1005/1379/340 1200/1375/340 1185/1352/340
f 1194/1380/341 1178/1376/341 1179/1358/341
f 1172/1381/616 1186/1377/616 1171/1355/616
f 1180/1382/343 1194/1380/343 1179/1358/343
f 1173/1359/344 1187/1383/344 1172/1381/344
f 1181/1360/345 1195/1384/345 1180/1382/345
f 1174/1362/346 1188/1385/346 1173/1359/346
f 1186/1377/331 1201/1386/331 998/1387/331
f 1005/1388/332 1215/1389/332 1200/1375/332
f 1209/1390/617 1193/1391/617 1194/1380/617
f 1187/1383/618 1201/1386/618 1186/1377/618
f 1195/1384/335 1209/1390/335 1194/1380/335
f 1188/1385/581 1202/1392/581 1187/1383/581
f 1211/1393/321 1195/1384/321 1196/1394/321
f 1189/1368/322 1203/1395/322 1188/1385/322
f 1212/1396/323 1196/1394/323 1197/1367/323
f 1190/1397/324 1204/1398/324 1189/1368/324
f 1213/1399/325 1197/1367/325 1198/1369/325
f 1191/1370/326 1205/1400/326 1190/1397/326
f 1214/1401/327 1198/1369/327 1199/1372/327
f 1207/1402/328 1191/1370/328 1192/1374/328
f 1215/1389/579 1199/1372/579 1200/1375/579
f 1193/1391/619 1207/1402/619 1192/1374/619
f 1220/1403/317 1204/1398/317 1205/1400/317
f 1213/1399/318 1227/1404/318 1212/1396/318
f 1221/1405/576 1205/1400/576 1206/1406/576
f 1214/1401/320 1228/1407/320 1213/1399/320
f 1222/1408/305 1206/1406/305 1207/1402/305
f 1215/1389/306 1229/1409/306 1214/1401/306
f 1208/1410/307 1222/1408/307 1207/1402/307
f 1201/1386/308 1216/1411/308 998/1412/308
f 1005/1413/309 1230/1414/309 1215/1389/309
f 1224/1415/310 1208/1410/310 1209/1390/310
f 1217/1416/311 1201/1386/311 1202/1392/311
f 1210/1417/312 1224/1415/312 1209/1390/312
f 1218/1418/313 1202/1392/313 1203/1395/313
f 1211/1393/620 1225/1419/620 1210/1417/620
f 1219/1420/315 1203/1395/315 1204/1398/315
f 1212/1396/316 1226/1421/316 1211/1393/316
f 1239/1422/621 1223/1423/621 1224/1415/621
f 1217/1416/303 1231/1424/303 1216/1411/303
f 1240/1425/304 1224/1415/304 1225/1419/304
f 1218/1418/289 1232/1426/289 1217/1416/289
f 1226/1421/290 1240/1425/290 1225/1419/290
f 1234/1427/291 1218/1418/291 1219/1420/291
f 1242/1428/292 1226/1421/292 1227/1404/292
f 1220/1403/293 1234/1427/293 1219/1420/293
f 1228/1407/294 1242/1428/294 1227/1404/294
f 1236/1429/295 1220/1403/295 1221/1405/295
f 1244/1430/296 1228/1407/296 1229/1409/296
f 1222/1408/297 1236/1429/297 1221/1405/297
f 1245/1431/298 1229/1409/298 1230/1414/298
f 1223/1423/622 1237/1432/622 1222/1408/622
f 1216/1411/300 1231/1424/300 998/1433/300
f 1005/1434/301 1245/1431/301 1230/1414/301
f 1243/1435/287 1257/1436/287 1242/1428/287
f 1251/1437/288 1235/1438/288 1236/1429/288
f 1259/1439/273 1243/1435/273 1244/1430/273
f 1237/1432/274 1251/1437/274 1236/1429/274
f 1260/1440/275 1244/1430/275 1245/1431/275
f 1238/1441/623 1252/1442/623 1237/1432/623
f 1231/1424/277 1246/1443/277 998/1444/277
f 1005/1445/278 1260/1440/278 1245/1431/278
f 1254/1446/573 1238/1441/573 1239/1422/573
f 1247/1447/280 1231/1424/280 1232/1426/280
f 1255/1448/281 1239/1422/281 1240/1425/281
f 1233/1449/282 1247/1447/282 1232/1426/282
f 1241/1450/283 1255/1448/283 1240/1425/283
f 1249/1451/284 1233/1449/284 1234/1427/284
f 1257/1436/285 1241/1450/285 1242/1428/285
f 1235/1438/286 1249/1451/286 1234/1427/286
f 1247/1447/272 1261/1452/272 1246/1443/272
f 1270/1453/257 1254/1446/257 1255/1448/257
f 1263/1454/258 1247/1447/258 1248/1455/258
f 1256/1456/259 1270/1453/259 1255/1448/259
f 1264/1457/260 1248/1455/260 1249/1451/260
f 1272/1458/261 1256/1456/261 1257/1436/261
f 1250/1459/262 1264/1457/262 1249/1451/262
f 1258/1460/263 1272/1458/263 1257/1436/263
f 1266/1461/264 1250/1459/264 1251/1437/264
f 1259/1439/265 1273/1462/265 1258/1460/265
f 1252/1442/266 1266/1461/266 1251/1437/266
f 1275/1463/267 1259/1439/267 1260/1440/267
f 1268/1464/624 1252/1442/624 1253/1465/624
f 1246/1443/269 1261/1452/269 998/1466/269
f 1005/1467/270 1275/1463/270 1260/1440/270
f 1254/1446/625 1268/1464/625 1253/1465/625
f 1281/1468/241 1265/1469/241 1266/1461/241
f 1289/1470/568 1273/1462/568 1274/1471/568
f 1267/1472/243 1281/1468/243 1266/1461/243
f 1275/1463/244 1289/1470/244 1274/1471/244
f 1268/1464/245 1282/1473/245 1267/1472/245
f 1261/1452/246 1276/1474/246 998/1475/246
f 1005/1476/247 1290/1477/247 1275/1463/247
f 1284/1478/248 1268/1464/248 1269/1479/248
f 1277/1480/249 1261/1452/249 1262/1481/249
f 1285/1482/250 1269/1479/250 1270/1453/250
f 1263/1454/567 1277/1480/567 1262/1481/567
f 1271/1483/252 1285/1482/252 1270/1453/252
f 1264/1457/253 1278/1484/253 1263/1454/253
f 1287/1485/254 1271/1483/254 1272/1458/254
f 1265/1469/255 1279/1486/255 1264/1457/255
f 1288/1487/256 1272/1458/256 1273/1462/256
f 1300/1488/226 1284/1478/226 1285/1482/226
f 1293/1489/227 1277/1480/227 1278/1484/227
f 1286/1490/228 1300/1488/228 1285/1482/228
f 1279/1486/229 1293/1489/229 1278/1484/229
f 1287/1485/230 1301/1491/230 1286/1490/230
f 1295/1492/231 1279/1486/231 1280/1493/231
f 1303/1494/232 1287/1485/232 1288/1487/232
f 1296/1495/233 1280/1493/233 1281/1468/233
f 1289/1470/234 1303/1494/234 1288/1487/234
f 1282/1473/235 1296/1495/235 1281/1468/235
f 1305/1496/566 1289/1470/566 1290/1477/566
f 1283/1497/237 1297/1498/237 1282/1473/237
f 1276/1474/238 1291/1499/238 998/1500/238
f 1005/1501/239 1305/1496/239 1290/1477/239
f 1299/1502/240 1283/1497/240 1284/1478/240
f 1277/1480/626 1291/1499/626 1276/1474/626
f 1304/1503/211 1318/1504/211 1303/1494/211
f 1297/1498/212 1311/1505/212 1296/1495/212
f 1305/1496/213 1319/1506/213 1304/1503/213
f 1298/1507/627 1312/1508/627 1297/1498/627
f 1291/1499/215 1306/1509/215 998/1510/215
f 1005/1511/216 1320/1512/216 1305/1496/216
f 1314/1513/628 1298/1507/628 1299/1502/628
f 1307/1514/218 1291/1499/218 1292/1515/218
f 1315/1516/219 1299/1502/219 1300/1488/219
f 1308/1517/220 1292/1515/220 1293/1489/220
f 1301/1491/221 1315/1516/221 1300/1488/221
f 1294/1518/222 1308/1517/222 1293/1489/222
f 1317/1519/223 1301/1491/223 1302/1520/223
f 1295/1492/224 1309/1521/224 1294/1518/224
f 1318/1504/209 1302/1520/209 1303/1494/209
f 1311/1505/210 1295/1492/210 1296/1495/210
f 1316/1522/198 1330/1523/198 1315/1516/198
f 1324/1524/199 1308/1517/199 1309/1521/199
f 1317/1519/200 1331/1525/200 1316/1522/200
f 1325/1526/201 1309/1521/201 1310/1527/201
f 1318/1504/202 1332/1528/202 1317/1519/202
f 1326/1529/203 1310/1527/203 1311/1505/203
f 1334/1530/204 1318/1504/204 1319/1506/204
f 1312/1508/205 1326/1529/205 1311/1505/205
f 1335/1531/206 1319/1506/206 1320/1512/206
f 1313/1532/207 1327/1533/207 1312/1508/207
f 1306/1509/208 1321/1534/208 998/1535/208
f 1005/1536/193 1335/1531/193 1320/1512/193
f 1329/1537/194 1313/1532/194 1314/1513/194
f 1307/1514/195 1321/1534/195 1306/1509/195
f 1330/1523/196 1314/1513/196 1315/1516/196
f 1308/1517/197 1322/1538/197 1307/1514/197
f 1335/1531/183 1349/1539/183 1334/1530/183
f 1328/1540/184 1342/1541/184 1327/1533/184
f 1321/1534/185 1336/1542/185 998/1543/185
f 1005/1544/186 1350/1545/186 1335/1531/186
f 1344/1546/187 1328/1540/187 1329/1537/187
f 1337/1547/188 1321/1534/188 1322/1538/188
f 1345/1548/189 1329/1537/189 1330/1523/189
f 1323/1549/190 1337/1547/190 1322/1538/190
f 1331/1525/191 1345/1548/191 1330/1523/191
f 1324/1524/192 1338/1550/192 1323/1549/192
f 1347/1551/177 1331/1525/177 1332/1528/177
f 1325/1526/178 1339/1552/178 1324/1524/178
f 1348/1553/179 1332/1528/179 1333/1554/179
f 1341/1555/180 1325/1526/180 1326/1529/180
f 1349/1539/181 1333/1554/181 1334/1530/181
f 1327/1533/182 1341/1555/182 1326/1529/182
f 1354/1556/169 1338/1550/169 1339/1552/169
f 1362/1557/170 1346/1558/170 1347/1551/170
f 1340/1559/171 1354/1556/171 1339/1552/171
f 1348/1553/172 1362/1557/172 1347/1551/172
f 1356/1560/173 1340/1559/173 1341/1555/173
f 1364/1561/174 1348/1553/174 1349/1539/174
f 1342/1541/175 1356/1560/175 1341/1555/175
f 1365/1562/560 1349/1539/560 1350/1545/560
f 1343/1563/561 1357/1564/561 1342/1541/561
f 1336/1542/162 1351/1565/162 998/1566/162
f 1005/1567/163 1365/1562/163 1350/1545/163
f 1359/1568/164 1343/1563/164 1344/1546/164
f 1337/1547/629 1351/1565/629 1336/1542/629
f 1360/1569/166 1344/1546/166 1345/1548/166
f 1338/1550/167 1352/1570/167 1337/1547/167
f 1346/1558/168 1360/1569/168 1345/1548/168
f 1358/1571/630 1372/1572/630 1357/1573/630
f 1351/1574/154 1366/1575/154 998/1576/154
f 1005/1577/155 1380/1578/155 1365/1579/155
f 1374/1580/156 1358/1571/156 1359/1581/156
f 1367/1582/631 1351/1574/631 1352/1583/631
f 1375/1584/158 1359/1581/158 1360/1585/158
f 1353/1586/159 1367/1582/159 1352/1583/159
f 1361/1587/160 1375/1584/160 1360/1585/160
f 1369/1588/145 1353/1586/145 1354/1589/145
f 1377/1590/146 1361/1587/146 1362/1591/146
f 1355/1592/147 1369/1588/147 1354/1589/147
f 1363/1593/148 1377/1590/148 1362/1591/148
f 1371/1594/149 1355/1592/149 1356/1595/149
f 1379/1596/150 1363/1593/150 1364/1597/150
f 1357/1573/151 1371/1594/151 1356/1595/151
f 1365/1579/632 1379/1596/632 1364/1597/632
f 1377/1590/139 1391/1598/139 1376/1599/139
f 1385/1600/140 1369/1588/140 1370/1601/140
f 1378/1602/141 1392/1603/141 1377/1590/141
f 1386/1604/142 1370/1601/142 1371/1594/142
f 1394/1605/143 1378/1602/143 1379/1596/143
f 1372/1572/144 1386/1604/144 1371/1594/144
f 1380/1578/129 1394/1605/129 1379/1596/129
f 1373/1606/130 1387/1607/130 1372/1572/130
f 1366/1575/131 1381/1608/131 998/1609/131
f 1005/1610/132 1395/1611/132 1380/1578/132
f 1389/1612/133 1373/1606/133 1374/1580/133
f 1382/1613/134 1366/1575/134 1367/1582/134
f 1390/1614/135 1374/1580/135 1375/1584/135
f 1368/1615/136 1382/1613/136 1367/1582/136
f 1376/1599/137 1390/1614/137 1375/1584/137
f 1384/1616/138 1368/1615/138 1369/1588/138
f 1381/1608/123 1396/1617/123 998/1618/123
f 1005/1619/124 1410/1620/124 1395/1611/124
f 1404/1621/125 1388/1622/125 1389/1612/125
f 1382/1613/556 1396/1617/556 1381/1608/556
f 1405/1623/127 1389/1612/127 1390/1614/127
f 1383/1624/128 1397/1625/128 1382/1613/128
f 1406/1626/113 1390/1614/113 1391/1598/113
f 1384/1616/114 1398/1627/114 1383/1624/114
f 1392/1603/115 1406/1626/115 1391/1598/115
f 1400/1628/116 1384/1616/116 1385/1600/116
f 1408/1629/117 1392/1603/117 1393/1630/117
f 1386/1604/118 1400/1628/118 1385/1600/118
f 1409/1631/119 1393/1630/119 1394/1605/119
f 1387/1607/120 1401/1632/120 1386/1604/120
f 1410/1620/633 1394/1605/633 1395/1611/633
f 1388/1622/122 1402/1633/122 1387/1607/122
f 1415/1634/109 1399/1635/109 1400/1628/109
f 1423/1636/110 1407/1637/110 1408/1629/110
f 1401/1632/111 1415/1634/111 1400/1628/111
f 1424/1638/112 1408/1629/112 1409/1631/112
f 1402/1633/97 1416/1639/97 1401/1632/97
f 1425/1640/553 1409/1631/553 1410/1620/553
f 1403/1641/99 1417/1642/99 1402/1633/99
f 1396/1617/100 1411/1643/100 998/1644/100
f 1005/1645/101 1425/1640/101 1410/1620/101
f 1419/1646/102 1403/1641/102 1404/1621/102
f 1397/1625/634 1411/1643/634 1396/1617/634
f 1420/1647/104 1404/1621/104 1405/1623/104
f 1398/1627/105 1412/1648/105 1397/1625/105
f 1421/1649/106 1405/1623/106 1406/1626/106
f 1399/1635/107 1413/1650/107 1398/1627/107
f 1407/1637/108 1421/1649/108 1406/1626/108
f 1434/1651/94 1418/1652/94 1419/1646/94
f 1427/1653/95 1411/1643/95 1412/1648/95
f 1435/1654/96 1419/1646/96 1420/1647/96
f 1428/1655/81 1412/1648/81 1413/1650/81
f 1421/1649/82 1435/1654/82 1420/1647/82
f 1429/1656/83 1413/1650/83 1414/1657/83
f 1422/1658/84 1436/1659/84 1421/1649/84
f 1430/1660/85 1414/1657/85 1415/1634/85
f 1423/1636/86 1437/1661/86 1422/1658/86
f 1431/1662/87 1415/1634/87 1416/1639/87
f 1424/1638/88 1438/1663/88 1423/1636/88
f 1417/1642/89 1431/1662/89 1416/1639/89
f 1425/1640/635 1439/1664/635 1424/1638/635
f 1418/1652/91 1432/1665/91 1417/1642/91
f 1411/1643/92 1426/1666/92 998/1667/92
f 1005/1668/93 1440/1669/93 1425/1640/93
f 1438/1663/79 1452/1670/79 1437/1661/79
f 1446/1671/80 1430/1660/80 1431/1662/80
f 1454/1672/65 1438/1663/65 1439/1664/65
f 1432/1665/66 1446/1671/66 1431/1662/66
f 1455/1673/67 1439/1664/67 1440/1669/67
f 1433/1674/551 1447/1675/551 1432/1665/551
f 1426/1666/69 1441/1676/69 998/1677/69
f 1005/1678/70 1455/1673/70 1440/1669/70
f 1449/1679/636 1433/1674/636 1434/1651/636
f 1427/1653/72 1441/1676/72 1426/1666/72
f 1450/1680/73 1434/1651/73 1435/1654/73
f 1428/1655/637 1442/1681/637 1427/1653/637
f 1436/1659/75 1450/1680/75 1435/1654/75
f 1444/1682/76 1428/1655/76 1429/1656/76
f 1452/1670/77 1436/1659/77 1437/1661/77
f 1430/1660/78 1444/1682/78 1429/1656/78
f 1465/1683/49 1449/1679/49 1450/1680/49
f 1443/1684/50 1457/1685/50 1442/1681/50
f 1451/1686/638 1465/1683/638 1450/1680/638
f 1459/1687/52 1443/1684/52 1444/1682/52
f 1467/1688/53 1451/1686/53 1452/1670/53
f 1445/1689/54 1459/1687/54 1444/1682/54
f 1453/1690/55 1467/1688/55 1452/1670/55
f 1461/1691/56 1445/1689/56 1446/1671/56
f 1469/1692/57 1453/1690/57 1454/1672/57
f 1447/1675/58 1461/1691/58 1446/1671/58
f 1470/1693/59 1454/1672/59 1455/1673/59
f 1448/1694/60 1462/1695/60 1447/1675/60
f 1441/1676/61 1456/1696/61 998/1697/61
f 1005/1698/62 1470/1693/62 1455/1673/62
f 1464/1699/63 1448/1694/63 1449/1679/63
f 1442/1681/64 1456/1696/64 1441/1676/64
f 1469/1692/39 1477/1157/39 1468/1700/39
f 1462/1695/40 1474/1153/40 1461/1691/40
f 1479/1161/41 1469/1692/41 1470/1693/41
f 1463/1701/639 1001/1159/639 1462/1695/639
f 1456/1696/43 1471/1164/43 998/1702/43
f 1005/1703/44 1479/1161/44 1470/1693/44
f 1003/1169/640 1463/1701/640 1464/1699/640
f 1472/1171/46 1456/1696/46 1457/1685/46
f 1475/1173/47 1464/1699/47 1465/1683/47
f 1458/1704/48 1472/1171/48 1457/1685/48
f 1466/1705/33 1475/1173/33 1465/1683/33
f 1459/1687/34 999/1174/34 1458/1704/34
f 1476/1180/35 1466/1705/35 1467/1688/35
f 1460/1706/36 1473/1178/36 1459/1687/36
f 1468/1700/37 1476/1180/37 1467/1688/37
f 1474/1153/38 1460/1706/38 1461/1691/38
f 511/35/33 51/65/33 52/36/33
f 509/38/34 35/66/34 44/39/34
f 40/37/35 52/36/35 53/41/35
f 36/43/36 509/38/36 45/40/36
f 512/42/37 53/41/37 54/45/37
f 510/47/38 36/43/38 46/44/38
f 513/46/39 54/45/39 55/49/39
f 37/51/40 510/47/40 47/48/40
f 514/50/41 55/49/41 56/53/41
f 37/51/641 48/52/641 49/55/641
f 39/61/642 38/56/642 49/55/642
f 508/63/46 507/57/46 42/59/46
f 39/61/47 50/62/47 51/65/47
f 35/66/48 508/63/48 43/64/48
f 50/62/49 65/82/49 66/67/49
f 43/64/50 58/83/50 59/68/50
f 52/36/51 51/65/51 66/67/51
f 44/39/52 59/68/52 60/70/52
f 53/41/53 52/36/53 67/69/53
f 45/40/54 60/70/54 61/72/54
f 54/45/55 53/41/55 68/71/55
f 46/44/56 61/72/56 62/74/56
f 55/49/57 54/45/57 69/73/57
f 48/52/58 47/48/58 62/74/58
f 56/53/59 55/49/59 70/75/59
f 48/52/60 63/76/60 64/78/60
f 50/62/63 49/55/63 64/78/63
f 42/59/64 57/80/64 58/83/64
f 69/73/549 84/100/549 85/84/549
f 63/76/66 62/74/66 77/85/66
f 70/75/67 85/84/67 86/87/67
f 63/76/551 78/86/551 79/88/551
f 64/78/636 79/88/636 80/92/636
f 57/80/72 72/90/72 73/93/72
f 65/82/73 80/92/73 81/94/73
f 59/68/637 58/83/637 73/93/637
f 67/69/75 66/67/75 81/94/75
f 59/68/76 74/95/76 75/97/76
f 68/71/77 67/69/77 82/96/77
f 60/70/78 75/97/78 76/99/78
f 69/73/79 68/71/79 83/98/79
f 61/72/80 76/99/80 77/85/80
f 73/93/81 88/117/81 89/101/81
f 82/96/82 81/94/82 96/102/82
f 74/95/83 89/101/83 90/104/83
f 82/96/84 97/103/84 98/105/84
f 76/99/85 75/97/85 90/104/85
f 84/100/86 83/98/86 98/105/86
f 76/99/87 91/106/87 92/108/87
f 85/84/88 84/100/88 99/107/88
f 78/86/89 77/85/89 92/108/89
f 86/87/90 85/84/90 100/109/90
f 79/88/91 78/86/91 93/110/91
f 79/88/94 94/112/94 95/116/94
f 72/90/95 87/114/95 88/117/95
f 80/92/96 95/116/96 96/102/96
f 93/110/97 92/108/97 107/118/97
f 100/109/98 115/134/98 116/120/98
f 94/112/99 93/110/99 108/119/99
f 94/112/102 109/121/102 110/125/102
f 88/117/103 87/114/103 102/123/103
f 95/116/104 110/125/104 111/127/104
f 89/101/105 88/117/105 103/126/105
f 97/103/106 96/102/106 111/127/106
f 89/101/107 104/128/107 105/130/107
f 97/103/108 112/129/108 113/131/108
f 91/106/109 90/104/109 105/130/109
f 99/107/110 98/105/110 113/131/110
f 91/106/111 106/132/111 107/118/111
f 99/107/112 114/133/112 115/134/112
f 112/129/113 111/127/113 126/135/113
f 104/128/114 119/151/114 120/137/114
f 112/129/115 127/136/115 128/138/115
f 106/132/116 105/130/116 120/137/116
f 114/133/117 113/131/117 128/138/117
f 106/132/118 121/139/118 122/141/118
f 115/134/119 114/133/119 129/140/119
f 108/119/120 107/118/120 122/141/120
f 116/120/121 115/134/121 130/142/121
f 109/121/122 108/119/122 123/143/122
f 109/121/125 124/145/125 125/149/125
f 102/123/126 117/147/126 118/150/126
f 110/125/127 125/149/127 126/135/127
f 103/126/128 118/150/128 119/151/128
f 130/142/129 145/168/129 146/152/129
f 124/145/130 123/143/130 138/153/130
f 124/145/133 139/154/133 140/158/133
f 118/150/134 117/147/134 132/156/134
f 125/149/135 140/158/135 141/160/135
f 119/151/136 118/150/136 133/159/136
f 127/136/137 126/135/137 141/160/137
f 119/151/138 134/161/138 135/163/138
f 127/136/139 142/162/139 143/164/139
f 121/139/140 120/137/140 135/163/140
f 129/140/141 128/138/141 143/164/141
f 121/139/142 136/165/142 137/167/142
f 129/140/143 144/166/143 145/168/143
f 123/143/144 122/141/144 137/167/144
f 134/161/145 149/184/145 150/169/145
f 142/162/146 157/185/146 158/170/146
f 136/165/147 135/163/147 150/169/147
f 144/166/148 143/164/148 158/170/148
f 136/165/149 151/171/149 152/173/149
f 145/168/150 144/166/150 159/172/150
f 138/153/151 137/167/151 152/173/151
f 146/152/152 145/168/152 160/174/152
f 139/154/630 138/153/630 153/175/630
f 139/154/643 154/177/643 155/181/643
f 132/156/157 147/179/157 148/182/157
f 140/158/158 155/181/158 156/183/158
f 133/159/159 148/182/159 149/184/159
f 142/162/160 141/160/160 156/183/160
f 154/177/561 153/175/561 168/186/561
f 154/177/644 169/187/644 170/192/644
f 148/182/165 147/179/165 162/189/165
f 155/181/166 170/192/166 171/194/166
f 149/184/167 148/182/167 163/193/167
f 157/185/168 156/183/168 171/194/168
f 149/184/169 164/195/169 165/197/169
f 157/185/170 172/196/170 173/198/170
f 151/171/171 150/169/171 165/197/171
f 159/172/172 158/170/172 173/198/172
f 151/171/173 166/199/173 167/201/173
f 159/172/174 174/200/174 175/202/174
f 153/175/175 152/173/175 167/201/175
f 160/174/176 175/202/176 176/191/176
f 172/196/177 187/219/177 188/203/177
f 166/199/178 165/197/178 180/204/178
f 174/200/179 173/198/179 188/203/179
f 166/199/180 181/205/180 182/207/180
f 174/200/181 189/206/181 190/208/181
f 168/186/182 167/201/182 182/207/182
f 175/202/183 190/208/183 191/210/183
f 169/187/184 168/186/184 183/209/184
f 169/187/187 184/211/187 185/215/187
f 162/189/188 177/213/188 178/216/188
f 170/192/189 185/215/189 186/217/189
f 163/193/190 178/216/190 179/218/190
f 172/196/191 171/194/191 186/217/191
f 164/195/192 179/218/192 180/204/192
f 184/211/194 199/234/194 200/222/194
f 177/213/195 192/236/195 193/223/195
f 185/215/196 200/222/196 201/224/196
f 178/216/197 193/223/197 194/225/197
f 187/219/198 186/217/198 201/224/198
f 179/218/199 194/225/199 195/227/199
f 187/219/200 202/226/200 203/228/200
f 181/205/201 180/204/201 195/227/201
f 189/206/202 188/203/202 203/228/202
f 181/205/203 196/229/203 197/231/203
f 190/208/204 189/206/204 204/230/204
f 183/209/205 182/207/205 197/231/205
f 191/210/206 190/208/206 205/232/206
f 184/211/207 183/209/207 198/233/207
f 204/230/209 203/228/209 218/237/209
f 196/229/210 211/253/210 212/239/210
f 204/230/211 219/238/211 220/240/211
f 198/233/212 197/231/212 212/239/212
f 206/221/213 205/232/213 220/240/213
f 199/234/214 198/233/214 213/241/214
f 199/234/217 214/243/217 215/247/217
f 192/236/218 207/245/218 208/248/218
f 200/222/219 215/247/219 216/249/219
f 194/225/220 193/223/220 208/248/220
f 202/226/221 201/224/221 216/249/221
f 194/225/222 209/250/222 210/252/222
f 202/226/223 217/251/223 218/237/223
f 196/229/224 195/227/224 210/252/224
f 207/245/225 222/268/225 223/254/225
f 215/247/226 230/270/226 231/255/226
f 208/248/227 223/254/227 224/256/227
f 217/251/228 216/249/228 231/255/228
f 209/250/229 224/256/229 225/258/229
f 217/251/230 232/257/230 233/259/230
f 211/253/231 210/252/231 225/258/231
f 219/238/232 218/237/232 233/259/232
f 211/253/233 226/260/233 227/262/233
f 219/238/234 234/261/234 235/263/234
f 213/241/235 212/239/235 227/262/235
f 221/242/236 220/240/236 235/263/236
f 214/243/237 213/241/237 228/264/237
f 214/243/240 229/266/240 230/270/240
f 226/260/241 241/286/241 242/271/241
f 234/261/568 249/287/568 250/272/568
f 228/264/243 227/262/243 242/271/243
f 236/265/244 235/263/244 250/272/244
f 229/266/245 228/264/245 243/273/245
f 229/266/248 244/275/248 245/279/248
f 222/268/249 237/277/249 238/280/249
f 230/270/250 245/279/250 246/281/250
f 223/254/251 238/280/251 239/282/251
f 232/257/252 231/255/252 246/281/252
f 224/256/253 239/282/253 240/284/253
f 232/257/254 247/283/254 248/285/254
f 226/260/255 225/258/255 240/284/255
f 234/261/256 233/259/256 248/285/256
f 245/279/257 260/303/257 261/288/257
f 238/280/258 253/304/258 254/289/258
f 247/283/259 246/281/259 261/288/259
f 239/282/260 254/289/260 255/291/260
f 247/283/261 262/290/261 263/292/261
f 241/286/262 240/284/262 255/291/262
f 249/287/263 248/285/263 263/292/263
f 241/286/264 256/293/264 257/295/264
f 250/272/265 249/287/265 264/294/265
f 243/273/266 242/271/266 257/295/266
f 251/274/267 250/272/267 265/296/267
f 244/275/268 243/273/268 258/297/268
f 244/275/271 259/299/271 260/303/271
f 237/277/272 252/301/272 253/304/272
f 264/294/273 279/321/273 280/305/273
f 258/297/274 257/295/274 272/306/274
f 265/296/275 280/305/275 281/308/275
f 259/299/276 258/297/276 273/307/276
f 259/299/279 274/309/279 275/313/279
f 253/304/280 252/301/280 267/311/280
f 260/303/281 275/313/281 276/315/281
f 254/289/282 253/304/282 268/314/282
f 262/290/283 261/288/283 276/315/283
f 254/289/284 269/316/284 270/318/284
f 262/290/285 277/317/285 278/319/285
f 256/293/286 255/291/286 270/318/286
f 264/294/287 263/292/287 278/319/287
f 256/293/288 271/320/288 272/306/288
f 269/316/289 268/314/289 283/322/289
f 277/317/290 276/315/290 291/324/290
f 269/316/291 284/323/291 285/326/291
f 277/317/292 292/325/292 293/327/292
f 271/320/293 270/318/293 285/326/293
f 279/321/294 278/319/294 293/327/294
f 271/320/295 286/328/295 287/330/295
f 279/321/296 294/329/296 295/331/296
f 273/307/297 272/306/297 287/330/297
f 280/305/298 295/331/298 296/333/298
f 274/309/299 273/307/299 288/332/299
f 274/309/302 289/334/302 290/338/302
f 267/311/303 282/336/303 283/322/303
f 275/313/304 290/338/304 291/324/304
f 288/332/305 287/330/305 302/339/305
f 295/331/306 310/355/306 311/341/306
f 289/334/307 288/332/307 303/340/307
f 289/334/310 304/342/310 305/346/310
f 283/322/311 282/336/311 297/344/311
f 290/338/312 305/346/312 306/348/312
f 283/322/313 298/347/313 299/349/313
f 292/325/314 291/324/314 306/348/314
f 284/323/315 299/349/315 300/351/315
f 292/325/316 307/350/316 308/352/316
f 286/328/317 285/326/317 300/351/317
f 294/329/318 293/327/318 308/352/318
f 286/328/319 301/353/319 302/339/319
f 295/331/320 294/329/320 309/354/320
f 307/350/321 306/348/321 321/356/321
f 299/349/322 314/372/322 315/358/322
f 307/350/323 322/357/323 323/359/323
f 301/353/324 300/351/324 315/358/324
f 309/354/325 308/352/325 323/359/325
f 301/353/326 316/360/326 317/362/326
f 309/354/578 324/361/578 325/363/578
f 303/340/328 302/339/328 317/362/328
f 310/355/329 325/363/329 326/365/329
f 304/342/330 303/340/330 318/364/330
f 304/342/333 319/366/333 320/370/333
f 297/344/334 312/368/334 313/371/334
f 305/346/335 320/370/335 321/356/335
f 299/349/581 298/347/581 313/371/581
f 326/365/337 325/363/337 340/373/337
f 319/366/338 318/364/338 333/375/338
f 319/366/341 334/376/341 335/380/341
f 312/368/342 327/378/342 328/381/342
f 320/370/343 335/380/343 336/382/343
f 313/371/344 328/381/344 329/383/344
f 322/357/345 321/356/345 336/382/345
f 314/372/346 329/383/346 330/385/346
f 322/357/347 337/384/347 338/386/347
f 316/360/348 315/358/348 330/385/348
f 324/361/349 323/359/349 338/386/349
f 316/360/350 331/387/350 332/389/350
f 324/361/351 339/388/351 340/373/351
f 318/364/352 317/362/352 332/389/352
f 337/384/353 352/406/353 353/390/353
f 331/387/354 330/385/354 345/391/354
f 339/388/355 338/386/355 353/390/355
f 331/387/356 346/392/356 347/394/356
f 339/388/357 354/393/357 355/395/357
f 333/375/358 332/389/358 347/394/358
f 340/373/359 355/395/359 356/397/359
f 334/376/360 333/375/360 348/396/360
f 334/376/363 349/398/363 350/402/363
f 327/378/364 342/400/364 343/403/364
f 335/380/365 350/402/365 351/404/365
f 329/383/366 328/381/366 343/403/366
f 337/384/367 336/382/367 351/404/367
f 329/383/368 344/405/368 345/391/368
f 349/398/371 364/423/371 365/411/371
f 342/400/372 357/408/372 358/412/372
f 350/402/373 365/411/373 366/413/373
f 343/403/374 358/412/374 359/414/374
f 352/406/375 351/404/375 366/413/375
f 344/405/376 359/414/376 360/416/376
f 352/406/377 367/415/377 368/417/377
f 346/392/378 345/391/378 360/416/378
f 354/393/379 353/390/379 368/417/379
f 346/392/380 361/418/380 362/420/380
f 355/395/381 354/393/381 369/419/381
f 348/396/382 347/394/382 362/420/382
f 356/397/383 355/395/383 370/421/383
f 349/398/384 348/396/384 363/422/384
f 361/418/385 360/416/385 375/424/385
f 369/419/386 368/417/386 383/426/386
f 361/418/387 376/425/387 377/428/387
f 369/419/388 384/427/388 385/429/388
f 363/422/389 362/420/389 377/428/389
f 371/410/390 370/421/390 385/429/390
f 364/423/391 363/422/391 378/430/391
f 364/423/394 379/432/394 380/436/394
f 357/408/395 372/434/395 373/437/395
f 365/411/396 380/436/396 381/438/396
f 359/414/397 358/412/397 373/437/397
f 367/415/398 366/413/398 381/438/398
f 359/414/399 374/439/399 375/424/399
f 367/415/400 382/440/400 383/426/400
f 379/432/401 394/454/401 395/441/401
f 372/434/402 387/456/402 388/442/402
f 380/436/403 395/441/403 396/443/403
f 374/439/404 373/437/404 388/442/404
f 382/440/405 381/438/405 396/443/405
f 374/439/406 389/444/406 390/446/406
f 382/440/407 397/445/407 398/447/407
f 376/425/408 375/424/408 390/446/408
f 384/427/409 383/426/409 398/447/409
f 376/425/410 391/448/410 392/450/410
f 384/427/411 399/449/411 400/451/411
f 378/430/412 377/428/412 392/450/412
f 386/431/413 385/429/413 400/451/413
f 379/432/414 378/430/414 393/452/414
f 399/458/417 398/488/417 413/459/417
f 391/461/418 406/489/418 407/462/418
f 399/458/419 414/460/419 415/464/419
f 393/466/420 392/463/420 407/462/420
f 400/465/421 415/464/421 416/468/421
f 394/470/592 393/466/592 408/467/592
f 394/470/645 409/471/645 410/476/645
f 387/472/426 402/474/426 403/478/426
f 395/477/427 410/476/427 411/480/427
f 389/482/428 388/479/428 403/478/428
f 397/484/429 396/481/429 411/480/429
f 389/482/430 404/483/430 405/486/430
f 397/484/431 412/485/431 413/459/431
f 391/461/432 390/487/432 405/486/432
f 402/474/433 417/504/433 418/490/433
f 410/476/434 425/506/434 426/491/434
f 404/483/435 403/478/435 418/490/435
f 412/485/436 411/480/436 426/491/436
f 404/483/437 419/492/437 420/494/437
f 412/485/438 427/493/438 428/495/438
f 406/489/439 405/486/439 420/494/439
f 414/460/440 413/459/440 428/495/440
f 406/489/441 421/496/441 422/498/441
f 414/460/442 429/497/442 430/499/442
f 408/467/443 407/462/443 422/498/443
f 415/464/444 430/499/444 431/501/444
f 409/471/445 408/467/445 423/500/445
f 409/471/448 424/502/448 425/506/448
f 421/496/449 436/522/449 437/507/449
f 429/497/450 444/523/450 445/508/450
f 423/500/451 422/498/451 437/507/451
f 431/501/452 430/499/452 445/508/452
f 424/502/453 423/500/453 438/509/453
f 424/502/456 439/511/456 440/515/456
f 417/504/457 432/513/457 433/516/457
f 425/506/458 440/515/458 441/517/458
f 419/492/459 418/490/459 433/516/459
f 427/493/460 426/491/460 441/517/460
f 419/492/461 434/518/461 435/520/461
f 427/493/462 442/519/462 443/521/462
f 421/496/463 420/494/463 435/520/463
f 429/497/464 428/495/464 443/521/464
f 440/515/465 455/540/465 456/524/465
f 434/518/466 433/516/466 448/525/466
f 442/519/467 441/517/467 456/524/467
f 434/518/468 449/526/468 450/528/468
f 442/519/469 457/527/469 458/529/469
f 436/522/470 435/520/470 450/528/470
f 444/523/471 443/521/471 458/529/471
f 436/522/472 451/530/472 452/532/472
f 444/523/473 459/531/473 460/533/473
f 438/509/474 437/507/474 452/532/474
f 445/508/475 460/533/475 461/535/475
f 439/511/476 438/509/476 453/534/476
f 439/511/479 454/536/479 455/540/479
f 432/513/480 447/538/480 448/525/480
f 459/531/481 474/557/481 475/541/481
f 453/534/482 452/532/482 467/542/482
f 461/535/483 460/533/483 475/541/483
f 454/536/484 453/534/484 468/543/484
f 454/536/487 469/545/487 470/549/487
f 447/538/488 462/547/488 463/550/488
f 455/540/489 470/549/489 471/551/489
f 449/526/490 448/525/490 463/550/490
f 457/527/491 456/524/491 471/551/491
f 449/526/492 464/552/492 465/554/492
f 457/527/493 472/553/493 473/555/493
f 451/530/494 450/528/494 465/554/494
f 459/531/495 458/529/495 473/555/495
f 451/530/496 466/556/496 467/542/496
f 472/553/497 471/551/497 486/558/497
f 464/552/498 479/574/498 480/560/498
f 472/553/499 487/559/499 488/561/499
f 466/556/500 465/554/500 480/560/500
f 474/557/501 473/555/501 488/561/501
f 466/556/502 481/562/502 482/564/502
f 474/557/605 489/563/605 490/565/605
f 468/543/504 467/542/504 482/564/504
f 475/541/505 490/565/505 491/567/505
f 469/545/506 468/543/506 483/566/506
f 469/545/509 484/568/509 485/572/509
f 463/550/510 462/547/510 477/570/510
f 470/549/511 485/572/511 486/558/511
f 464/552/646 463/550/646 478/573/646
f 491/567/513 490/565/513 505/575/513
f 484/568/514 483/566/514 498/577/514
f 484/568/517 499/578/517 500/582/517
f 477/570/518 492/580/518 493/583/518
f 485/572/519 500/582/519 501/584/519
f 479/574/520 478/573/520 493/583/520
f 487/559/521 486/558/521 501/584/521
f 479/574/522 494/585/522 495/587/522
f 487/559/523 502/586/523 503/588/523
f 481/562/524 480/560/524 495/587/524
f 489/563/525 488/561/525 503/588/525
f 481/562/526 496/589/526 497/591/526
f 489/563/527 504/590/527 505/575/527
f 483/566/528 482/564/528 497/591/528
f 495/587/529 494/585/529 35/66/529
f 502/586/530 40/37/530 512/42/530
f 496/589/531 495/587/531 509/38/531
f 504/590/532 503/588/532 512/42/532
f 497/591/533 496/589/533 36/43/533
f 504/590/534 513/46/534 514/50/534
f 498/577/535 497/591/535 510/47/535
f 505/575/536 514/50/536 515/54/536
f 499/578/537 498/577/537 37/51/537
f 499/578/540 38/56/540 39/61/540
f 492/580/541 507/57/541 508/63/541
f 500/582/542 39/61/542 511/35/542
f 494/585/543 493/583/543 508/63/543
f 501/584/544 511/35/544 40/37/544
f 992/594/38 518/624/38 528/595/38
f 995/597/39 536/625/39 537/598/39
f 519/600/40 992/594/40 529/596/40
f 996/599/41 537/598/41 538/602/41
f 519/600/641 530/601/641 531/604/641
f 521/610/647 520/605/647 531/604/647
f 990/612/46 989/606/46 524/608/46
f 521/610/47 532/611/47 533/614/47
f 517/616/48 990/612/48 525/613/48
f 993/615/33 533/614/33 534/618/33
f 991/620/34 517/616/34 526/617/34
f 994/622/35 522/619/35 534/618/35
f 991/620/36 527/621/36 528/595/36
f 994/622/37 535/623/37 536/625/37
f 534/618/53 549/642/53 550/626/53
f 528/595/54 527/621/54 542/627/54
f 536/625/55 535/623/55 550/626/55
f 528/595/56 543/628/56 544/630/56
f 537/598/57 536/625/57 551/629/57
f 529/596/58 544/630/58 545/632/58
f 538/602/59 537/598/59 552/631/59
f 530/601/60 545/632/60 546/634/60
f 532/611/648 531/604/648 546/634/648
f 524/608/649 539/636/649 540/639/649
f 532/611/49 547/638/49 548/640/49
f 525/613/50 540/639/50 541/641/50
f 534/618/51 533/614/51 548/640/51
f 526/617/52 541/641/52 542/627/52
f 546/634/636 561/658/636 562/645/636
f 540/639/650 539/636/650 554/646/650
f 548/640/73 547/638/73 562/645/73
f 541/641/637 540/639/637 555/647/637
f 548/640/75 563/648/75 564/650/75
f 541/641/76 556/649/76 557/651/76
f 549/642/77 564/650/77 565/652/77
f 543/628/78 542/627/78 557/651/78
f 551/629/79 550/626/79 565/652/79
f 544/630/80 543/628/80 558/653/80
f 551/629/65 566/654/65 567/656/65
f 544/630/66 559/655/66 560/657/66
f 552/631/67 567/656/67 568/644/67
f 546/634/68 545/632/68 560/657/68
f 565/652/86 580/676/86 581/660/86
f 559/655/87 558/653/87 573/661/87
f 567/656/88 566/654/88 581/660/88
f 559/655/89 574/662/89 575/664/89
f 568/644/90 567/656/90 582/663/90
f 561/658/651 560/657/651 575/664/651
f 561/658/94 576/666/94 577/670/94
f 554/646/95 569/668/95 570/671/95
f 563/648/96 562/645/96 577/670/96
f 555/647/81 570/671/81 571/673/81
f 563/648/82 578/672/82 579/674/82
f 557/651/83 556/649/83 571/673/83
f 564/650/84 579/674/84 580/676/84
f 558/653/85 557/651/85 572/675/85
f 570/671/634 569/668/634 584/677/634
f 578/672/104 577/670/104 592/679/104
f 571/673/105 570/671/105 585/678/105
f 579/674/106 578/672/106 593/680/106
f 571/673/107 586/681/107 587/683/107
f 579/674/108 594/682/108 595/684/108
f 573/661/109 572/675/109 587/683/109
f 581/660/110 580/676/110 595/684/110
f 573/661/111 588/685/111 589/687/111
f 581/660/112 596/686/112 597/688/112
f 574/662/97 589/687/97 590/689/97
f 582/663/98 597/688/98 598/690/98
f 576/666/652 575/664/652 590/689/652
f 576/666/102 591/691/102 592/679/102
f 588/685/118 603/710/118 604/694/118
f 597/688/653 596/686/653 611/695/653
f 590/689/120 589/687/120 604/694/120
f 598/690/633 597/688/633 612/696/633
f 590/689/122 605/697/122 606/699/122
f 592/679/654 591/691/654 606/699/654
f 584/677/126 599/701/126 600/704/126
f 592/679/127 607/703/127 608/705/127
f 585/678/128 600/704/128 601/706/128
f 594/682/113 593/680/113 608/705/113
f 587/683/114 586/681/114 601/706/114
f 594/682/115 609/707/115 610/709/115
f 588/685/116 587/683/116 602/708/116
f 595/684/117 610/709/117 611/695/117
f 607/703/135 622/726/135 623/711/135
f 600/704/136 615/727/136 616/712/136
f 609/707/137 608/705/137 623/711/137
f 602/708/138 601/706/138 616/712/138
f 609/707/139 624/713/139 625/715/139
f 603/710/140 602/708/140 617/714/140
f 610/709/141 625/715/141 626/717/141
f 603/710/142 618/716/142 619/718/142
f 612/696/143 611/695/143 626/717/143
f 605/697/144 604/694/144 619/718/144
f 613/698/129 612/696/129 627/719/129
f 605/697/655 620/720/655 621/722/655
f 607/703/133 606/699/133 621/722/133
f 599/701/656 614/724/656 615/727/656
f 627/719/150 626/717/150 641/728/150
f 619/718/151 634/744/151 635/730/151
f 627/719/152 642/729/152 643/731/152
f 621/722/630 620/720/630 635/730/630
f 621/722/643 636/732/643 637/736/643
f 615/727/157 614/724/157 629/734/157
f 623/711/158 622/726/158 637/736/158
f 615/727/159 630/737/159 631/739/159
f 623/711/160 638/738/160 639/740/160
f 616/712/145 631/739/145 632/741/145
f 625/715/146 624/713/146 639/740/146
f 617/714/147 632/741/147 633/743/147
f 626/717/148 625/715/148 640/742/148
f 619/718/149 618/716/149 633/743/149
f 631/739/167 630/737/167 645/745/167
f 639/740/168 638/738/168 653/747/168
f 632/741/169 631/739/169 646/746/169
f 639/740/170 654/748/170 655/750/170
f 633/743/171 632/741/171 647/749/171
f 640/742/172 655/750/172 656/752/172
f 633/743/173 648/751/173 649/753/173
f 641/728/174 656/752/174 657/754/174
f 635/730/175 634/744/175 649/753/175
f 643/731/176 642/729/176 657/754/176
f 636/732/561 635/730/561 650/755/561
f 636/732/164 651/757/164 652/761/164
f 629/734/629 644/759/629 645/745/629
f 637/736/166 652/761/166 653/747/166
f 650/755/182 649/753/182 664/762/182
f 657/754/183 672/778/183 673/764/183
f 651/757/184 650/755/184 665/763/184
f 651/757/187 666/765/187 667/769/187
f 645/745/188 644/759/188 659/767/188
f 652/761/189 667/769/189 668/771/189
f 646/746/190 645/745/190 660/770/190
f 654/748/191 653/747/191 668/771/191
f 646/746/192 661/772/192 662/774/192
f 654/748/177 669/773/177 670/775/177
f 648/751/178 647/749/178 662/774/178
f 656/752/179 655/750/179 670/775/179
f 648/751/180 663/776/180 664/762/180
f 656/752/181 671/777/181 672/778/181
f 669/773/198 668/771/198 683/779/198
f 661/772/199 676/795/199 677/781/199
f 669/773/200 684/780/200 685/782/200
f 663/776/201 662/774/201 677/781/201
f 671/777/202 670/775/202 685/782/202
f 663/776/203 678/783/203 679/785/203
f 671/777/657 686/784/657 687/786/657
f 665/763/205 664/762/205 679/785/205
f 673/764/206 672/778/206 687/786/206
f 665/763/658 680/787/658 681/789/658
f 667/769/194 666/765/194 681/789/194
f 659/767/659 674/791/659 675/794/659
f 667/769/196 682/793/196 683/779/196
f 661/772/197 660/770/197 675/794/197
f 688/788/213 687/786/213 702/796/213
f 681/789/214 680/787/214 695/798/214
f 681/789/217 696/799/217 697/803/217
f 674/791/660 689/801/660 690/804/660
f 682/793/219 697/803/219 698/805/219
f 675/794/220 690/804/220 691/806/220
f 684/780/221 683/779/221 698/805/221
f 676/795/222 691/806/222 692/808/222
f 685/782/223 684/780/223 699/807/223
f 677/781/224 692/808/224 693/810/224
f 686/784/209 685/782/209 700/809/209
f 678/783/210 693/810/210 694/812/210
f 687/786/211 686/784/211 701/811/211
f 680/787/212 679/785/212 694/812/212
f 700/809/230 699/807/230 714/813/230
f 692/808/231 707/829/231 708/815/231
f 701/811/232 700/809/232 715/814/232
f 693/810/233 708/815/233 709/817/233
f 701/811/234 716/816/234 717/818/234
f 695/798/235 694/812/235 709/817/235
f 702/796/236 717/818/236 718/820/236
f 696/799/237 695/798/237 710/819/237
f 696/799/240 711/821/240 712/825/240
f 690/804/626 689/801/626 704/823/626
f 697/803/226 712/825/226 713/827/226
f 691/806/227 690/804/227 705/826/227
f 699/807/228 698/805/228 713/827/228
f 691/806/229 706/828/229 707/829/229
f 712/825/248 711/821/248 726/834/248
f 704/823/661 719/831/661 720/836/661
f 712/825/250 727/835/250 728/837/250
f 706/828/567 705/826/567 720/836/567
f 714/813/252 713/827/252 728/837/252
f 706/828/253 721/838/253 722/840/253
f 714/813/254 729/839/254 730/841/254
f 708/815/255 707/829/255 722/840/255
f 716/816/256 715/814/256 730/841/256
f 708/815/241 723/842/241 724/844/241
f 716/816/568 731/843/568 732/845/568
f 710/819/243 709/817/243 724/844/243
f 718/820/244 717/818/244 732/845/244
f 710/819/245 725/846/245 726/834/245
f 723/842/262 722/840/262 737/847/262
f 731/843/263 730/841/263 745/849/263
f 723/842/264 738/848/264 739/851/264
f 732/845/265 731/843/265 746/850/265
f 725/846/266 724/844/266 739/851/266
f 733/833/267 732/845/267 747/852/267
f 726/834/268 725/846/268 740/853/268
f 726/834/271 741/855/271 742/859/271
f 719/831/662 734/857/662 735/860/662
f 727/835/257 742/859/257 743/861/257
f 720/836/258 735/860/258 736/862/258
f 729/839/663 728/837/663 743/861/663
f 721/838/260 736/862/260 737/847/260
f 729/839/261 744/863/261 745/849/261
f 741/855/279 756/878/279 757/864/279
f 735/860/280 734/857/280 749/865/280
f 742/859/281 757/864/281 758/867/281
f 736/862/282 735/860/282 750/866/282
f 744/863/283 743/861/283 758/867/283
f 736/862/284 751/868/284 752/870/284
f 745/849/285 744/863/285 759/869/285
f 737/847/286 752/870/286 753/872/286
f 746/850/287 745/849/287 760/871/287
f 738/848/288 753/872/288 754/874/288
f 746/850/273 761/873/273 762/875/273
f 740/853/274 739/851/274 754/874/274
f 747/852/275 762/875/275 763/877/275
f 741/855/623 740/853/623 755/876/623
f 761/873/294 760/871/294 775/881/294
f 754/874/295 753/872/295 768/883/295
f 762/875/296 761/873/296 776/882/296
f 755/876/297 754/874/297 769/884/297
f 763/877/298 762/875/298 777/885/298
f 756/878/574 755/876/574 770/886/574
f 756/878/575 771/888/575 772/892/575
f 749/865/303 764/890/303 765/893/303
f 757/864/304 772/892/304 773/894/304
f 750/866/289 765/893/289 766/895/289
f 758/867/290 773/894/290 774/896/290
f 751/868/291 766/895/291 767/897/291
f 759/869/292 774/896/292 775/881/292
f 753/872/293 752/870/293 767/897/293
f 764/890/664 779/912/664 780/898/664
f 772/892/312 787/914/312 788/899/312
f 766/895/313 765/893/313 780/898/313
f 774/896/620 773/894/620 788/899/620
f 766/895/315 781/900/315 782/902/315
f 775/881/316 774/896/316 789/901/316
f 767/897/317 782/902/317 783/904/317
f 776/882/318 775/881/318 790/903/318
f 768/883/319 783/904/319 784/906/319
f 776/882/320 791/905/320 792/907/320
f 769/884/305 784/906/305 785/908/305
f 778/887/306 777/885/306 792/907/306
f 771/888/307 770/886/307 785/908/307
f 771/888/310 786/910/310 787/914/310
f 783/904/326 798/931/326 799/915/326
f 792/907/327 791/905/327 806/916/327
f 785/908/328 784/906/328 799/915/328
f 792/907/329 807/917/329 808/919/329
f 786/910/330 785/908/330 800/918/330
f 786/910/665 801/920/665 802/924/665
f 780/898/618 779/912/618 794/922/618
f 787/914/335 802/924/335 803/926/335
f 780/898/336 795/925/336 796/927/336
f 789/901/321 788/899/321 803/926/321
f 781/900/322 796/927/322 797/929/322
f 789/901/323 804/928/323 805/930/323
f 782/902/324 797/929/324 798/931/324
f 791/905/325 790/903/325 805/930/325
f 802/924/343 817/947/343 818/932/343
f 795/925/344 810/948/344 811/933/344
f 804/928/345 803/926/345 818/932/345
f 796/927/346 811/933/346 812/935/346
f 805/930/347 804/928/347 819/934/347
f 797/929/348 812/935/348 813/937/348
f 806/916/349 805/930/349 820/936/349
f 798/931/350 813/937/350 814/939/350
f 807/917/351 806/916/351 821/938/351
f 800/918/352 799/915/352 814/939/352
f 808/919/337 807/917/337 822/940/337
f 801/920/666 800/918/666 815/941/666
f 801/920/341 816/943/341 817/947/341
f 794/922/616 809/945/616 810/948/616
f 821/938/357 836/965/357 837/949/357
f 815/941/358 814/939/358 829/950/358
f 822/940/359 837/949/359 838/952/359
f 816/943/360 815/941/360 830/951/360
f 816/943/363 831/953/363 832/957/363
f 810/948/615 809/945/615 824/955/615
f 817/947/365 832/957/365 833/959/365
f 811/933/366 810/948/366 825/958/366
f 819/934/367 818/932/367 833/959/367
f 811/933/368 826/960/368 827/962/368
f 819/934/353 834/961/353 835/963/353
f 813/937/354 812/935/354 827/962/354
f 821/938/355 820/936/355 835/963/355
f 813/937/356 828/964/356 829/950/356
f 834/961/375 833/959/375 848/966/375
f 826/960/376 841/982/376 842/968/376
f 834/961/377 849/967/377 850/969/377
f 828/964/378 827/962/378 842/968/378
f 836/965/379 835/963/379 850/969/379
f 828/964/380 843/970/380 844/972/380
f 836/965/667 851/971/667 852/973/667
f 830/951/382 829/950/382 844/972/382
f 838/952/585 837/949/585 852/973/585
f 831/953/384 830/951/384 845/974/384
f 831/953/668 846/976/668 847/980/668
f 824/955/587 839/978/587 840/981/587
f 832/957/373 847/980/373 848/966/373
f 826/960/374 825/958/374 840/981/374
f 853/975/390 852/973/390 867/983/390
f 845/974/391 860/999/391 861/985/391
f 847/980/394 846/976/394 861/985/394
f 839/978/669 854/987/669 855/990/669
f 847/980/396 862/989/396 863/991/396
f 841/982/397 840/981/397 855/990/397
f 849/967/398 848/966/398 863/991/398
f 841/982/399 856/992/399 857/994/399
f 850/969/400 849/967/400 864/993/400
f 842/968/385 857/994/385 858/996/385
f 851/971/386 850/969/386 865/995/386
f 843/970/387 858/996/387 859/998/387
f 851/971/388 866/997/388 867/983/388
f 845/974/389 844/972/389 859/998/389
f 856/992/406 871/1015/406 872/1000/406
f 864/993/407 879/1016/407 880/1001/407
f 858/996/408 857/994/408 872/1000/408
f 866/997/409 865/995/409 880/1001/409
f 858/996/410 873/1002/410 874/1004/410
f 866/997/411 881/1003/411 882/1005/411
f 860/999/412 859/998/412 874/1004/412
f 868/984/413 867/983/413 882/1005/413
f 861/985/414 860/999/414 875/1006/414
f 861/985/670 876/1008/670 877/1012/670
f 854/987/671 869/1010/671 870/1013/671
f 862/989/403 877/1012/403 878/1014/403
f 856/992/404 855/990/404 870/1013/404
f 864/993/405 863/991/405 878/1014/405
f 876/1017/592 875/1048/592 890/1018/592
f 876/1017/425 891/1019/425 892/1026/425
f 870/1028/672 869/1020/672 884/1022/672
f 877/1027/427 892/1026/427 893/1030/427
f 871/1032/428 870/1028/428 885/1029/428
f 879/1034/429 878/1031/429 893/1030/429
f 872/1036/430 871/1032/430 886/1033/430
f 880/1038/431 879/1034/431 894/1035/431
f 872/1036/432 887/1037/432 888/1040/432
f 880/1038/417 895/1039/417 896/1042/417
f 873/1041/418 888/1040/418 889/1044/418
f 881/1043/419 896/1042/419 897/1046/419
f 875/1048/420 874/1045/420 889/1044/420
f 882/1047/421 897/1046/421 898/1025/421
f 894/1035/438 909/1065/438 910/1049/438
f 888/1040/439 887/1037/439 902/1050/439
f 896/1042/440 895/1039/440 910/1049/440
f 888/1040/441 903/1051/441 904/1053/441
f 896/1042/442 911/1052/442 912/1054/442
f 890/1018/443 889/1044/443 904/1053/443
f 897/1046/444 912/1054/444 913/1056/444
f 891/1019/445 890/1018/445 905/1055/445
f 891/1019/448 906/1057/448 907/1061/448
f 885/1029/673 884/1022/673 899/1059/673
f 892/1026/434 907/1061/434 908/1063/434
f 886/1033/435 885/1029/435 900/1062/435
f 894/1035/436 893/1030/436 908/1063/436
f 886/1033/437 901/1064/437 902/1050/437
f 906/1057/456 921/1082/456 922/1070/456
f 900/1062/674 899/1059/674 914/1067/674
f 907/1061/458 922/1070/458 923/1072/458
f 901/1064/612 900/1062/612 915/1071/612
f 909/1065/460 908/1063/460 923/1072/460
f 901/1064/461 916/1073/461 917/1075/461
f 909/1065/462 924/1074/462 925/1076/462
f 903/1051/463 902/1050/463 917/1075/463
f 911/1052/464 910/1049/464 925/1076/464
f 903/1051/449 918/1077/449 919/1079/449
f 911/1052/450 926/1078/450 927/1080/450
f 905/1055/451 904/1053/451 919/1079/451
f 912/1054/675 927/1080/675 928/1069/675
f 906/1057/676 905/1055/676 920/1081/676
f 918/1077/470 917/1075/470 932/1083/470
f 926/1078/471 925/1076/471 940/1085/471
f 918/1077/472 933/1084/472 934/1087/472
f 927/1080/473 926/1078/473 941/1086/473
f 920/1081/474 919/1079/474 934/1087/474
f 928/1069/475 927/1080/475 942/1088/475
f 921/1082/476 920/1081/476 935/1089/476
f 921/1082/479 936/1091/479 937/1095/479
f 914/1067/609 929/1093/609 930/1096/609
f 922/1070/465 937/1095/465 938/1097/465
f 915/1071/466 930/1096/466 931/1098/466
f 924/1074/467 923/1072/467 938/1097/467
f 916/1073/468 931/1098/468 932/1083/468
f 924/1074/469 939/1099/469 940/1085/469
f 936/1091/487 951/1113/487 952/1100/487
f 929/1093/488 944/1115/488 945/1101/488
f 937/1095/489 952/1100/489 953/1102/489
f 931/1098/490 930/1096/490 945/1101/490
f 939/1099/491 938/1097/491 953/1102/491
f 931/1098/492 946/1103/492 947/1105/492
f 939/1099/493 954/1104/493 955/1106/493
f 933/1084/494 932/1083/494 947/1105/494
f 941/1086/495 940/1085/495 955/1106/495
f 933/1084/496 948/1107/496 949/1109/496
f 941/1086/481 956/1108/481 957/1110/481
f 935/1089/482 934/1087/482 949/1109/482
f 943/1090/483 942/1088/483 957/1110/483
f 936/1091/484 935/1089/484 950/1111/484
f 956/1108/501 955/1106/501 970/1117/501
f 948/1107/502 963/1133/502 964/1119/502
f 956/1108/605 971/1118/605 972/1120/605
f 950/1111/504 949/1109/504 964/1119/504
f 957/1110/505 972/1120/505 973/1122/505
f 951/1113/506 950/1111/506 965/1121/506
f 951/1113/509 966/1123/509 967/1127/509
f 945/1101/510 944/1115/510 959/1125/510
f 952/1100/511 967/1127/511 968/1129/511
f 946/1103/646 945/1101/646 960/1128/646
f 954/1104/497 953/1102/497 968/1129/497
f 946/1103/498 961/1130/498 962/1132/498
f 954/1104/499 969/1131/499 970/1117/499
f 948/1107/500 947/1105/500 962/1132/500
f 967/1127/519 982/1150/519 983/1134/519
f 961/1130/520 960/1128/520 975/1135/520
f 969/1131/521 968/1129/521 983/1134/521
f 961/1130/522 976/1136/522 977/1138/522
f 969/1131/523 984/1137/523 985/1139/523
f 963/1133/524 962/1132/524 977/1138/524
f 971/1118/525 970/1117/525 985/1139/525
f 963/1133/526 978/1140/526 979/1142/526
f 971/1118/527 986/1141/527 987/1143/527
f 965/1121/528 964/1119/528 979/1142/528
f 972/1120/513 987/1143/513 988/1145/513
f 966/1123/514 965/1121/514 980/1144/514
f 966/1123/517 981/1146/517 982/1150/517
f 960/1128/518 959/1125/518 974/1148/518
f 986/1141/534 995/597/534 996/599/534
f 980/1144/535 979/1142/535 992/594/535
f 987/1143/536 996/599/536 997/603/536
f 981/1146/599 980/1144/599 519/600/599
f 981/1146/600 520/605/600 521/610/600
f 975/1135/541 974/1148/541 989/606/541
f 982/1150/542 521/610/542 993/615/542
f 976/1136/543 975/1135/543 990/612/543
f 983/1134/544 993/615/544 522/619/544
f 977/1138/529 976/1136/529 517/616/529
f 984/1137/530 522/619/530 994/622/530
f 978/1140/531 977/1138/531 991/620/531
f 986/1141/532 985/1139/532 994/622/532
f 979/1142/533 978/1140/533 518/624/533
f 1474/1153/533 1011/1160/533 1010/1154/533
f 1019/1156/534 1018/1181/534 1477/1157/534
f 1001/1159/535 1012/1186/535 1011/1160/535
f 1479/1161/536 1020/1168/536 1019/1156/536
f 1013/1162/677 1012/1186/677 1001/1159/677
f 1003/1169/678 1014/1193/678 1013/1162/678
f 1007/1170/541 1006/1165/541 1471/1164/541
f 1015/1172/542 1014/1193/542 1003/1169/542
f 999/1174/543 1008/1197/543 1007/1170/543
f 1016/1175/544 1015/1172/544 1475/1173/544
f 1009/1177/529 1008/1197/529 999/1174/529
f 1017/1179/530 1016/1175/530 1004/1176/530
f 1000/1155/531 1010/1154/531 1009/1177/531
f 1018/1181/532 1017/1179/532 1476/1180/532
f 1032/1182/523 1031/1205/523 1016/1175/523
f 1010/1154/524 1025/1207/524 1024/1183/524
f 1018/1181/525 1033/1185/525 1032/1182/525
f 1026/1184/526 1025/1207/526 1010/1154/526
f 1019/1156/527 1034/1187/527 1033/1185/527
f 1012/1186/528 1027/1211/528 1026/1184/528
f 1020/1168/513 1035/1192/513 1034/1187/513
f 1028/1188/679 1027/1211/679 1012/1186/679
f 1014/1193/517 1029/1200/517 1028/1188/517
f 1022/1194/518 1021/1189/518 1006/1165/518
f 1030/1195/519 1029/1200/519 1014/1193/519
f 1023/1196/520 1022/1194/520 1007/1170/520
f 1016/1175/521 1031/1205/521 1030/1195/521
f 1024/1183/522 1023/1196/522 1008/1197/522
f 1029/1200/509 1044/1224/509 1043/1201/509
f 1022/1194/510 1037/1226/510 1036/1202/510
f 1045/1203/511 1044/1224/511 1029/1200/511
f 1038/1204/646 1037/1226/646 1022/1194/646
f 1031/1205/497 1046/1229/497 1045/1203/497
f 1024/1183/498 1039/1208/498 1038/1204/498
f 1047/1206/499 1046/1229/499 1031/1205/499
f 1025/1207/500 1040/1215/500 1039/1208/500
f 1048/1209/501 1047/1206/501 1032/1182/501
f 1041/1210/502 1040/1215/502 1025/1207/502
f 1034/1187/503 1049/1216/503 1048/1209/503
f 1027/1211/504 1042/1217/504 1041/1210/504
f 1050/1199/680 1049/1216/680 1034/1187/680
f 1043/1201/506 1042/1217/506 1027/1211/506
f 1063/1213/495 1062/1230/495 1047/1206/495
f 1056/1214/496 1055/1239/496 1040/1215/496
f 1049/1216/481 1064/1218/481 1063/1213/481
f 1042/1217/482 1057/1243/482 1056/1214/482
f 1050/1199/483 1065/1223/483 1064/1218/483
f 1058/1219/484 1057/1243/484 1042/1217/484
f 1044/1224/487 1059/1234/487 1058/1219/487
f 1052/1225/488 1051/1220/488 1036/1202/488
f 1060/1227/489 1059/1234/489 1044/1224/489
f 1053/1228/490 1052/1225/490 1037/1226/490
f 1046/1229/491 1061/1235/491 1060/1227/491
f 1039/1208/492 1054/1231/492 1053/1228/492
f 1062/1230/493 1061/1235/493 1046/1229/493
f 1040/1215/494 1055/1239/494 1054/1231/494
f 1067/1232/480 1066/1245/480 1051/1220/480
f 1075/1233/465 1074/1260/465 1059/1234/465
f 1053/1228/466 1068/1236/466 1067/1232/466
f 1061/1235/467 1076/1237/467 1075/1233/467
f 1054/1231/468 1069/1266/468 1068/1236/468
f 1062/1230/469 1077/1267/469 1076/1237/469
f 1070/1238/470 1069/1266/470 1054/1231/470
f 1078/1240/471 1077/1267/471 1062/1230/471
f 1071/1241/472 1070/1238/472 1055/1239/472
f 1079/1242/473 1078/1240/473 1063/1213/473
f 1057/1243/474 1072/1251/474 1071/1241/474
f 1065/1223/475 1080/1248/475 1079/1242/475
f 1073/1244/476 1072/1251/476 1057/1243/476
f 1059/1234/479 1074/1260/479 1073/1244/479
f 1071/1241/449 1086/1252/449 1085/1249/449
f 1079/1242/597 1094/1253/597 1093/1250/597
f 1072/1251/451 1087/1254/451 1086/1252/451
f 1080/1248/675 1095/1258/675 1094/1253/675
f 1073/1244/453 1088/1281/453 1087/1254/453
f 1089/1259/456 1088/1281/456 1073/1244/456
f 1082/1261/596 1081/1255/596 1066/1245/596
f 1090/1262/458 1089/1259/458 1074/1260/458
f 1083/1263/612 1082/1261/612 1067/1232/612
f 1091/1264/460 1090/1262/460 1075/1233/460
f 1084/1265/461 1083/1263/461 1068/1236/461
f 1077/1267/462 1092/1268/462 1091/1264/462
f 1085/1249/463 1084/1265/463 1069/1266/463
f 1078/1240/464 1093/1250/464 1092/1268/464
f 1090/1262/434 1105/1296/434 1104/1269/434
f 1083/1263/435 1098/1272/435 1097/1270/435
f 1106/1271/436 1105/1296/436 1090/1262/436
f 1084/1265/437 1099/1274/437 1098/1272/437
f 1107/1273/438 1106/1271/438 1091/1264/438
f 1085/1249/439 1100/1276/439 1099/1274/439
f 1108/1275/440 1107/1273/440 1092/1268/440
f 1086/1252/441 1101/1287/441 1100/1276/441
f 1109/1277/442 1108/1275/442 1093/1250/442
f 1102/1278/443 1101/1287/443 1086/1252/443
f 1110/1279/444 1109/1277/444 1094/1253/444
f 1103/1280/681 1102/1278/681 1087/1254/681
f 1089/1259/682 1104/1269/682 1103/1280/682
f 1082/1261/433 1097/1270/433 1096/1282/433
f 1109/1277/419 1124/1288/419 1123/1285/419
f 1102/1278/420 1117/1309/420 1116/1286/420
f 1110/1279/421 1125/1293/421 1124/1288/421
f 1118/1289/592 1117/1309/592 1102/1278/592
f 1104/1269/425 1119/1315/425 1118/1289/425
f 1112/1294/672 1111/1290/672 1096/1282/672
f 1120/1295/427 1119/1315/427 1104/1269/427
f 1113/1297/428 1112/1294/428 1097/1270/428
f 1121/1298/429 1120/1295/429 1105/1296/429
f 1114/1299/430 1113/1297/430 1098/1272/430
f 1107/1273/431 1122/1301/431 1121/1298/431
f 1115/1300/432 1114/1299/432 1099/1274/432
f 1108/1275/417 1123/1285/417 1122/1301/417
f 1101/1287/418 1116/1286/418 1115/1300/418
f 1128/1302/404 1127/1327/404 1112/1294/404
f 1121/1298/405 1136/1330/405 1135/1303/405
f 1114/1299/406 1129/1305/406 1128/1302/406
f 1137/1304/407 1136/1330/407 1121/1298/407
f 1115/1300/408 1130/1333/408 1129/1305/408
f 1138/1306/409 1137/1304/409 1122/1301/409
f 1131/1307/410 1130/1333/410 1115/1300/410
f 1124/1288/411 1139/1319/411 1138/1306/411
f 1132/1308/412 1131/1307/412 1116/1286/412
f 1140/1310/590 1139/1319/590 1124/1288/590
f 1133/1311/591 1132/1308/591 1117/1309/591
f 1119/1315/670 1134/1316/670 1133/1311/670
f 1112/1294/671 1127/1327/671 1126/1312/671
f 1120/1295/403 1135/1303/403 1134/1316/403
f 1132/1308/389 1147/1320/389 1146/1317/389
f 1140/1310/390 1155/1324/390 1154/1318/390
f 1133/1311/683 1148/1345/683 1147/1320/683
f 1149/1325/684 1148/1345/684 1133/1311/684
f 1142/1326/395 1141/1321/395 1126/1312/395
f 1150/1328/396 1149/1325/396 1134/1316/396
f 1143/1329/397 1142/1326/397 1127/1327/397
f 1136/1330/398 1151/1335/398 1150/1328/398
f 1144/1331/399 1143/1329/399 1128/1302/399
f 1152/1332/400 1151/1335/400 1136/1330/400
f 1130/1333/385 1145/1339/385 1144/1331/385
f 1138/1306/386 1153/1334/386 1152/1332/386
f 1146/1317/387 1145/1339/387 1130/1333/387
f 1139/1319/388 1154/1318/388 1153/1334/388
f 1151/1335/375 1166/1361/375 1165/1336/375
f 1144/1331/376 1159/1340/376 1158/1337/376
f 1167/1338/377 1166/1361/377 1151/1335/377
f 1145/1339/378 1160/1364/378 1159/1340/378
f 1168/1341/379 1167/1338/379 1152/1332/379
f 1161/1342/380 1160/1364/380 1145/1339/380
f 1169/1343/667 1168/1341/667 1153/1334/667
f 1162/1344/382 1161/1342/382 1146/1317/382
f 1155/1324/383 1170/1349/383 1169/1343/383
f 1148/1345/685 1163/1353/685 1162/1344/685
f 1164/1350/686 1163/1353/686 1148/1345/686
f 1157/1351/372 1156/1346/372 1141/1321/372
f 1150/1328/373 1165/1336/373 1164/1350/373
f 1143/1329/588 1158/1337/588 1157/1351/588
f 1185/1352/359 1184/1373/359 1169/1343/359
f 1163/1353/687 1178/1376/687 1177/1354/687
f 1179/1358/688 1178/1376/688 1163/1353/688
f 1157/1351/364 1172/1381/364 1171/1355/364
f 1165/1336/365 1180/1382/365 1179/1358/365
f 1173/1359/366 1172/1381/366 1157/1351/366
f 1181/1360/367 1180/1382/367 1165/1336/367
f 1174/1362/368 1173/1359/368 1158/1337/368
f 1182/1363/353 1181/1360/353 1166/1361/353
f 1160/1364/354 1175/1365/354 1174/1362/354
f 1168/1341/355 1183/1366/355 1182/1363/355
f 1161/1342/356 1176/1371/356 1175/1365/356
f 1169/1343/357 1184/1373/357 1183/1366/357
f 1177/1354/358 1176/1371/358 1161/1342/358
f 1197/1367/347 1196/1394/347 1181/1360/347
f 1175/1365/348 1190/1397/348 1189/1368/348
f 1198/1369/349 1197/1367/349 1182/1363/349
f 1191/1370/350 1190/1397/350 1175/1365/350
f 1199/1372/351 1198/1369/351 1183/1366/351
f 1192/1374/352 1191/1370/352 1176/1371/352
f 1200/1375/337 1199/1372/337 1184/1373/337
f 1178/1376/666 1193/1391/666 1192/1374/666
f 1194/1380/583 1193/1391/583 1178/1376/583
f 1172/1381/342 1187/1383/342 1186/1377/342
f 1180/1382/343 1195/1384/343 1194/1380/343
f 1173/1359/344 1188/1385/344 1187/1383/344
f 1181/1360/345 1196/1394/345 1195/1384/345
f 1174/1362/346 1189/1368/346 1188/1385/346
f 1209/1390/689 1208/1410/689 1193/1391/689
f 1187/1383/334 1202/1392/334 1201/1386/334
f 1195/1384/335 1210/1417/335 1209/1390/335
f 1188/1385/336 1203/1395/336 1202/1392/336
f 1211/1393/321 1210/1417/321 1195/1384/321
f 1189/1368/322 1204/1398/322 1203/1395/322
f 1212/1396/323 1211/1393/323 1196/1394/323
f 1190/1397/324 1205/1400/324 1204/1398/324
f 1213/1399/325 1212/1396/325 1197/1367/325
f 1191/1370/326 1206/1406/326 1205/1400/326
f 1214/1401/578 1213/1399/578 1198/1369/578
f 1207/1402/328 1206/1406/328 1191/1370/328
f 1215/1389/329 1214/1401/329 1199/1372/329
f 1193/1391/690 1208/1410/690 1207/1402/690
f 1220/1403/317 1219/1420/317 1204/1398/317
f 1213/1399/318 1228/1407/318 1227/1404/318
f 1221/1405/319 1220/1403/319 1205/1400/319
f 1214/1401/320 1229/1409/320 1228/1407/320
f 1222/1408/305 1221/1405/305 1206/1406/305
f 1215/1389/306 1230/1414/306 1229/1409/306
f 1208/1410/691 1223/1423/691 1222/1408/691
f 1224/1415/692 1223/1423/692 1208/1410/692
f 1217/1416/311 1216/1411/311 1201/1386/311
f 1210/1417/312 1225/1419/312 1224/1415/312
f 1218/1418/313 1217/1416/313 1202/1392/313
f 1211/1393/314 1226/1421/314 1225/1419/314
f 1219/1420/315 1218/1418/315 1203/1395/315
f 1212/1396/316 1227/1404/316 1226/1421/316
f 1239/1422/575 1238/1441/575 1223/1423/575
f 1217/1416/303 1232/1426/303 1231/1424/303
f 1240/1425/304 1239/1422/304 1224/1415/304
f 1218/1418/289 1233/1449/289 1232/1426/289
f 1226/1421/290 1241/1450/290 1240/1425/290
f 1234/1427/291 1233/1449/291 1218/1418/291
f 1242/1428/292 1241/1450/292 1226/1421/292
f 1220/1403/293 1235/1438/293 1234/1427/293
f 1228/1407/294 1243/1435/294 1242/1428/294
f 1236/1429/295 1235/1438/295 1220/1403/295
f 1244/1430/296 1243/1435/296 1228/1407/296
f 1222/1408/297 1237/1432/297 1236/1429/297
f 1245/1431/693 1244/1430/693 1229/1409/693
f 1223/1423/574 1238/1441/574 1237/1432/574
f 1243/1435/287 1258/1460/287 1257/1436/287
f 1251/1437/288 1250/1459/288 1235/1438/288
f 1259/1439/273 1258/1460/273 1243/1435/273
f 1237/1432/274 1252/1442/274 1251/1437/274
f 1260/1440/275 1259/1439/275 1244/1430/275
f 1238/1441/276 1253/1465/276 1252/1442/276
f 1254/1446/279 1253/1465/279 1238/1441/279
f 1247/1447/280 1246/1443/280 1231/1424/280
f 1255/1448/281 1254/1446/281 1239/1422/281
f 1233/1449/282 1248/1455/282 1247/1447/282
f 1241/1450/283 1256/1456/283 1255/1448/283
f 1249/1451/284 1248/1455/284 1233/1449/284
f 1257/1436/285 1256/1456/285 1241/1450/285
f 1235/1438/286 1250/1459/286 1249/1451/286
f 1247/1447/272 1262/1481/272 1261/1452/272
f 1270/1453/257 1269/1479/257 1254/1446/257
f 1263/1454/258 1262/1481/258 1247/1447/258
f 1256/1456/259 1271/1483/259 1270/1453/259
f 1264/1457/260 1263/1454/260 1248/1455/260
f 1272/1458/261 1271/1483/261 1256/1456/261
f 1250/1459/262 1265/1469/262 1264/1457/262
f 1258/1460/263 1273/1462/263 1272/1458/263
f 1266/1461/264 1265/1469/264 1250/1459/264
f 1259/1439/265 1274/1471/265 1273/1462/265
f 1252/1442/266 1267/1472/266 1266/1461/266
f 1275/1463/267 1274/1471/267 1259/1439/267
f 1268/1464/268 1267/1472/268 1252/1442/268
f 1254/1446/271 1269/1479/271 1268/1464/271
f 1281/1468/241 1280/1493/241 1265/1469/241
f 1289/1470/242 1288/1487/242 1273/1462/242
f 1267/1472/243 1282/1473/243 1281/1468/243
f 1275/1463/569 1290/1477/569 1289/1470/569
f 1268/1464/245 1283/1497/245 1282/1473/245
f 1284/1478/248 1283/1497/248 1268/1464/248
f 1277/1480/249 1276/1474/249 1261/1452/249
f 1285/1482/250 1284/1478/250 1269/1479/250
f 1263/1454/251 1278/1484/251 1277/1480/251
f 1271/1483/252 1286/1490/252 1285/1482/252
f 1264/1457/253 1279/1486/253 1278/1484/253
f 1287/1485/254 1286/1490/254 1271/1483/254
f 1265/1469/255 1280/1493/255 1279/1486/255
f 1288/1487/256 1287/1485/256 1272/1458/256
f 1300/1488/226 1299/1502/226 1284/1478/226
f 1293/1489/227 1292/1515/227 1277/1480/227
f 1286/1490/228 1301/1491/228 1300/1488/228
f 1279/1486/229 1294/1518/229 1293/1489/229
f 1287/1485/230 1302/1520/230 1301/1491/230
f 1295/1492/231 1294/1518/231 1279/1486/231
f 1303/1494/232 1302/1520/232 1287/1485/232
f 1296/1495/233 1295/1492/233 1280/1493/233
f 1289/1470/234 1304/1503/234 1303/1494/234
f 1282/1473/235 1297/1498/235 1296/1495/235
f 1305/1496/566 1304/1503/566 1289/1470/566
f 1283/1497/237 1298/1507/237 1297/1498/237
f 1299/1502/694 1298/1507/694 1283/1497/694
f 1277/1480/225 1292/1515/225 1291/1499/225
f 1304/1503/211 1319/1506/211 1318/1504/211
f 1297/1498/212 1312/1508/212 1311/1505/212
f 1305/1496/565 1320/1512/565 1319/1506/565
f 1298/1507/214 1313/1532/214 1312/1508/214
f 1314/1513/217 1313/1532/217 1298/1507/217
f 1307/1514/660 1306/1509/660 1291/1499/660
f 1315/1516/219 1314/1513/219 1299/1502/219
f 1308/1517/220 1307/1514/220 1292/1515/220
f 1301/1491/221 1316/1522/221 1315/1516/221
f 1294/1518/222 1309/1521/222 1308/1517/222
f 1317/1519/223 1316/1522/223 1301/1491/223
f 1295/1492/224 1310/1527/224 1309/1521/224
f 1318/1504/209 1317/1519/209 1302/1520/209
f 1311/1505/210 1310/1527/210 1295/1492/210
f 1316/1522/198 1331/1525/198 1330/1523/198
f 1324/1524/199 1323/1549/199 1308/1517/199
f 1317/1519/200 1332/1528/200 1331/1525/200
f 1325/1526/201 1324/1524/201 1309/1521/201
f 1318/1504/202 1333/1554/202 1332/1528/202
f 1326/1529/203 1325/1526/203 1310/1527/203
f 1334/1530/204 1333/1554/204 1318/1504/204
f 1312/1508/205 1327/1533/205 1326/1529/205
f 1335/1531/562 1334/1530/562 1319/1506/562
f 1313/1532/207 1328/1540/207 1327/1533/207
f 1329/1537/194 1328/1540/194 1313/1532/194
f 1307/1514/659 1322/1538/659 1321/1534/659
f 1330/1523/196 1329/1537/196 1314/1513/196
f 1308/1517/197 1323/1549/197 1322/1538/197
f 1335/1531/183 1350/1545/183 1349/1539/183
f 1328/1540/184 1343/1563/184 1342/1541/184
f 1344/1546/187 1343/1563/187 1328/1540/187
f 1337/1547/188 1336/1542/188 1321/1534/188
f 1345/1548/189 1344/1546/189 1329/1537/189
f 1323/1549/190 1338/1550/190 1337/1547/190
f 1331/1525/191 1346/1558/191 1345/1548/191
f 1324/1524/192 1339/1552/192 1338/1550/192
f 1347/1551/177 1346/1558/177 1331/1525/177
f 1325/1526/178 1340/1559/178 1339/1552/178
f 1348/1553/179 1347/1551/179 1332/1528/179
f 1341/1555/180 1340/1559/180 1325/1526/180
f 1349/1539/181 1348/1553/181 1333/1554/181
f 1327/1533/182 1342/1541/182 1341/1555/182
f 1354/1556/169 1353/1707/169 1338/1550/169
f 1362/1557/170 1361/1708/170 1346/1558/170
f 1340/1559/171 1355/1709/171 1354/1556/171
f 1348/1553/172 1363/1710/172 1362/1557/172
f 1356/1560/173 1355/1709/173 1340/1559/173
f 1364/1561/174 1363/1710/174 1348/1553/174
f 1342/1541/175 1357/1564/175 1356/1560/175
f 1365/1562/176 1364/1561/176 1349/1539/176
f 1343/1563/161 1358/1711/161 1357/1564/161
f 1359/1568/644 1358/1711/644 1343/1563/644
f 1337/1547/629 1352/1570/629 1351/1565/629
f 1360/1569/166 1359/1568/166 1344/1546/166
f 1338/1550/167 1353/1707/167 1352/1570/167
f 1346/1558/168 1361/1708/168 1360/1569/168
f 1358/1571/153 1373/1606/153 1372/1572/153
f 1374/1580/643 1373/1606/643 1358/1571/643
f 1367/1582/157 1366/1575/157 1351/1574/157
f 1375/1584/158 1374/1580/158 1359/1581/158
f 1353/1586/159 1368/1615/159 1367/1582/159
f 1361/1587/160 1376/1599/160 1375/1584/160
f 1369/1588/145 1368/1615/145 1353/1586/145
f 1377/1590/146 1376/1599/146 1361/1587/146
f 1355/1592/147 1370/1601/147 1369/1588/147
f 1363/1593/148 1378/1602/148 1377/1590/148
f 1371/1594/149 1370/1601/149 1355/1592/149
f 1379/1596/150 1378/1602/150 1363/1593/150
f 1357/1573/151 1372/1572/151 1371/1594/151
f 1365/1579/152 1380/1578/152 1379/1596/152
f 1377/1590/139 1392/1603/139 1391/1598/139
f 1385/1600/140 1384/1616/140 1369/1588/140
f 1378/1602/141 1393/1630/141 1392/1603/141
f 1386/1604/142 1385/1600/142 1370/1601/142
f 1394/1605/143 1393/1630/143 1378/1602/143
f 1372/1572/144 1387/1607/144 1386/1604/144
f 1380/1578/558 1395/1611/558 1394/1605/558
f 1373/1606/130 1388/1622/130 1387/1607/130
f 1389/1612/133 1388/1622/133 1373/1606/133
f 1382/1613/656 1381/1608/656 1366/1575/656
f 1390/1614/135 1389/1612/135 1374/1580/135
f 1368/1615/136 1383/1624/136 1382/1613/136
f 1376/1599/137 1391/1598/137 1390/1614/137
f 1384/1616/138 1383/1624/138 1368/1615/138
f 1404/1621/125 1403/1641/125 1388/1622/125
f 1382/1613/126 1397/1625/126 1396/1617/126
f 1405/1623/127 1404/1621/127 1389/1612/127
f 1383/1624/128 1398/1627/128 1397/1625/128
f 1406/1626/113 1405/1623/113 1390/1614/113
f 1384/1616/114 1399/1635/114 1398/1627/114
f 1392/1603/115 1407/1637/115 1406/1626/115
f 1400/1628/116 1399/1635/116 1384/1616/116
f 1408/1629/117 1407/1637/117 1392/1603/117
f 1386/1604/118 1401/1632/118 1400/1628/118
f 1409/1631/119 1408/1629/119 1393/1630/119
f 1387/1607/120 1402/1633/120 1401/1632/120
f 1410/1620/121 1409/1631/121 1394/1605/121
f 1388/1622/122 1403/1641/122 1402/1633/122
f 1415/1634/109 1414/1657/109 1399/1635/109
f 1423/1636/110 1422/1658/110 1407/1637/110
f 1401/1632/111 1416/1639/111 1415/1634/111
f 1424/1638/112 1423/1636/112 1408/1629/112
f 1402/1633/97 1417/1642/97 1416/1639/97
f 1425/1640/98 1424/1638/98 1409/1631/98
f 1403/1641/99 1418/1652/99 1417/1642/99
f 1419/1646/102 1418/1652/102 1403/1641/102
f 1397/1625/103 1412/1648/103 1411/1643/103
f 1420/1647/104 1419/1646/104 1404/1621/104
f 1398/1627/105 1413/1650/105 1412/1648/105
f 1421/1649/106 1420/1647/106 1405/1623/106
f 1399/1635/107 1414/1657/107 1413/1650/107
f 1407/1637/108 1422/1658/108 1421/1649/108
f 1434/1651/94 1433/1674/94 1418/1652/94
f 1427/1653/95 1426/1666/95 1411/1643/95
f 1435/1654/96 1434/1651/96 1419/1646/96
f 1428/1655/81 1427/1653/81 1412/1648/81
f 1421/1649/82 1436/1659/82 1435/1654/82
f 1429/1656/83 1428/1655/83 1413/1650/83
f 1422/1658/84 1437/1661/84 1436/1659/84
f 1430/1660/85 1429/1656/85 1414/1657/85
f 1423/1636/86 1438/1663/86 1437/1661/86
f 1431/1662/87 1430/1660/87 1415/1634/87
f 1424/1638/88 1439/1664/88 1438/1663/88
f 1417/1642/89 1432/1665/89 1431/1662/89
f 1425/1640/90 1440/1669/90 1439/1664/90
f 1418/1652/91 1433/1674/91 1432/1665/91
f 1438/1663/79 1453/1690/79 1452/1670/79
f 1446/1671/80 1445/1689/80 1430/1660/80
f 1454/1672/65 1453/1690/65 1438/1663/65
f 1432/1665/66 1447/1675/66 1446/1671/66
f 1455/1673/67 1454/1672/67 1439/1664/67
f 1433/1674/551 1448/1694/551 1447/1675/551
f 1449/1679/636 1448/1694/636 1433/1674/636
f 1427/1653/72 1442/1681/72 1441/1676/72
f 1450/1680/73 1449/1679/73 1434/1651/73
f 1428/1655/637 1443/1684/637 1442/1681/637
f 1436/1659/75 1451/1686/75 1450/1680/75
f 1444/1682/76 1443/1684/76 1428/1655/76
f 1452/1670/77 1451/1686/77 1436/1659/77
f 1430/1660/78 1445/1689/78 1444/1682/78
f 1465/1683/49 1464/1699/49 1449/1679/49
f 1443/1684/50 1458/1704/50 1457/1685/50
f 1451/1686/51 1466/1705/51 1465/1683/51
f 1459/1687/52 1458/1704/52 1443/1684/52
f 1467/1688/53 1466/1705/53 1451/1686/53
f 1445/1689/54 1460/1706/54 1459/1687/54
f 1453/1690/55 1468/1700/55 1467/1688/55
f 1461/1691/56 1460/1706/56 1445/1689/56
f 1469/1692/57 1468/1700/57 1453/1690/57
f 1447/1675/58 1462/1695/58 1461/1691/58
f 1470/1693/547 1469/1692/547 1454/1672/547
f 1448/1694/60 1463/1701/60 1462/1695/60
f 1464/1699/63 1463/1701/63 1448/1694/63
f 1442/1681/649 1457/1685/649 1456/1696/649
f 1469/1692/39 1478/1158/39 1477/1157/39
f 1462/1695/40 1001/1159/40 1474/1153/40
f 1479/1161/41 1478/1158/41 1469/1692/41
f 1463/1701/546 1002/1163/546 1001/1159/546
f 1003/1169/647 1002/1163/647 1463/1701/647
f 1472/1171/46 1471/1164/46 1456/1696/46
f 1475/1173/47 1003/1169/47 1464/1699/47
f 1458/1704/48 999/1174/48 1472/1171/48
f 1466/1705/33 1004/1176/33 1475/1173/33
f 1459/1687/34 1473/1178/34 999/1174/34
f 1476/1180/35 1004/1176/35 1466/1705/35
f 1460/1706/36 1000/1155/36 1473/1178/36
f 1468/1700/37 1477/1157/37 1476/1180/37
f 1474/1153/38 1000/1155/38 1460/1706/38
