# Blender 5.0.1
# www.blender.org
mtllib CapPlayer.mtl
o 立方体
v -0.279314 -0.252384 0.271055
v -0.304767 0.339453 0.304767
v -0.279314 -0.252384 -0.271055
v -0.304767 0.357150 -0.304767
v 0.279314 -0.252384 0.271055
v 0.304767 0.339453 0.304767
v 0.279314 -0.252384 -0.271055
v 0.304767 0.357150 -0.304767
v -0.343445 -0.319169 0.000000
v -0.371552 0.052383 0.371552
v -0.371552 0.423936 0.000000
v -0.371552 0.052383 -0.371552
v 0.000000 -0.319169 -0.371552
v -0.000000 0.423936 -0.371552
v 0.371552 0.052383 -0.371552
v 0.343445 -0.319169 0.000000
v 0.371552 0.423936 0.000000
v 0.371552 0.052383 0.371552
v -0.000000 -0.319169 0.371552
v -0.000000 0.406238 0.371552
v -0.511708 0.052383 0.000000
v 0.000000 0.052383 -0.511708
v 0.511708 0.052383 0.000000
v -0.000000 0.052383 0.568193
v 0.000000 -0.407797 0.000000
v -0.000000 0.564091 0.000000
v 0.000000 0.290802 -0.538584
v 0.000000 0.260828 -0.538584
v 0.105072 0.290802 -0.528235
v 0.105072 0.260828 -0.528235
v 0.206107 0.290802 -0.497586
v 0.206107 0.260828 -0.497586
v 0.299221 0.290802 -0.447816
v 0.299221 0.260828 -0.447816
v 0.380836 0.290802 -0.380836
v 0.380836 0.260828 -0.380836
v 0.447816 0.290802 -0.299221
v 0.447816 0.260828 -0.299221
v 0.497586 0.290802 -0.206107
v 0.497586 0.260828 -0.206107
v 0.528235 0.290802 -0.105072
v 0.528235 0.260828 -0.105072
v 0.538584 0.290802 0.000000
v 0.538584 0.260828 0.000000
v 0.528235 0.290802 0.443003
v 0.528235 0.260828 0.443003
v 0.497586 0.290802 0.544037
v 0.497586 0.260828 0.544037
v 0.447816 0.290802 0.637151
v 0.447816 0.260828 0.637151
v 0.380836 0.290802 0.718766
v 0.380836 0.260828 0.718766
v 0.299221 0.290802 0.785746
v 0.299221 0.260828 0.785746
v 0.206107 0.290802 0.835517
v 0.206107 0.260828 0.835517
v 0.105072 0.290802 0.866165
v 0.105072 0.260828 0.866165
v 0.000000 0.290802 0.876514
v 0.000000 0.260828 0.876514
v -0.105072 0.290802 0.866165
v -0.105072 0.260828 0.866165
v -0.206107 0.290802 0.835517
v -0.206107 0.260828 0.835517
v -0.299221 0.290802 0.785746
v -0.299221 0.260828 0.785746
v -0.380836 0.290802 0.718766
v -0.380836 0.260828 0.718766
v -0.447816 0.290802 0.637151
v -0.447816 0.260828 0.637151
v -0.497586 0.290802 0.544037
v -0.497586 0.260828 0.544037
v -0.528235 0.290802 0.443003
v -0.528235 0.260828 0.443003
v -0.538584 0.290802 0.000000
v -0.538584 0.260828 0.000000
v -0.528235 0.290802 -0.105072
v -0.528235 0.260828 -0.105072
v -0.497586 0.290802 -0.206107
v -0.497586 0.260828 -0.206107
v -0.447816 0.290802 -0.299221
v -0.447816 0.260828 -0.299221
v -0.380836 0.290802 -0.380836
v -0.380836 0.260828 -0.380836
v -0.299221 0.290802 -0.447816
v -0.299221 0.260828 -0.447816
v -0.206107 0.290802 -0.497586
v -0.206107 0.260828 -0.497586
v -0.105072 0.290802 -0.528235
v -0.105072 0.260828 -0.528235
v 0.000000 0.702855 0.000000
v 0.000000 0.612640 -0.297401
v 0.000000 0.464949 -0.445091
v 0.000000 0.271982 -0.525021
v 0.020374 0.692570 -0.102427
v 0.039965 0.662108 -0.200917
v 0.058020 0.612640 -0.291686
v 0.073845 0.546068 -0.371246
v 0.086833 0.464949 -0.436539
v 0.096484 0.372402 -0.485056
v 0.102427 0.271982 -0.514933
v 0.039965 0.692570 -0.096484
v 0.078394 0.662108 -0.189260
v 0.113810 0.612640 -0.274762
v 0.144853 0.546068 -0.349706
v 0.170329 0.464949 -0.411211
v 0.189260 0.372402 -0.456913
v 0.200917 0.271982 -0.485056
v 0.058020 0.692570 -0.086833
v 0.113810 0.662108 -0.170329
v 0.165227 0.612640 -0.247280
v 0.210294 0.546068 -0.314727
v 0.247280 0.464949 -0.370080
v 0.274762 0.372402 -0.411211
v 0.291686 0.271982 -0.436539
v 0.073845 0.692570 -0.073845
v 0.144853 0.662108 -0.144853
v 0.210294 0.612640 -0.210294
v 0.267653 0.546068 -0.267653
v 0.314727 0.464949 -0.314727
v 0.349706 0.372402 -0.349706
v 0.371246 0.271982 -0.371246
v 0.086833 0.692570 -0.058020
v 0.170329 0.662108 -0.113810
v 0.247280 0.612640 -0.165227
v 0.314727 0.546068 -0.210294
v 0.370080 0.464949 -0.247279
v 0.411211 0.372402 -0.274762
v 0.436539 0.271982 -0.291686
v 0.096484 0.692570 -0.039965
v 0.189260 0.662108 -0.078394
v 0.274762 0.612640 -0.113810
v 0.349706 0.546068 -0.144853
v 0.411211 0.464949 -0.170329
v 0.456913 0.372402 -0.189260
v 0.485056 0.271982 -0.200917
v 0.102427 0.692570 -0.020374
v 0.200917 0.662108 -0.039965
v 0.291686 0.612640 -0.058020
v 0.371246 0.546068 -0.073845
v 0.436539 0.464949 -0.086833
v 0.485056 0.372402 -0.096484
v 0.514933 0.271982 -0.102426
v 0.104433 0.692570 0.000000
v 0.204853 0.662108 0.000000
v 0.297401 0.612640 0.000000
v 0.378519 0.546068 -0.000000
v 0.445091 0.464949 0.000000
v 0.494559 0.372402 -0.000000
v 0.525021 0.271982 0.000000
v 0.102427 0.692570 0.020374
v 0.200917 0.662108 0.039965
v 0.291686 0.612640 0.058020
v 0.371246 0.546068 0.073845
v 0.436539 0.464949 0.086833
v 0.485056 0.372402 0.096484
v 0.514933 0.271982 0.102427
v 0.096484 0.692570 0.039965
v 0.189260 0.662108 0.078394
v 0.274762 0.612640 0.113810
v 0.349706 0.546068 0.144853
v 0.411211 0.464949 0.170329
v 0.456913 0.372402 0.189260
v 0.485056 0.271982 0.200917
v 0.086833 0.692570 0.058020
v 0.170329 0.662108 0.113810
v 0.247279 0.612640 0.165227
v 0.314727 0.546068 0.210294
v 0.370080 0.464949 0.247280
v 0.411211 0.372402 0.274762
v 0.436539 0.271982 0.291686
v 0.073845 0.692570 0.073845
v 0.144853 0.662108 0.144853
v 0.210294 0.612640 0.210294
v 0.267653 0.546068 0.267653
v 0.314727 0.464949 0.314727
v 0.349706 0.372402 0.349706
v 0.371246 0.271982 0.371246
v 0.058020 0.692570 0.086833
v 0.113810 0.662108 0.170329
v 0.165227 0.612640 0.247279
v 0.210294 0.546068 0.314727
v 0.247279 0.464949 0.370080
v 0.274762 0.372402 0.411211
v 0.291686 0.271982 0.436539
v 0.039965 0.692570 0.096484
v 0.078394 0.662108 0.189260
v 0.113810 0.612640 0.274762
v 0.144853 0.546068 0.349706
v 0.170329 0.464949 0.411211
v 0.189260 0.372402 0.456913
v 0.200917 0.271982 0.485056
v 0.020374 0.692570 0.102426
v 0.039965 0.662108 0.200917
v 0.058020 0.612640 0.291686
v 0.073845 0.546068 0.371246
v 0.086833 0.464949 0.436539
v 0.096484 0.372402 0.485056
v 0.102426 0.271982 0.514933
v -0.000000 0.692570 0.104433
v -0.000000 0.662108 0.204853
v -0.000000 0.612640 0.297400
v -0.000000 0.546068 0.378519
v -0.000000 0.464949 0.445091
v 0.000000 0.372402 0.494559
v -0.000000 0.271982 0.525021
v -0.020374 0.692570 0.102426
v -0.039965 0.662108 0.200917
v -0.058020 0.612640 0.291686
v -0.073845 0.546068 0.371246
v -0.086833 0.464949 0.436539
v -0.096484 0.372402 0.485056
v -0.102427 0.271982 0.514933
v -0.039965 0.692570 0.096484
v -0.078394 0.662108 0.189260
v -0.113810 0.612640 0.274762
v -0.144853 0.546068 0.349706
v -0.170329 0.464949 0.411211
v -0.189259 0.372402 0.456913
v -0.200917 0.271982 0.485056
v -0.058020 0.692570 0.086833
v -0.113810 0.662108 0.170329
v -0.165227 0.612640 0.247279
v -0.210294 0.546068 0.314727
v -0.247279 0.464949 0.370080
v -0.274762 0.372402 0.411211
v -0.291686 0.271982 0.436539
v -0.073845 0.692570 0.073845
v -0.144853 0.662108 0.144853
v -0.210294 0.612640 0.210294
v -0.267653 0.546068 0.267653
v -0.314727 0.464949 0.314727
v -0.349706 0.372402 0.349706
v -0.371246 0.271982 0.371246
v -0.086833 0.692570 0.058020
v -0.170329 0.662108 0.113810
v -0.247279 0.612640 0.165227
v -0.314727 0.546068 0.210294
v -0.370080 0.464949 0.247279
v -0.411211 0.372402 0.274762
v -0.436539 0.271982 0.291686
v -0.096484 0.692570 0.039965
v -0.189260 0.662108 0.078394
v -0.274762 0.612640 0.113810
v -0.349706 0.546068 0.144853
v -0.411211 0.464949 0.170329
v -0.456913 0.372402 0.189260
v -0.485056 0.271982 0.200917
v -0.102426 0.692570 0.020374
v -0.200917 0.662108 0.039965
v -0.291686 0.612640 0.058020
v -0.371246 0.546068 0.073845
v -0.436539 0.464949 0.086833
v -0.485056 0.372402 0.096484
v -0.514933 0.271982 0.102426
v -0.104433 0.692570 -0.000000
v -0.204853 0.662108 -0.000000
v -0.297400 0.612640 -0.000000
v -0.378519 0.546068 -0.000000
v -0.445091 0.464949 -0.000000
v -0.494559 0.372402 -0.000000
v -0.525021 0.271982 -0.000000
v -0.102426 0.692570 -0.020374
v -0.200917 0.662108 -0.039965
v -0.291686 0.612640 -0.058020
v -0.371246 0.546068 -0.073845
v -0.436539 0.464949 -0.086833
v -0.485056 0.372402 -0.096484
v -0.514933 0.271982 -0.102427
v -0.096484 0.692570 -0.039965
v -0.189259 0.662108 -0.078394
v -0.274762 0.612640 -0.113810
v -0.349706 0.546068 -0.144853
v -0.411211 0.464949 -0.170329
v -0.456913 0.372402 -0.189259
v -0.485056 0.271982 -0.200917
v -0.086833 0.692570 -0.058020
v -0.170329 0.662108 -0.113810
v -0.247279 0.612640 -0.165227
v -0.314727 0.546068 -0.210294
v -0.370080 0.464949 -0.247279
v -0.411211 0.372402 -0.274762
v -0.436539 0.271982 -0.291686
v -0.073845 0.692570 -0.073845
v -0.144853 0.662108 -0.144853
v -0.210294 0.612640 -0.210294
v -0.267653 0.546068 -0.267653
v -0.314727 0.464949 -0.314727
v -0.349706 0.372402 -0.349706
v -0.371246 0.271982 -0.371246
v -0.058020 0.692570 -0.086833
v -0.113810 0.662108 -0.170329
v -0.165227 0.612640 -0.247279
v -0.210294 0.546068 -0.314727
v -0.247279 0.464949 -0.370080
v -0.274762 0.372402 -0.411211
v -0.291686 0.271982 -0.436539
v -0.039965 0.692570 -0.096484
v -0.078394 0.662108 -0.189259
v -0.113810 0.612640 -0.274762
v -0.144853 0.546068 -0.349706
v -0.170329 0.464949 -0.411211
v -0.189259 0.372402 -0.456913
v -0.200917 0.271982 -0.485056
v -0.020374 0.692570 -0.102426
v -0.039965 0.662108 -0.200917
v -0.058020 0.612640 -0.291686
v -0.073845 0.546068 -0.371246
v -0.086833 0.464949 -0.436539
v -0.096484 0.372402 -0.485056
v -0.102426 0.271982 -0.514933
v 0.000000 0.692570 -0.104433
v 0.000000 0.662108 -0.204853
v 0.000000 0.546068 -0.378519
v 0.000000 0.372402 -0.494559
v 0.165664 0.156210 0.452779
v 0.158526 0.151167 0.437472
v 0.154982 0.142912 0.429870
v 0.153063 0.132127 0.425756
v 0.152817 0.126290 0.425227
v 0.153063 0.120453 0.425756
v 0.154982 0.109667 0.429870
v 0.165664 0.096370 0.452779
v 0.165772 0.155635 0.446310
v 0.165876 0.153932 0.440090
v 0.165972 0.151167 0.434358
v 0.166056 0.147446 0.429333
v 0.166125 0.142912 0.425210
v 0.166176 0.137740 0.422146
v 0.166207 0.132127 0.420259
v 0.166218 0.126290 0.419622
v 0.166207 0.120453 0.420259
v 0.166176 0.114840 0.422146
v 0.166125 0.109667 0.425210
v 0.166056 0.105133 0.429333
v 0.165972 0.101412 0.434358
v 0.165876 0.098648 0.440090
v 0.165772 0.096945 0.446310
v 0.168383 0.155635 0.445465
v 0.170997 0.153932 0.438433
v 0.173406 0.151167 0.431952
v 0.175517 0.147446 0.426271
v 0.177250 0.142912 0.421609
v 0.178538 0.137740 0.418145
v 0.179331 0.132127 0.416012
v 0.179598 0.126290 0.415292
v 0.179331 0.120453 0.416012
v 0.178538 0.114840 0.418145
v 0.177250 0.109667 0.421609
v 0.175517 0.105133 0.426271
v 0.173406 0.101412 0.431952
v 0.170997 0.098648 0.438433
v 0.168383 0.096945 0.445465
v 0.170888 0.155635 0.444901
v 0.175912 0.153932 0.437327
v 0.180542 0.151167 0.430346
v 0.184600 0.147446 0.424228
v 0.187930 0.142912 0.419206
v 0.190405 0.137740 0.415475
v 0.191929 0.132127 0.413177
v 0.192443 0.126290 0.412402
v 0.191929 0.120453 0.413177
v 0.190405 0.114840 0.415475
v 0.187930 0.109667 0.419206
v 0.184600 0.105133 0.424228
v 0.180542 0.101412 0.430346
v 0.175912 0.098648 0.437327
v 0.170888 0.096945 0.444901
v 0.173194 0.155635 0.444640
v 0.180434 0.153932 0.436815
v 0.187106 0.151167 0.429603
v 0.192955 0.147446 0.423282
v 0.197755 0.142912 0.418094
v 0.201321 0.137740 0.414239
v 0.203517 0.132127 0.411865
v 0.204259 0.126290 0.411063
v 0.203517 0.120453 0.411865
v 0.201321 0.114840 0.414239
v 0.197755 0.109667 0.418094
v 0.192955 0.105133 0.423282
v 0.187106 0.101412 0.429603
v 0.180434 0.098648 0.436815
v 0.173194 0.096945 0.444640
v 0.175209 0.155635 0.444692
v 0.184388 0.153932 0.436916
v 0.192847 0.151167 0.429750
v 0.200261 0.147446 0.423469
v 0.206346 0.142912 0.418314
v 0.210867 0.137740 0.414483
v 0.213651 0.132127 0.412125
v 0.214591 0.126290 0.411328
v 0.213651 0.120453 0.412125
v 0.210867 0.114840 0.414483
v 0.206346 0.109667 0.418314
v 0.200261 0.105133 0.423469
v 0.192847 0.101412 0.429750
v 0.184388 0.098648 0.436916
v 0.175209 0.096945 0.444692
v 0.176858 0.155635 0.445055
v 0.187622 0.153932 0.437627
v 0.197543 0.151167 0.430782
v 0.206238 0.147446 0.424782
v 0.213373 0.142912 0.419859
v 0.218676 0.137740 0.416200
v 0.221941 0.132127 0.413947
v 0.223044 0.126290 0.413186
v 0.221941 0.120453 0.413947
v 0.218676 0.114840 0.416200
v 0.213373 0.109667 0.419859
v 0.206238 0.105133 0.424782
v 0.197543 0.101412 0.430782
v 0.187622 0.098648 0.437627
v 0.176858 0.096945 0.445055
v 0.178077 0.155635 0.445714
v 0.190013 0.153932 0.438920
v 0.201013 0.151167 0.432660
v 0.210655 0.147446 0.427172
v 0.218568 0.142912 0.422668
v 0.224448 0.137740 0.419322
v 0.228068 0.132127 0.417261
v 0.229291 0.126290 0.416565
v 0.228068 0.120453 0.417261
v 0.224448 0.114840 0.419322
v 0.218568 0.109667 0.422668
v 0.210655 0.105133 0.427172
v 0.201013 0.101412 0.432660
v 0.190013 0.098648 0.438920
v 0.178077 0.096945 0.445714
v 0.178819 0.155635 0.446645
v 0.191468 0.153932 0.440746
v 0.203126 0.151167 0.435310
v 0.213344 0.147446 0.430545
v 0.221729 0.142912 0.426635
v 0.227960 0.137740 0.423730
v 0.231797 0.132127 0.421940
v 0.233093 0.126290 0.421336
v 0.231797 0.120453 0.421940
v 0.227960 0.114840 0.423730
v 0.221729 0.109667 0.426635
v 0.213344 0.105133 0.430545
v 0.203126 0.101412 0.435310
v 0.191468 0.098648 0.440746
v 0.178819 0.096945 0.446645
v 0.179055 0.155635 0.447811
v 0.191931 0.153932 0.443034
v 0.203798 0.151167 0.438632
v 0.214200 0.147446 0.434773
v 0.222736 0.142912 0.431607
v 0.229079 0.137740 0.429254
v 0.232985 0.132127 0.427805
v 0.234304 0.126290 0.427315
v 0.232985 0.120453 0.427805
v 0.229079 0.114840 0.429254
v 0.222736 0.109667 0.431607
v 0.214200 0.105133 0.434773
v 0.203798 0.101412 0.438632
v 0.191931 0.098648 0.443034
v 0.179055 0.096945 0.447811
v 0.178777 0.155635 0.449168
v 0.191385 0.153932 0.445697
v 0.203005 0.151167 0.442498
v 0.213191 0.147446 0.439693
v 0.221549 0.142912 0.437392
v 0.227761 0.137740 0.435682
v 0.231585 0.132127 0.434629
v 0.232877 0.126290 0.434273
v 0.231585 0.120453 0.434629
v 0.227761 0.114840 0.435682
v 0.221549 0.109667 0.437392
v 0.213191 0.105133 0.439693
v 0.203005 0.101412 0.442498
v 0.191385 0.098648 0.445697
v 0.178777 0.096945 0.449168
v 0.177994 0.155635 0.450665
v 0.189851 0.153932 0.448632
v 0.200778 0.151167 0.446758
v 0.210355 0.147446 0.445116
v 0.218215 0.142912 0.443768
v 0.224056 0.137740 0.442767
v 0.227652 0.132127 0.442150
v 0.228867 0.126290 0.441942
v 0.227652 0.120453 0.442150
v 0.224056 0.114840 0.442767
v 0.218215 0.109667 0.443768
v 0.210355 0.105133 0.445116
v 0.200778 0.101412 0.446758
v 0.189851 0.098648 0.448632
v 0.177994 0.096945 0.450665
v 0.176738 0.155635 0.452242
v 0.187387 0.153932 0.451726
v 0.197201 0.151167 0.451250
v 0.205802 0.147446 0.450833
v 0.212862 0.142912 0.450491
v 0.218107 0.137740 0.450237
v 0.221337 0.132127 0.450080
v 0.222428 0.126290 0.450027
v 0.221337 0.120453 0.450080
v 0.218107 0.114840 0.450237
v 0.212862 0.109667 0.450491
v 0.205802 0.105133 0.450833
v 0.197201 0.101412 0.451250
v 0.187387 0.098648 0.451726
v 0.176738 0.096945 0.452242
v 0.175057 0.155635 0.453840
v 0.184088 0.153932 0.454860
v 0.192411 0.151167 0.455801
v 0.199707 0.147446 0.456625
v 0.205694 0.142912 0.457302
v 0.210143 0.137740 0.457804
v 0.212883 0.132127 0.458114
v 0.213808 0.126290 0.458219
v 0.212883 0.120453 0.458114
v 0.210143 0.114840 0.457804
v 0.205694 0.109667 0.457302
v 0.199707 0.105133 0.456625
v 0.192411 0.101412 0.455801
v 0.184088 0.098648 0.454860
v 0.175057 0.096945 0.453840
v 0.173014 0.155635 0.455397
v 0.180081 0.153932 0.457915
v 0.186594 0.151167 0.460236
v 0.192303 0.147446 0.462269
v 0.196989 0.142912 0.463939
v 0.200470 0.137740 0.465179
v 0.202614 0.132127 0.465943
v 0.203338 0.126290 0.466201
v 0.202614 0.120453 0.465943
v 0.200470 0.114840 0.465179
v 0.196989 0.109667 0.463939
v 0.192303 0.105133 0.462269
v 0.186594 0.101412 0.460236
v 0.180081 0.098648 0.457915
v 0.173014 0.096945 0.455397
v 0.170689 0.155635 0.456854
v 0.175520 0.153932 0.460772
v 0.179973 0.151167 0.464384
v 0.183876 0.147446 0.467549
v 0.187079 0.142912 0.470147
v 0.189459 0.137740 0.472077
v 0.190925 0.132127 0.473265
v 0.191420 0.126290 0.473667
v 0.190925 0.120453 0.473265
v 0.189459 0.114840 0.472077
v 0.187079 0.109667 0.470147
v 0.183876 0.105133 0.467549
v 0.179973 0.101412 0.464384
v 0.175520 0.098648 0.460772
v 0.170689 0.096945 0.456854
v 0.168171 0.155635 0.458154
v 0.170581 0.153932 0.463322
v 0.172802 0.151167 0.468086
v 0.174749 0.147446 0.472261
v 0.176347 0.142912 0.475687
v 0.177534 0.137740 0.478233
v 0.178265 0.132127 0.479801
v 0.178512 0.126290 0.480330
v 0.178265 0.120453 0.479801
v 0.177534 0.114840 0.478233
v 0.176347 0.109667 0.475687
v 0.174749 0.105133 0.472261
v 0.172802 0.101412 0.468086
v 0.170581 0.098648 0.463322
v 0.168171 0.096945 0.458154
v 0.165556 0.155635 0.459247
v 0.165452 0.153932 0.465467
v 0.165356 0.151167 0.471199
v 0.165272 0.147446 0.476224
v 0.165204 0.142912 0.480347
v 0.165152 0.137740 0.483411
v 0.165121 0.132127 0.485298
v 0.165110 0.126290 0.485935
v 0.165121 0.120453 0.485298
v 0.165152 0.114840 0.483411
v 0.165204 0.109667 0.480347
v 0.165272 0.105133 0.476224
v 0.165356 0.101412 0.471199
v 0.165452 0.098648 0.465467
v 0.165556 0.096945 0.459247
v 0.162946 0.155635 0.460092
v 0.160332 0.153932 0.467124
v 0.157923 0.151167 0.473605
v 0.155811 0.147446 0.479286
v 0.154078 0.142912 0.483948
v 0.152791 0.137740 0.487412
v 0.151998 0.132127 0.489545
v 0.151730 0.126290 0.490266
v 0.151998 0.120453 0.489545
v 0.152791 0.114840 0.487412
v 0.154078 0.109667 0.483948
v 0.155811 0.105133 0.479286
v 0.157923 0.101412 0.473605
v 0.160332 0.098648 0.467124
v 0.162946 0.096945 0.460092
v 0.160440 0.155635 0.460656
v 0.155416 0.153932 0.468230
v 0.150786 0.151167 0.475211
v 0.146728 0.147446 0.481330
v 0.143398 0.142912 0.486351
v 0.140924 0.137740 0.490082
v 0.139400 0.132127 0.492380
v 0.138885 0.126290 0.493156
v 0.139400 0.120453 0.492380
v 0.140924 0.114840 0.490082
v 0.143398 0.109667 0.486351
v 0.146728 0.105133 0.481330
v 0.150786 0.101412 0.475211
v 0.155416 0.098648 0.468230
v 0.160440 0.096945 0.460656
v 0.158135 0.155635 0.460917
v 0.150895 0.153932 0.468742
v 0.144222 0.151167 0.475954
v 0.138374 0.147446 0.482276
v 0.133574 0.142912 0.487464
v 0.130007 0.137740 0.491319
v 0.127811 0.132127 0.493692
v 0.127069 0.126290 0.494494
v 0.127811 0.120453 0.493692
v 0.130007 0.114840 0.491319
v 0.133574 0.109667 0.487464
v 0.138374 0.105133 0.482276
v 0.144222 0.101412 0.475954
v 0.150895 0.098648 0.468742
v 0.158135 0.096945 0.460917
v 0.156119 0.155635 0.460865
v 0.146940 0.153932 0.468641
v 0.138482 0.151167 0.475807
v 0.131067 0.147446 0.482089
v 0.124983 0.142912 0.487243
v 0.120461 0.137740 0.491074
v 0.117677 0.132127 0.493433
v 0.116737 0.126290 0.494229
v 0.117677 0.120453 0.493433
v 0.120461 0.114840 0.491074
v 0.124983 0.109667 0.487243
v 0.131067 0.105133 0.482089
v 0.138482 0.101412 0.475807
v 0.146940 0.098648 0.468641
v 0.156119 0.096945 0.460865
v 0.154470 0.155635 0.460503
v 0.143706 0.153932 0.467930
v 0.133786 0.151167 0.474775
v 0.125091 0.147446 0.480775
v 0.117955 0.142912 0.485699
v 0.112652 0.137740 0.489358
v 0.109387 0.132127 0.491611
v 0.108285 0.126290 0.492371
v 0.109387 0.120453 0.491611
v 0.112652 0.114840 0.489358
v 0.117955 0.109667 0.485699
v 0.125091 0.105133 0.480775
v 0.133786 0.101412 0.474775
v 0.143706 0.098648 0.467930
v 0.154470 0.096945 0.460503
v 0.153251 0.155635 0.459844
v 0.141315 0.153932 0.466637
v 0.130315 0.151167 0.472898
v 0.120673 0.147446 0.478385
v 0.112760 0.142912 0.482889
v 0.106881 0.137740 0.486236
v 0.103260 0.132127 0.488296
v 0.102037 0.126290 0.488992
v 0.103260 0.120453 0.488296
v 0.106881 0.114840 0.486236
v 0.112760 0.109667 0.482889
v 0.120673 0.105133 0.478385
v 0.130315 0.101412 0.472898
v 0.141315 0.098648 0.466637
v 0.153251 0.096945 0.459844
v 0.152509 0.155635 0.458913
v 0.139860 0.153932 0.464811
v 0.128203 0.151167 0.470247
v 0.117985 0.147446 0.475012
v 0.109599 0.142912 0.478922
v 0.103368 0.137740 0.481828
v 0.099531 0.132127 0.483617
v 0.098235 0.126290 0.484221
v 0.099531 0.120453 0.483617
v 0.103368 0.114840 0.481828
v 0.109599 0.109667 0.478922
v 0.117985 0.105133 0.475012
v 0.128203 0.101412 0.470247
v 0.139860 0.098648 0.464811
v 0.152509 0.096945 0.458913
v 0.152273 0.155635 0.457746
v 0.139397 0.153932 0.462523
v 0.127530 0.151167 0.466925
v 0.117129 0.147446 0.470784
v 0.108592 0.142912 0.473951
v 0.102249 0.137740 0.476304
v 0.098343 0.132127 0.477753
v 0.097025 0.126290 0.478242
v 0.098343 0.120453 0.477753
v 0.102249 0.114840 0.476304
v 0.108592 0.109667 0.473951
v 0.117129 0.105133 0.470784
v 0.127530 0.101412 0.466925
v 0.139397 0.098648 0.462523
v 0.152273 0.096945 0.457746
v 0.152552 0.155635 0.456389
v 0.139943 0.153932 0.459860
v 0.128323 0.151167 0.463060
v 0.118138 0.147446 0.465864
v 0.109779 0.142912 0.468165
v 0.103568 0.137740 0.469876
v 0.099743 0.132127 0.470929
v 0.098452 0.126290 0.471284
v 0.099743 0.120453 0.470929
v 0.103568 0.114840 0.469876
v 0.109779 0.109667 0.468165
v 0.118138 0.105133 0.465864
v 0.128323 0.101412 0.463060
v 0.139943 0.098648 0.459860
v 0.152552 0.096945 0.456389
v 0.153334 0.155635 0.454893
v 0.141477 0.153932 0.456926
v 0.130551 0.151167 0.458799
v 0.120973 0.147446 0.460441
v 0.113113 0.142912 0.461789
v 0.107272 0.137740 0.462790
v 0.103676 0.132127 0.463407
v 0.102461 0.126290 0.463615
v 0.103676 0.120453 0.463407
v 0.107272 0.114840 0.462790
v 0.113113 0.109667 0.461789
v 0.120973 0.105133 0.460441
v 0.130551 0.101412 0.458799
v 0.141477 0.098648 0.456926
v 0.153334 0.096945 0.454893
v 0.154590 0.155635 0.453315
v 0.143942 0.153932 0.453831
v 0.134128 0.151167 0.454307
v 0.125526 0.147446 0.454724
v 0.118467 0.142912 0.455066
v 0.113221 0.137740 0.455320
v 0.109991 0.132127 0.455477
v 0.108900 0.126290 0.455530
v 0.109991 0.120453 0.455477
v 0.113221 0.114840 0.455320
v 0.118467 0.109667 0.455066
v 0.125526 0.105133 0.454724
v 0.134128 0.101412 0.454307
v 0.143942 0.098648 0.453831
v 0.154590 0.096945 0.453315
v 0.156272 0.155635 0.451717
v 0.147240 0.153932 0.450697
v 0.138917 0.151167 0.449756
v 0.131621 0.147446 0.448932
v 0.125634 0.142912 0.448256
v 0.121185 0.137740 0.447753
v 0.118445 0.132127 0.447443
v 0.117520 0.126290 0.447339
v 0.118445 0.120453 0.447443
v 0.121185 0.114840 0.447753
v 0.125634 0.109667 0.448256
v 0.131621 0.105133 0.448932
v 0.138917 0.101412 0.449756
v 0.147240 0.098648 0.450697
v 0.156272 0.096945 0.451717
v 0.158314 0.155635 0.450160
v 0.151247 0.153932 0.447642
v 0.144734 0.151167 0.445322
v 0.139025 0.147446 0.443288
v 0.134340 0.142912 0.441619
v 0.130858 0.137740 0.440378
v 0.128715 0.132127 0.439615
v 0.127991 0.126290 0.439357
v 0.128715 0.120453 0.439615
v 0.130858 0.114840 0.440378
v 0.134340 0.109667 0.441619
v 0.139025 0.105133 0.443288
v 0.144734 0.101412 0.445322
v 0.151247 0.098648 0.447642
v 0.158314 0.096945 0.450160
v 0.160640 0.155635 0.448704
v 0.155808 0.153932 0.444785
v 0.151355 0.151167 0.441174
v 0.147452 0.147446 0.438008
v 0.144249 0.142912 0.435411
v 0.141869 0.137740 0.433480
v 0.140404 0.132127 0.432292
v 0.139909 0.126290 0.431890
v 0.140404 0.120453 0.432292
v 0.141869 0.114840 0.433480
v 0.144249 0.109667 0.435411
v 0.147452 0.105133 0.438008
v 0.151355 0.101412 0.441174
v 0.155808 0.098648 0.444785
v 0.160640 0.096945 0.448704
v 0.163158 0.155635 0.447404
v 0.160748 0.153932 0.442235
v 0.156580 0.147446 0.433297
v 0.153795 0.137740 0.427324
v 0.153795 0.114840 0.427324
v 0.156580 0.105133 0.433297
v 0.158526 0.101412 0.437472
v 0.160748 0.098648 0.442235
v 0.163158 0.096945 0.447404
v -0.165664 0.156210 0.452779
v -0.158526 0.151167 0.437472
v -0.154982 0.142912 0.429870
v -0.153063 0.132127 0.425756
v -0.152816 0.126290 0.425227
v -0.153063 0.120453 0.425756
v -0.154982 0.109667 0.429870
v -0.165664 0.096370 0.452779
v -0.160639 0.155635 0.448704
v -0.155808 0.153932 0.444785
v -0.151355 0.151167 0.441174
v -0.147452 0.147446 0.438008
v -0.144249 0.142912 0.435411
v -0.141869 0.137740 0.433480
v -0.140403 0.132127 0.432292
v -0.139909 0.126290 0.431890
v -0.140403 0.120453 0.432292
v -0.141869 0.114840 0.433480
v -0.144249 0.109667 0.435411
v -0.147452 0.105133 0.438008
v -0.151355 0.101412 0.441174
v -0.155808 0.098648 0.444785
v -0.160639 0.096945 0.448704
v -0.158314 0.155635 0.450160
v -0.151247 0.153932 0.447642
v -0.144734 0.151167 0.445322
v -0.139025 0.147446 0.443288
v -0.134340 0.142912 0.441619
v -0.130858 0.137740 0.440378
v -0.128714 0.132127 0.439615
v -0.127990 0.126290 0.439357
v -0.128714 0.120453 0.439615
v -0.130858 0.114840 0.440378
v -0.134340 0.109667 0.441619
v -0.139025 0.105133 0.443288
v -0.144734 0.101412 0.445322
v -0.151247 0.098648 0.447642
v -0.158314 0.096945 0.450160
v -0.156272 0.155635 0.451717
v -0.147240 0.153932 0.450697
v -0.138917 0.151167 0.449756
v -0.131621 0.147446 0.448932
v -0.125634 0.142912 0.448256
v -0.121185 0.137740 0.447753
v -0.118445 0.132127 0.447443
v -0.117520 0.126290 0.447339
v -0.118445 0.120453 0.447443
v -0.121185 0.114840 0.447753
v -0.125634 0.109667 0.448256
v -0.131621 0.105133 0.448932
v -0.138917 0.101412 0.449756
v -0.147240 0.098648 0.450697
v -0.156272 0.096945 0.451717
v -0.154590 0.155635 0.453315
v -0.143941 0.153932 0.453831
v -0.134128 0.151167 0.454307
v -0.125526 0.147446 0.454724
v -0.118466 0.142912 0.455066
v -0.113221 0.137740 0.455320
v -0.109991 0.132127 0.455477
v -0.108900 0.126290 0.455530
v -0.109991 0.120453 0.455477
v -0.113221 0.114840 0.455320
v -0.118466 0.109667 0.455066
v -0.125526 0.105133 0.454724
v -0.134128 0.101412 0.454307
v -0.143941 0.098648 0.453831
v -0.154590 0.096945 0.453315
v -0.153334 0.155635 0.454893
v -0.141477 0.153932 0.456926
v -0.130550 0.151167 0.458799
v -0.120973 0.147446 0.460441
v -0.113113 0.142912 0.461789
v -0.107272 0.137740 0.462790
v -0.103676 0.132127 0.463407
v -0.102461 0.126290 0.463615
v -0.103676 0.120453 0.463407
v -0.107272 0.114840 0.462790
v -0.113113 0.109667 0.461789
v -0.120973 0.105133 0.460441
v -0.130550 0.101412 0.458799
v -0.141477 0.098648 0.456926
v -0.153334 0.096945 0.454893
v -0.152551 0.155635 0.456389
v -0.139943 0.153932 0.459860
v -0.128323 0.151167 0.463060
v -0.118137 0.147446 0.465864
v -0.109779 0.142912 0.468165
v -0.103568 0.137740 0.469876
v -0.099743 0.132127 0.470929
v -0.098451 0.126290 0.471284
v -0.099743 0.120453 0.470929
v -0.103568 0.114840 0.469876
v -0.109779 0.109667 0.468165
v -0.118137 0.105133 0.465864
v -0.128323 0.101412 0.463060
v -0.139943 0.098648 0.459860
v -0.152551 0.096945 0.456389
v -0.152273 0.155635 0.457746
v -0.139397 0.153932 0.462523
v -0.127530 0.151167 0.466925
v -0.117128 0.147446 0.470784
v -0.108592 0.142912 0.473951
v -0.102249 0.137740 0.476304
v -0.098343 0.132127 0.477753
v -0.097024 0.126290 0.478242
v -0.098343 0.120453 0.477753
v -0.102249 0.114840 0.476304
v -0.108592 0.109667 0.473951
v -0.117128 0.105133 0.470784
v -0.127530 0.101412 0.466925
v -0.139397 0.098648 0.462523
v -0.152273 0.096945 0.457746
v -0.152509 0.155635 0.458913
v -0.139860 0.153932 0.464811
v -0.128203 0.151167 0.470247
v -0.117985 0.147446 0.475012
v -0.109599 0.142912 0.478922
v -0.103368 0.137740 0.481828
v -0.099531 0.132127 0.483617
v -0.098235 0.126290 0.484221
v -0.099531 0.120453 0.483617
v -0.103368 0.114840 0.481828
v -0.109599 0.109667 0.478922
v -0.117985 0.105133 0.475012
v -0.128203 0.101412 0.470247
v -0.139860 0.098648 0.464811
v -0.152509 0.096945 0.458913
v -0.153251 0.155635 0.459844
v -0.141315 0.153932 0.466637
v -0.130315 0.151167 0.472898
v -0.120673 0.147446 0.478385
v -0.112760 0.142912 0.482889
v -0.106881 0.137740 0.486236
v -0.103260 0.132127 0.488296
v -0.102037 0.126290 0.488992
v -0.103260 0.120453 0.488296
v -0.106881 0.114840 0.486236
v -0.112760 0.109667 0.482889
v -0.120673 0.105133 0.478385
v -0.130315 0.101412 0.472898
v -0.141315 0.098648 0.466637
v -0.153251 0.096945 0.459844
v -0.154470 0.155635 0.460503
v -0.143706 0.153932 0.467930
v -0.133786 0.151167 0.474775
v -0.125091 0.147446 0.480775
v -0.117955 0.142912 0.485699
v -0.112652 0.137740 0.489358
v -0.109387 0.132127 0.491611
v -0.108284 0.126290 0.492371
v -0.109387 0.120453 0.491611
v -0.112652 0.114840 0.489358
v -0.117955 0.109667 0.485699
v -0.125091 0.105133 0.480775
v -0.133786 0.101412 0.474775
v -0.143706 0.098648 0.467930
v -0.154470 0.096945 0.460503
v -0.156119 0.155635 0.460865
v -0.146940 0.153932 0.468641
v -0.138481 0.151167 0.475807
v -0.131067 0.147446 0.482089
v -0.124982 0.142912 0.487243
v -0.120461 0.137740 0.491074
v -0.117677 0.132127 0.493433
v -0.116737 0.126290 0.494229
v -0.117677 0.120453 0.493433
v -0.120461 0.114840 0.491074
v -0.124982 0.109667 0.487243
v -0.131067 0.105133 0.482089
v -0.138481 0.101412 0.475807
v -0.146940 0.098648 0.468641
v -0.156119 0.096945 0.460865
v -0.158135 0.155635 0.460917
v -0.150894 0.153932 0.468742
v -0.144222 0.151167 0.475954
v -0.138373 0.147446 0.482276
v -0.133574 0.142912 0.487464
v -0.130007 0.137740 0.491319
v -0.127811 0.132127 0.493692
v -0.127069 0.126290 0.494494
v -0.127811 0.120453 0.493692
v -0.130007 0.114840 0.491319
v -0.133574 0.109667 0.487464
v -0.138373 0.105133 0.482276
v -0.144222 0.101412 0.475954
v -0.150894 0.098648 0.468742
v -0.158135 0.096945 0.460917
v -0.160440 0.155635 0.460656
v -0.155416 0.153932 0.468230
v -0.150786 0.151167 0.475211
v -0.146728 0.147446 0.481330
v -0.143398 0.142912 0.486351
v -0.140923 0.137740 0.490082
v -0.139399 0.132127 0.492380
v -0.138885 0.126290 0.493156
v -0.139399 0.120453 0.492380
v -0.140923 0.114840 0.490082
v -0.143398 0.109667 0.486351
v -0.146728 0.105133 0.481330
v -0.150786 0.101412 0.475211
v -0.155416 0.098648 0.468230
v -0.160440 0.096945 0.460656
v -0.162946 0.155635 0.460092
v -0.160332 0.153932 0.467124
v -0.157923 0.151167 0.473605
v -0.155811 0.147446 0.479286
v -0.154078 0.142912 0.483948
v -0.152790 0.137740 0.487412
v -0.151997 0.132127 0.489545
v -0.151730 0.126290 0.490266
v -0.151997 0.120453 0.489545
v -0.152790 0.114840 0.487412
v -0.154078 0.109667 0.483948
v -0.155811 0.105133 0.479286
v -0.157923 0.101412 0.473605
v -0.160332 0.098648 0.467124
v -0.162946 0.096945 0.460092
v -0.165556 0.155635 0.459247
v -0.165452 0.153932 0.465467
v -0.165356 0.151167 0.471199
v -0.165272 0.147446 0.476224
v -0.165203 0.142912 0.480347
v -0.165152 0.137740 0.483411
v -0.165121 0.132127 0.485298
v -0.165110 0.126290 0.485935
v -0.165121 0.120453 0.485298
v -0.165152 0.114840 0.483411
v -0.165203 0.109667 0.480347
v -0.165272 0.105133 0.476224
v -0.165356 0.101412 0.471199
v -0.165452 0.098648 0.465467
v -0.165556 0.096945 0.459247
v -0.168170 0.155635 0.458154
v -0.170581 0.153932 0.463322
v -0.172802 0.151167 0.468086
v -0.174749 0.147446 0.472261
v -0.176346 0.142912 0.475687
v -0.177534 0.137740 0.478233
v -0.178265 0.132127 0.479801
v -0.178512 0.126290 0.480330
v -0.178265 0.120453 0.479801
v -0.177534 0.114840 0.478233
v -0.176346 0.109667 0.475687
v -0.174749 0.105133 0.472261
v -0.172802 0.101412 0.468086
v -0.170581 0.098648 0.463322
v -0.168170 0.096945 0.458154
v -0.170689 0.155635 0.456854
v -0.175520 0.153932 0.460772
v -0.179973 0.151167 0.464384
v -0.183876 0.147446 0.467549
v -0.187079 0.142912 0.470147
v -0.189459 0.137740 0.472077
v -0.190925 0.132127 0.473265
v -0.191419 0.126290 0.473667
v -0.190925 0.120453 0.473265
v -0.189459 0.114840 0.472077
v -0.187079 0.109667 0.470147
v -0.183876 0.105133 0.467549
v -0.179973 0.101412 0.464384
v -0.175520 0.098648 0.460772
v -0.170689 0.096945 0.456854
v -0.173014 0.155635 0.455397
v -0.180081 0.153932 0.457915
v -0.186594 0.151167 0.460235
v -0.192303 0.147446 0.462269
v -0.196988 0.142912 0.463939
v -0.200470 0.137740 0.465179
v -0.202614 0.132127 0.465943
v -0.203338 0.126290 0.466201
v -0.202614 0.120453 0.465943
v -0.200470 0.114840 0.465179
v -0.196988 0.109667 0.463939
v -0.192303 0.105133 0.462269
v -0.186594 0.101412 0.460235
v -0.180081 0.098648 0.457915
v -0.173014 0.096945 0.455397
v -0.175056 0.155635 0.453840
v -0.184088 0.153932 0.454860
v -0.192411 0.151167 0.455801
v -0.199707 0.147446 0.456625
v -0.205694 0.142912 0.457302
v -0.210143 0.137740 0.457804
v -0.212883 0.132127 0.458114
v -0.213808 0.126290 0.458219
v -0.212883 0.120453 0.458114
v -0.210143 0.114840 0.457804
v -0.205694 0.109667 0.457302
v -0.199707 0.105133 0.456625
v -0.192411 0.101412 0.455801
v -0.184088 0.098648 0.454860
v -0.175056 0.096945 0.453840
v -0.176738 0.155635 0.452242
v -0.187387 0.153932 0.451726
v -0.197200 0.151167 0.451250
v -0.205802 0.147446 0.450833
v -0.212862 0.142912 0.450491
v -0.218107 0.137740 0.450237
v -0.221337 0.132127 0.450080
v -0.222428 0.126290 0.450027
v -0.221337 0.120453 0.450080
v -0.218107 0.114840 0.450237
v -0.212862 0.109667 0.450491
v -0.205802 0.105133 0.450833
v -0.197200 0.101412 0.451250
v -0.187387 0.098648 0.451726
v -0.176738 0.096945 0.452242
v -0.177994 0.155635 0.450665
v -0.189851 0.153932 0.448632
v -0.200778 0.151167 0.446758
v -0.210355 0.147446 0.445116
v -0.218215 0.142912 0.443768
v -0.224056 0.137740 0.442767
v -0.227652 0.132127 0.442150
v -0.228867 0.126290 0.441942
v -0.227652 0.120453 0.442150
v -0.224056 0.114840 0.442767
v -0.218215 0.109667 0.443768
v -0.210355 0.105133 0.445116
v -0.200778 0.101412 0.446758
v -0.189851 0.098648 0.448632
v -0.177994 0.096945 0.450665
v -0.178777 0.155635 0.449168
v -0.191385 0.153932 0.445697
v -0.203005 0.151167 0.442498
v -0.213191 0.147446 0.439693
v -0.221549 0.142912 0.437392
v -0.227760 0.137740 0.435682
v -0.231585 0.132127 0.434629
v -0.232877 0.126290 0.434273
v -0.231585 0.120453 0.434629
v -0.227760 0.114840 0.435682
v -0.221549 0.109667 0.437392
v -0.213191 0.105133 0.439693
v -0.203005 0.101412 0.442498
v -0.191385 0.098648 0.445697
v -0.178777 0.096945 0.449168
v -0.179055 0.155635 0.447811
v -0.191931 0.153932 0.443034
v -0.203798 0.151167 0.438632
v -0.214200 0.147446 0.434773
v -0.222736 0.142912 0.431607
v -0.229079 0.137740 0.429254
v -0.232985 0.132127 0.427805
v -0.234304 0.126290 0.427315
v -0.232985 0.120453 0.427805
v -0.229079 0.114840 0.429254
v -0.222736 0.109667 0.431607
v -0.214200 0.105133 0.434773
v -0.203798 0.101412 0.438632
v -0.191931 0.098648 0.443034
v -0.179055 0.096945 0.447811
v -0.178819 0.155635 0.446645
v -0.191468 0.153932 0.440746
v -0.203125 0.151167 0.435310
v -0.213343 0.147446 0.430545
v -0.221729 0.142912 0.426635
v -0.227960 0.137740 0.423730
v -0.231797 0.132127 0.421940
v -0.233093 0.126290 0.421336
v -0.231797 0.120453 0.421940
v -0.227960 0.114840 0.423730
v -0.221729 0.109667 0.426635
v -0.213343 0.105133 0.430545
v -0.203125 0.101412 0.435310
v -0.191468 0.098648 0.440746
v -0.178819 0.096945 0.446645
v -0.178077 0.155635 0.445714
v -0.190013 0.153932 0.438920
v -0.201013 0.151167 0.432660
v -0.210655 0.147446 0.427172
v -0.218568 0.142912 0.422668
v -0.224447 0.137740 0.419322
v -0.228068 0.132127 0.417261
v -0.229291 0.126290 0.416565
v -0.228068 0.120453 0.417261
v -0.224447 0.114840 0.419322
v -0.218568 0.109667 0.422668
v -0.210655 0.105133 0.427172
v -0.201013 0.101412 0.432660
v -0.190013 0.098648 0.438920
v -0.178077 0.096945 0.445714
v -0.176858 0.155635 0.445055
v -0.187622 0.153932 0.437627
v -0.197542 0.151167 0.430782
v -0.206237 0.147446 0.424782
v -0.213373 0.142912 0.419859
v -0.218676 0.137740 0.416200
v -0.221941 0.132127 0.413947
v -0.223043 0.126290 0.413186
v -0.221941 0.120453 0.413947
v -0.218676 0.114840 0.416200
v -0.213373 0.109667 0.419859
v -0.206237 0.105133 0.424782
v -0.197542 0.101412 0.430782
v -0.187622 0.098648 0.437627
v -0.176858 0.096945 0.445055
v -0.175209 0.155635 0.444692
v -0.184388 0.153932 0.436916
v -0.192847 0.151167 0.429750
v -0.200261 0.147446 0.423469
v -0.206345 0.142912 0.418314
v -0.210867 0.137740 0.414483
v -0.213651 0.132127 0.412125
v -0.214591 0.126290 0.411328
v -0.213651 0.120453 0.412125
v -0.210867 0.114840 0.414483
v -0.206345 0.109667 0.418314
v -0.200261 0.105133 0.423469
v -0.192847 0.101412 0.429750
v -0.184388 0.098648 0.436916
v -0.175209 0.096945 0.444692
v -0.173193 0.155635 0.444640
v -0.180434 0.153932 0.436815
v -0.187106 0.151167 0.429603
v -0.192955 0.147446 0.423282
v -0.197754 0.142912 0.418094
v -0.201321 0.137740 0.414239
v -0.203517 0.132127 0.411865
v -0.204259 0.126290 0.411063
v -0.203517 0.120453 0.411865
v -0.201321 0.114840 0.414239
v -0.197754 0.109667 0.418094
v -0.192955 0.105133 0.423282
v -0.187106 0.101412 0.429603
v -0.180434 0.098648 0.436815
v -0.173193 0.096945 0.444640
v -0.170888 0.155635 0.444901
v -0.175912 0.153932 0.437327
v -0.180542 0.151167 0.430346
v -0.184600 0.147446 0.424228
v -0.187930 0.142912 0.419206
v -0.190405 0.137740 0.415475
v -0.191928 0.132127 0.413178
v -0.192443 0.126290 0.412402
v -0.191928 0.120453 0.413178
v -0.190405 0.114840 0.415475
v -0.187930 0.109667 0.419206
v -0.184600 0.105133 0.424228
v -0.180542 0.101412 0.430346
v -0.175912 0.098648 0.437327
v -0.170888 0.096945 0.444901
v -0.168382 0.155635 0.445465
v -0.170996 0.153932 0.438433
v -0.173405 0.151167 0.431952
v -0.175517 0.147446 0.426271
v -0.177250 0.142912 0.421609
v -0.178538 0.137740 0.418145
v -0.179330 0.132127 0.416012
v -0.179598 0.126290 0.415292
v -0.179330 0.120453 0.416012
v -0.178538 0.114840 0.418145
v -0.177250 0.109667 0.421609
v -0.175517 0.105133 0.426271
v -0.173405 0.101412 0.431952
v -0.170996 0.098648 0.438433
v -0.168382 0.096945 0.445465
v -0.165772 0.155635 0.446310
v -0.165876 0.153932 0.440090
v -0.165972 0.151167 0.434358
v -0.166056 0.147446 0.429334
v -0.166125 0.142912 0.425210
v -0.166176 0.137740 0.422146
v -0.166207 0.132127 0.420259
v -0.166218 0.126290 0.419622
v -0.166207 0.120453 0.420259
v -0.166176 0.114840 0.422146
v -0.166125 0.109667 0.425210
v -0.166056 0.105133 0.429334
v -0.165972 0.101412 0.434358
v -0.165876 0.098648 0.440090
v -0.165772 0.096945 0.446310
v -0.163158 0.155635 0.447404
v -0.160747 0.153932 0.442235
v -0.156579 0.147446 0.433297
v -0.153794 0.137740 0.427324
v -0.153794 0.114840 0.427324
v -0.156579 0.105133 0.433297
v -0.158526 0.101412 0.437472
v -0.160747 0.098648 0.442235
v -0.163158 0.096945 0.447404
vn -0.8683 -0.3932 0.3023
vn -0.8962 0.2872 0.3381
vn -0.9004 0.2717 -0.3397
vn -0.8683 -0.3932 -0.3023
vn -0.3880 -0.3253 -0.8623
vn -0.3397 0.2717 -0.9004
vn 0.3397 0.2717 -0.9004
vn 0.3880 -0.3253 -0.8623
vn 0.8683 -0.3932 -0.3023
vn 0.9004 0.2717 -0.3397
vn 0.8962 0.2872 0.3381
vn 0.8683 -0.3932 0.3023
vn 0.3949 -0.4297 0.8120
vn 0.4462 0.3000 0.8431
vn -0.4462 0.3000 0.8431
vn -0.3949 -0.4297 0.8120
vn -0.2395 -0.9280 -0.2853
vn 0.3014 -0.9275 -0.2212
vn 0.3014 -0.9275 0.2212
vn -0.2395 -0.9280 0.2853
vn 0.3397 0.9004 -0.2717
vn -0.2717 0.9004 -0.3397
vn -0.2762 0.8846 0.3758
vn 0.3345 0.8867 0.3191
vn -0.0980 -0.0000 0.9952
vn -0.2903 -0.0000 0.9569
vn -0.4714 -0.0000 0.8819
vn -0.6344 -0.0000 0.7730
vn -0.7730 -0.0000 0.6344
vn -0.8819 -0.0000 0.4714
vn -0.9569 -0.0000 0.2903
vn -0.9952 -0.0000 0.0980
vn -0.9997 -0.0000 -0.0234
vn -0.9569 -0.0000 -0.2903
vn -0.8819 -0.0000 -0.4714
vn -0.7730 -0.0000 -0.6344
vn -0.6344 -0.0000 -0.7730
vn -0.4714 -0.0000 -0.8819
vn -0.2903 -0.0000 -0.9569
vn -0.0980 -0.0000 -0.9952
vn 0.0980 -0.0000 -0.9952
vn 0.2903 -0.0000 -0.9569
vn 0.4714 -0.0000 -0.8819
vn 0.6344 -0.0000 -0.7730
vn 0.7730 -0.0000 -0.6344
vn 0.8819 -0.0000 -0.4714
vn 0.9569 -0.0000 -0.2903
vn 0.9997 -0.0000 -0.0234
vn 0.9952 -0.0000 0.0980
vn 0.9569 -0.0000 0.2903
vn 0.8819 -0.0000 0.4714
vn 0.7730 -0.0000 0.6344
vn 0.6344 -0.0000 0.7730
vn 0.4714 -0.0000 0.8819
vn 0.2903 -0.0000 0.9569
vn 0.0980 -0.0000 0.9952
vn -0.0000 1.0000 -0.0000
vn -0.0000 -1.0000 -0.0000
vn 0.0464 0.8810 -0.4709
vn 0.0624 0.7715 -0.6332
vn 0.0759 0.6326 -0.7708
vn 0.0865 0.4696 -0.8786
vn 0.0938 0.2890 -0.9527
vn 0.0097 0.9951 -0.0980
vn 0.0286 0.9565 -0.2902
vn 0.0846 0.9565 -0.2790
vn 0.1374 0.8810 -0.4528
vn 0.1847 0.7715 -0.6088
vn 0.2248 0.6326 -0.7412
vn 0.2563 0.4696 -0.8448
vn 0.2779 0.2890 -0.9161
vn 0.0286 0.9951 -0.0942
vn 0.4162 0.4696 -0.7786
vn 0.4513 0.2890 -0.8443
vn 0.0464 0.9951 -0.0869
vn 0.1374 0.9565 -0.2571
vn 0.2230 0.8810 -0.4173
vn 0.2999 0.7715 -0.5611
vn 0.3651 0.6326 -0.6831
vn 0.3002 0.8810 -0.3658
vn 0.4036 0.7715 -0.4918
vn 0.4913 0.6326 -0.5987
vn 0.5601 0.4696 -0.6825
vn 0.6073 0.2890 -0.7400
vn 0.0625 0.9951 -0.0761
vn 0.1850 0.9565 -0.2254
vn 0.7400 0.2890 -0.6073
vn 0.0761 0.9951 -0.0625
vn 0.2254 0.9566 -0.1850
vn 0.3658 0.8810 -0.3002
vn 0.4918 0.7715 -0.4036
vn 0.5987 0.6326 -0.4913
vn 0.6825 0.4696 -0.5601
vn 0.4173 0.8810 -0.2230
vn 0.5611 0.7715 -0.2999
vn 0.6831 0.6326 -0.3651
vn 0.7786 0.4696 -0.4162
vn 0.8443 0.2890 -0.4513
vn 0.0869 0.9951 -0.0464
vn 0.2571 0.9565 -0.1374
vn 0.9161 0.2890 -0.2779
vn 0.0942 0.9951 -0.0286
vn 0.2790 0.9565 -0.0846
vn 0.4528 0.8810 -0.1374
vn 0.6088 0.7715 -0.1847
vn 0.7412 0.6326 -0.2248
vn 0.8448 0.4696 -0.2563
vn 0.6332 0.7715 -0.0624
vn 0.7708 0.6326 -0.0759
vn 0.8786 0.4696 -0.0865
vn 0.9527 0.2890 -0.0938
vn 0.0980 0.9951 -0.0097
vn 0.2902 0.9565 -0.0286
vn 0.4709 0.8810 -0.0464
vn 0.0980 0.9951 0.0097
vn 0.2902 0.9565 0.0286
vn 0.4709 0.8810 0.0464
vn 0.6332 0.7715 0.0624
vn 0.7708 0.6326 0.0759
vn 0.8786 0.4696 0.0865
vn 0.9527 0.2890 0.0938
vn 0.6088 0.7715 0.1847
vn 0.7412 0.6326 0.2248
vn 0.8448 0.4696 0.2563
vn 0.9161 0.2890 0.2779
vn 0.0942 0.9951 0.0286
vn 0.2790 0.9565 0.0846
vn 0.4528 0.8810 0.1374
vn 0.0869 0.9951 0.0464
vn 0.2571 0.9565 0.1374
vn 0.4173 0.8810 0.2230
vn 0.5611 0.7715 0.2999
vn 0.6831 0.6326 0.3651
vn 0.7786 0.4696 0.4162
vn 0.8443 0.2890 0.4513
vn 0.5987 0.6326 0.4913
vn 0.6825 0.4696 0.5601
vn 0.7400 0.2890 0.6073
vn 0.0761 0.9951 0.0625
vn 0.2254 0.9565 0.1850
vn 0.3658 0.8810 0.3002
vn 0.4918 0.7715 0.4036
vn 0.1850 0.9565 0.2254
vn 0.3002 0.8810 0.3658
vn 0.4036 0.7715 0.4918
vn 0.4913 0.6326 0.5987
vn 0.5601 0.4696 0.6825
vn 0.6073 0.2890 0.7400
vn 0.0625 0.9951 0.0761
vn 0.4162 0.4696 0.7786
vn 0.4513 0.2890 0.8443
vn 0.0464 0.9951 0.0869
vn 0.1374 0.9565 0.2571
vn 0.2230 0.8810 0.4173
vn 0.2999 0.7715 0.5611
vn 0.3651 0.6326 0.6831
vn 0.0846 0.9565 0.2790
vn 0.1374 0.8810 0.4528
vn 0.1847 0.7715 0.6088
vn 0.2248 0.6326 0.7412
vn 0.2563 0.4696 0.8448
vn 0.2779 0.2890 0.9161
vn 0.0286 0.9951 0.0942
vn 0.0865 0.4696 0.8786
vn 0.0938 0.2890 0.9527
vn 0.0097 0.9951 0.0980
vn 0.0286 0.9565 0.2902
vn 0.0464 0.8810 0.4709
vn 0.0624 0.7715 0.6332
vn 0.0759 0.6326 0.7708
vn -0.0464 0.8810 0.4709
vn -0.0624 0.7715 0.6332
vn -0.0759 0.6326 0.7708
vn -0.0865 0.4696 0.8786
vn -0.0938 0.2890 0.9527
vn -0.0097 0.9951 0.0980
vn -0.0286 0.9565 0.2902
vn -0.2779 0.2890 0.9161
vn -0.0286 0.9951 0.0942
vn -0.0846 0.9565 0.2790
vn -0.1374 0.8810 0.4528
vn -0.1847 0.7715 0.6088
vn -0.2248 0.6326 0.7412
vn -0.2563 0.4696 0.8448
vn -0.2231 0.8810 0.4173
vn -0.2999 0.7715 0.5611
vn -0.3651 0.6326 0.6831
vn -0.4162 0.4696 0.7786
vn -0.4513 0.2890 0.8443
vn -0.0464 0.9951 0.0869
vn -0.1374 0.9565 0.2571
vn -0.6073 0.2890 0.7400
vn -0.0625 0.9951 0.0761
vn -0.1850 0.9565 0.2254
vn -0.3002 0.8810 0.3658
vn -0.4036 0.7715 0.4918
vn -0.4913 0.6326 0.5987
vn -0.5601 0.4696 0.6825
vn -0.4918 0.7715 0.4036
vn -0.5987 0.6326 0.4913
vn -0.6825 0.4696 0.5601
vn -0.7400 0.2890 0.6073
vn -0.0761 0.9951 0.0625
vn -0.2254 0.9565 0.1850
vn -0.3658 0.8810 0.3002
vn -0.0869 0.9951 0.0464
vn -0.2571 0.9565 0.1374
vn -0.4173 0.8810 0.2230
vn -0.5611 0.7715 0.2999
vn -0.6831 0.6326 0.3651
vn -0.7786 0.4696 0.4162
vn -0.8443 0.2890 0.4513
vn -0.7412 0.6326 0.2248
vn -0.8448 0.4696 0.2563
vn -0.9161 0.2890 0.2779
vn -0.0942 0.9951 0.0286
vn -0.2790 0.9565 0.0846
vn -0.4528 0.8810 0.1374
vn -0.6088 0.7715 0.1847
vn -0.0980 0.9951 0.0097
vn -0.2902 0.9565 0.0286
vn -0.4709 0.8810 0.0464
vn -0.6332 0.7715 0.0624
vn -0.7708 0.6326 0.0759
vn -0.8786 0.4696 0.0865
vn -0.9527 0.2890 0.0938
vn -0.7708 0.6326 -0.0759
vn -0.8786 0.4696 -0.0865
vn -0.9527 0.2890 -0.0938
vn -0.0980 0.9951 -0.0097
vn -0.2902 0.9565 -0.0286
vn -0.4709 0.8810 -0.0464
vn -0.6332 0.7715 -0.0624
vn -0.2790 0.9565 -0.0846
vn -0.4528 0.8810 -0.1374
vn -0.6088 0.7715 -0.1847
vn -0.7412 0.6326 -0.2248
vn -0.8448 0.4696 -0.2563
vn -0.9161 0.2890 -0.2779
vn -0.0942 0.9951 -0.0286
vn -0.7786 0.4696 -0.4162
vn -0.8443 0.2890 -0.4513
vn -0.0869 0.9951 -0.0464
vn -0.2571 0.9565 -0.1374
vn -0.4173 0.8810 -0.2231
vn -0.5611 0.7715 -0.2999
vn -0.6831 0.6326 -0.3651
vn -0.2254 0.9565 -0.1850
vn -0.3658 0.8810 -0.3002
vn -0.4918 0.7715 -0.4036
vn -0.5987 0.6326 -0.4913
vn -0.6825 0.4696 -0.5601
vn -0.7400 0.2890 -0.6073
vn -0.0761 0.9951 -0.0625
vn -0.5601 0.4696 -0.6825
vn -0.6073 0.2890 -0.7400
vn -0.0625 0.9951 -0.0761
vn -0.1850 0.9565 -0.2254
vn -0.3002 0.8810 -0.3658
vn -0.4036 0.7715 -0.4918
vn -0.4913 0.6326 -0.5987
vn -0.2230 0.8810 -0.4173
vn -0.2999 0.7715 -0.5611
vn -0.3651 0.6326 -0.6831
vn -0.4162 0.4696 -0.7786
vn -0.4513 0.2890 -0.8443
vn -0.0464 0.9951 -0.0869
vn -0.1374 0.9565 -0.2571
vn -0.2779 0.2890 -0.9161
vn -0.0286 0.9951 -0.0942
vn -0.0846 0.9565 -0.2790
vn -0.1374 0.8810 -0.4528
vn -0.1847 0.7715 -0.6088
vn -0.2248 0.6326 -0.7412
vn -0.2563 0.4696 -0.8448
vn -0.0624 0.7715 -0.6332
vn -0.0759 0.6326 -0.7708
vn -0.0865 0.4696 -0.8786
vn -0.0938 0.2890 -0.9527
vn -0.0097 0.9951 -0.0980
vn -0.0286 0.9565 -0.2902
vn -0.0464 0.8810 -0.4709
vn -0.3391 -0.4769 -0.8109
vn -0.2426 0.7777 -0.5800
vn -0.2964 -0.6401 -0.7088
vn -0.2964 0.6401 -0.7088
vn -0.2426 -0.7777 -0.5800
vn -0.3391 0.4770 -0.8109
vn -0.1797 -0.8849 -0.4298
vn -0.3687 0.2943 -0.8817
vn -0.1105 -0.9581 -0.2641
vn -0.3839 0.0995 -0.9180
vn -0.0373 0.9953 -0.0891
vn -0.0373 -0.9953 -0.0891
vn -0.3839 -0.0995 -0.9180
vn -0.1105 0.9581 -0.2641
vn -0.3687 -0.2943 -0.8817
vn -0.1797 0.8848 -0.4298
vn -0.0856 0.9606 -0.2644
vn -0.2934 -0.3031 -0.9066
vn -0.1398 0.8909 -0.4321
vn -0.2686 -0.4889 -0.8299
vn -0.1898 0.7875 -0.5864
vn -0.2334 -0.6523 -0.7211
vn -0.2334 0.6523 -0.7211
vn -0.1898 -0.7875 -0.5864
vn -0.2686 0.4889 -0.8299
vn -0.1398 -0.8909 -0.4321
vn -0.2934 0.3031 -0.9066
vn -0.0856 -0.9606 -0.2644
vn -0.3063 0.1027 -0.9464
vn -0.0288 0.9956 -0.0890
vn -0.0288 -0.9956 -0.0890
vn -0.3063 -0.1027 -0.9464
vn -0.1883 0.5137 -0.8371
vn -0.0945 -0.9025 -0.4202
vn -0.2078 0.3217 -0.9237
vn -0.0574 -0.9652 -0.2550
vn -0.2182 0.1097 -0.9697
vn -0.0192 0.9962 -0.0855
vn -0.0192 -0.9962 -0.0855
vn -0.2182 -0.1096 -0.9697
vn -0.0574 0.9652 -0.2550
vn -0.2078 -0.3217 -0.9237
vn -0.0945 0.9025 -0.4202
vn -0.1883 -0.5137 -0.8370
vn -0.1297 0.8067 -0.5766
vn -0.1616 -0.6768 -0.7182
vn -0.1616 0.6768 -0.7182
vn -0.1297 -0.8067 -0.5766
vn -0.1053 -0.3521 -0.9300
vn -0.0445 0.9183 -0.3933
vn -0.0938 -0.5525 -0.8282
vn -0.0621 0.8339 -0.5483
vn -0.0789 -0.7133 -0.6964
vn -0.0789 0.7133 -0.6964
vn -0.0621 -0.8339 -0.5483
vn -0.0938 0.5525 -0.8282
vn -0.0445 -0.9183 -0.3933
vn -0.1053 0.3521 -0.9300
vn -0.0267 -0.9714 -0.2361
vn -0.1117 0.1212 -0.9863
vn -0.0089 0.9969 -0.0787
vn -0.0089 -0.9969 -0.0787
vn -0.1117 -0.1212 -0.9863
vn -0.0267 0.9714 -0.2361
vn 0.0090 -0.9364 -0.3507
vn 0.0235 0.3972 -0.9174
vn 0.0053 -0.9781 -0.2079
vn 0.0254 0.1392 -0.9899
vn 0.0018 0.9976 -0.0688
vn 0.0018 -0.9976 -0.0688
vn 0.0254 -0.1392 -0.9899
vn 0.0053 0.9781 -0.2079
vn 0.0235 -0.3972 -0.9174
vn 0.0090 0.9364 -0.3507
vn 0.0204 -0.6064 -0.7949
vn 0.0128 0.8668 -0.4984
vn 0.0166 -0.7604 -0.6492
vn 0.0166 0.7604 -0.6492
vn 0.0128 -0.8668 -0.4984
vn 0.0204 0.6064 -0.7949
vn 0.1587 -0.6734 -0.7220
vn 0.0931 0.9010 -0.4238
vn 0.1249 -0.8134 -0.5681
vn 0.1249 0.8134 -0.5681
vn 0.0931 -0.9010 -0.4238
vn 0.1587 0.6734 -0.7221
vn 0.0642 -0.9542 -0.2923
vn 0.1907 0.4592 -0.8676
vn 0.0376 -0.9845 -0.1712
vn 0.2117 0.1655 -0.9632
vn 0.0124 0.9983 -0.0564
vn 0.0124 -0.9983 -0.0564
vn 0.2117 -0.1655 -0.9632
vn 0.0376 0.9845 -0.1712
vn 0.1907 -0.4592 -0.8676
vn 0.0642 0.9542 -0.2923
vn 0.0688 -0.9895 -0.1271
vn 0.4661 0.2004 -0.8617
vn 0.0225 0.9989 -0.0417
vn 0.0225 -0.9989 -0.0417
vn 0.4661 -0.2004 -0.8617
vn 0.0688 0.9895 -0.1271
vn 0.4026 -0.5329 -0.7442
vn 0.1186 0.9684 -0.2193
vn 0.3185 -0.7429 -0.5888
vn 0.1749 0.9300 -0.3233
vn 0.2408 -0.8625 -0.4452
vn 0.2408 0.8625 -0.4452
vn 0.1749 -0.9300 -0.3233
vn 0.3185 0.7429 -0.5888
vn 0.1186 -0.9684 -0.2193
vn 0.4026 0.5329 -0.7442
vn 0.2514 0.9469 -0.2004
vn 0.3520 -0.8930 -0.2805
vn 0.3520 0.8930 -0.2805
vn 0.2514 -0.9469 -0.2003
vn 0.4786 0.7908 -0.3814
vn 0.1688 -0.9764 -0.1346
vn 0.6306 0.5913 -0.5026
vn 0.0974 -0.9922 -0.0776
vn 0.7608 0.2316 -0.6063
vn 0.0318 0.9992 -0.0254
vn 0.0318 -0.9992 -0.0254
vn 0.7608 -0.2316 -0.6063
vn 0.0974 0.9922 -0.0776
vn 0.6306 -0.5914 -0.5026
vn 0.1688 0.9764 -0.1345
vn 0.4786 -0.7908 -0.3814
vn 0.9535 0.2316 -0.1931
vn 0.0399 0.9992 -0.0081
vn 0.0399 -0.9992 -0.0081
vn 0.9535 -0.2316 -0.1931
vn 0.1220 0.9922 -0.0247
vn 0.7904 -0.5913 -0.1601
vn 0.2116 0.9764 -0.0429
vn 0.5999 -0.7908 -0.1215
vn 0.3151 0.9469 -0.0638
vn 0.4412 -0.8930 -0.0893
vn 0.4412 0.8930 -0.0893
vn 0.3151 -0.9469 -0.0638
vn 0.5999 0.7908 -0.1215
vn 0.2116 -0.9764 -0.0428
vn 0.7904 0.5914 -0.1600
vn 0.1220 -0.9922 -0.0247
vn 0.4958 -0.8625 0.1017
vn 0.4958 0.8625 0.1017
vn 0.3601 -0.9300 0.0739
vn 0.6557 0.7429 0.1345
vn 0.2442 -0.9684 0.0501
vn 0.8289 0.5330 0.1700
vn 0.1416 -0.9895 0.0290
vn 0.9597 0.2004 0.1968
vn 0.0464 0.9989 0.0095
vn 0.0464 -0.9989 0.0095
vn 0.9597 -0.2004 0.1968
vn 0.1416 0.9895 0.0290
vn 0.8289 -0.5330 0.1700
vn 0.2442 0.9684 0.0501
vn 0.6557 -0.7429 0.1345
vn 0.3601 0.9300 0.0738
vn 0.0511 0.9983 0.0267
vn 0.0511 -0.9983 0.0267
vn 0.8739 -0.1655 0.4570
vn 0.1553 0.9845 0.0812
vn 0.7872 -0.4592 0.4116
vn 0.2652 0.9542 0.1387
vn 0.6551 -0.6734 0.3426
vn 0.3845 0.9010 0.2010
vn 0.5154 -0.8134 0.2695
vn 0.5154 0.8134 0.2695
vn 0.3845 -0.9010 0.2010
vn 0.6551 0.6734 0.3426
vn 0.2652 -0.9542 0.1387
vn 0.7872 0.4592 0.4116
vn 0.1553 -0.9845 0.0812
vn 0.8739 0.1655 0.4570
vn 0.5080 0.7604 0.4045
vn 0.3900 -0.8668 0.3106
vn 0.6220 0.6064 0.4953
vn 0.2744 -0.9364 0.2185
vn 0.7179 0.3972 0.5717
vn 0.1627 -0.9781 0.1295
vn 0.7746 0.1392 0.6169
vn 0.0539 0.9976 0.0429
vn 0.0539 -0.9976 0.0429
vn 0.7746 -0.1392 0.6169
vn 0.1627 0.9781 0.1295
vn 0.7179 -0.3972 0.5717
vn 0.2744 0.9365 0.2185
vn 0.6220 -0.6064 0.4953
vn 0.3900 0.8668 0.3106
vn 0.5080 -0.7604 0.4046
vn 0.6838 -0.1212 0.7196
vn 0.1637 0.9714 0.1722
vn 0.6447 -0.3521 0.6785
vn 0.2726 0.9183 0.2869
vn 0.5741 -0.5525 0.6042
vn 0.3801 0.8339 0.4000
vn 0.4828 -0.7133 0.5080
vn 0.4828 0.7133 0.5080
vn 0.3801 -0.8339 0.4000
vn 0.5741 0.5525 0.6042
vn 0.2726 -0.9183 0.2869
vn 0.6447 0.3521 0.6785
vn 0.1637 -0.9714 0.1722
vn 0.6838 0.1212 0.7196
vn 0.0545 0.9969 0.0574
vn 0.0545 -0.9969 0.0574
vn 0.3583 -0.8067 0.4700
vn 0.5202 0.5137 0.6823
vn 0.2611 -0.9025 0.3425
vn 0.5740 0.3217 0.7530
vn 0.1585 -0.9652 0.2079
vn 0.6026 0.1097 0.7905
vn 0.0531 0.9962 0.0697
vn 0.0531 -0.9962 0.0697
vn 0.6026 -0.1097 0.7905
vn 0.1585 0.9652 0.2079
vn 0.5740 -0.3217 0.7530
vn 0.2611 0.9025 0.3425
vn 0.5202 -0.5137 0.6823
vn 0.3583 0.8067 0.4700
vn 0.4463 -0.6768 0.5855
vn 0.4463 0.6768 0.5855
vn 0.5059 -0.3031 0.8076
vn 0.2411 0.8909 0.3848
vn 0.4631 -0.4889 0.7392
vn 0.3272 0.7875 0.5223
vn 0.4024 -0.6523 0.6423
vn 0.4024 0.6523 0.6423
vn 0.3272 -0.7875 0.5223
vn 0.4631 0.4889 0.7392
vn 0.2411 -0.8909 0.3848
vn 0.5059 0.3031 0.8076
vn 0.1475 -0.9606 0.2355
vn 0.5281 0.1027 0.8430
vn 0.0496 0.9956 0.0792
vn 0.0496 -0.9956 0.0792
vn 0.5281 -0.1027 0.8430
vn 0.1475 0.9606 0.2355
vn 0.2137 -0.8849 0.4140
vn 0.4384 0.2943 0.8492
vn 0.1313 -0.9581 0.2544
vn 0.4564 0.0995 0.8842
vn 0.0443 0.9953 0.0858
vn 0.0443 -0.9953 0.0858
vn 0.4564 -0.0995 0.8842
vn 0.1313 0.9581 0.2544
vn 0.4384 -0.2943 0.8492
vn 0.2137 0.8849 0.4140
vn 0.4032 -0.4770 0.7810
vn 0.2884 0.7777 0.5586
vn 0.3524 -0.6401 0.6827
vn 0.3524 0.6401 0.6827
vn 0.2884 -0.7777 0.5586
vn 0.4032 0.4770 0.7810
vn 0.1797 0.8849 0.4298
vn 0.3391 -0.4770 0.8109
vn 0.2426 0.7777 0.5800
vn 0.2964 -0.6401 0.7088
vn 0.2964 0.6401 0.7088
vn 0.2426 -0.7777 0.5800
vn 0.3391 0.4770 0.8109
vn 0.1797 -0.8849 0.4298
vn 0.3687 0.2943 0.8817
vn 0.1105 -0.9581 0.2641
vn 0.3839 0.0995 0.9180
vn 0.0373 0.9953 0.0891
vn 0.0373 -0.9953 0.0891
vn 0.3839 -0.0995 0.9180
vn 0.1105 0.9581 0.2641
vn 0.3687 -0.2943 0.8817
vn 0.2934 0.3031 0.9066
vn 0.0856 -0.9606 0.2644
vn 0.3063 0.1027 0.9464
vn 0.0288 0.9956 0.0890
vn 0.0288 -0.9956 0.0890
vn 0.3063 -0.1028 0.9464
vn 0.0856 0.9606 0.2644
vn 0.2934 -0.3031 0.9066
vn 0.1398 0.8909 0.4321
vn 0.2686 -0.4889 0.8299
vn 0.1898 0.7875 0.5864
vn 0.2334 -0.6523 0.7211
vn 0.2334 0.6523 0.7211
vn 0.1898 -0.7875 0.5864
vn 0.2686 0.4889 0.8299
vn 0.1398 -0.8909 0.4321
vn 0.1883 -0.5137 0.8371
vn 0.1297 0.8067 0.5766
vn 0.1616 -0.6768 0.7182
vn 0.1616 0.6768 0.7182
vn 0.1297 -0.8067 0.5766
vn 0.1883 0.5137 0.8370
vn 0.0945 -0.9025 0.4202
vn 0.2078 0.3217 0.9237
vn 0.0574 -0.9652 0.2550
vn 0.2182 0.1097 0.9697
vn 0.0192 0.9962 0.0855
vn 0.0192 -0.9962 0.0855
vn 0.2182 -0.1097 0.9697
vn 0.0574 0.9652 0.2550
vn 0.2078 -0.3217 0.9237
vn 0.0945 0.9025 0.4202
vn 0.0267 -0.9714 0.2361
vn 0.1117 0.1213 0.9863
vn 0.0089 0.9969 0.0787
vn 0.0089 -0.9969 0.0787
vn 0.1117 -0.1212 0.9863
vn 0.0267 0.9714 0.2361
vn 0.1053 -0.3521 0.9300
vn 0.0445 0.9183 0.3933
vn 0.0938 -0.5525 0.8282
vn 0.0621 0.8339 0.5483
vn 0.0789 -0.7133 0.6964
vn 0.0789 0.7133 0.6964
vn 0.0621 -0.8339 0.5483
vn 0.0938 0.5525 0.8282
vn 0.0445 -0.9183 0.3933
vn 0.1053 0.3521 0.9300
vn -0.0128 0.8668 0.4984
vn -0.0166 -0.7604 0.6492
vn -0.0166 0.7604 0.6492
vn -0.0128 -0.8668 0.4984
vn -0.0204 0.6064 0.7949
vn -0.0090 -0.9364 0.3507
vn -0.0235 0.3972 0.9174
vn -0.0053 -0.9781 0.2079
vn -0.0254 0.1391 0.9899
vn -0.0018 0.9976 0.0688
vn -0.0018 -0.9976 0.0688
vn -0.0254 -0.1392 0.9899
vn -0.0053 0.9781 0.2079
vn -0.0235 -0.3972 0.9174
vn -0.0090 0.9364 0.3507
vn -0.0204 -0.6064 0.7949
vn -0.2117 0.1655 0.9632
vn -0.0124 0.9983 0.0564
vn -0.0124 -0.9983 0.0564
vn -0.2117 -0.1655 0.9632
vn -0.0376 0.9845 0.1712
vn -0.1907 -0.4592 0.8676
vn -0.0642 0.9542 0.2923
vn -0.1587 -0.6734 0.7221
vn -0.0931 0.9010 0.4238
vn -0.1249 -0.8134 0.5681
vn -0.1249 0.8134 0.5681
vn -0.0931 -0.9010 0.4238
vn -0.1587 0.6734 0.7220
vn -0.0642 -0.9542 0.2923
vn -0.1907 0.4592 0.8676
vn -0.0376 -0.9845 0.1712
vn -0.2408 -0.8625 0.4452
vn -0.2408 0.8625 0.4452
vn -0.1749 -0.9300 0.3233
vn -0.3185 0.7429 0.5888
vn -0.1186 -0.9684 0.2193
vn -0.4026 0.5330 0.7442
vn -0.0688 -0.9895 0.1271
vn -0.4661 0.2004 0.8617
vn -0.0225 0.9989 0.0417
vn -0.0225 -0.9989 0.0417
vn -0.4661 -0.2003 0.8617
vn -0.0688 0.9895 0.1271
vn -0.4026 -0.5329 0.7442
vn -0.1186 0.9684 0.2193
vn -0.3185 -0.7429 0.5888
vn -0.1749 0.9300 0.3233
vn -0.0318 -0.9992 0.0254
vn -0.7608 -0.2316 0.6063
vn -0.0974 0.9922 0.0776
vn -0.6306 -0.5914 0.5026
vn -0.1688 0.9764 0.1346
vn -0.4786 -0.7908 0.3814
vn -0.2514 0.9469 0.2003
vn -0.3520 -0.8930 0.2805
vn -0.3520 0.8930 0.2805
vn -0.2514 -0.9469 0.2003
vn -0.4786 0.7908 0.3814
vn -0.1688 -0.9764 0.1345
vn -0.6307 0.5913 0.5026
vn -0.0974 -0.9922 0.0776
vn -0.7608 0.2316 0.6063
vn -0.0318 0.9992 0.0254
vn -0.3151 -0.9469 0.0638
vn -0.5999 0.7908 0.1215
vn -0.2116 -0.9764 0.0429
vn -0.7904 0.5913 0.1601
vn -0.1220 -0.9922 0.0247
vn -0.9535 0.2316 0.1931
vn -0.0399 0.9992 0.0081
vn -0.0399 -0.9992 0.0081
vn -0.9535 -0.2316 0.1931
vn -0.1220 0.9922 0.0247
vn -0.7904 -0.5913 0.1601
vn -0.2116 0.9764 0.0429
vn -0.5999 -0.7908 0.1215
vn -0.3151 0.9469 0.0638
vn -0.4412 -0.8930 0.0893
vn -0.4412 0.8930 0.0893
vn -0.1416 0.9895 -0.0290
vn -0.8289 -0.5329 -0.1700
vn -0.2442 0.9684 -0.0501
vn -0.6557 -0.7429 -0.1345
vn -0.3601 0.9300 -0.0738
vn -0.4958 -0.8625 -0.1017
vn -0.4958 0.8625 -0.1017
vn -0.3601 -0.9300 -0.0738
vn -0.6557 0.7429 -0.1345
vn -0.2442 -0.9684 -0.0501
vn -0.8289 0.5330 -0.1700
vn -0.1416 -0.9895 -0.0290
vn -0.9597 0.2004 -0.1968
vn -0.0464 0.9989 -0.0095
vn -0.0464 -0.9989 -0.0095
vn -0.9597 -0.2004 -0.1968
vn -0.6551 0.6734 -0.3426
vn -0.2652 -0.9542 -0.1387
vn -0.7872 0.4592 -0.4116
vn -0.1553 -0.9845 -0.0812
vn -0.8739 0.1655 -0.4570
vn -0.0511 0.9983 -0.0267
vn -0.0511 -0.9983 -0.0267
vn -0.8739 -0.1655 -0.4570
vn -0.1553 0.9845 -0.0812
vn -0.7872 -0.4592 -0.4116
vn -0.2652 0.9542 -0.1387
vn -0.6551 -0.6734 -0.3426
vn -0.3845 0.9010 -0.2011
vn -0.5154 -0.8134 -0.2695
vn -0.5154 0.8134 -0.2695
vn -0.3845 -0.9010 -0.2010
vn -0.7179 -0.3972 -0.5717
vn -0.2744 0.9364 -0.2185
vn -0.6220 -0.6064 -0.4953
vn -0.3900 0.8668 -0.3106
vn -0.5080 -0.7604 -0.4045
vn -0.5080 0.7604 -0.4045
vn -0.3900 -0.8668 -0.3106
vn -0.6220 0.6064 -0.4953
vn -0.2744 -0.9364 -0.2185
vn -0.7179 0.3972 -0.5717
vn -0.1627 -0.9781 -0.1296
vn -0.7746 0.1392 -0.6169
vn -0.0539 0.9976 -0.0429
vn -0.0539 -0.9976 -0.0429
vn -0.7747 -0.1392 -0.6169
vn -0.1627 0.9781 -0.1295
vn -0.2726 -0.9183 -0.2869
vn -0.6447 0.3521 -0.6785
vn -0.1637 -0.9714 -0.1722
vn -0.6838 0.1212 -0.7196
vn -0.0545 0.9969 -0.0574
vn -0.0545 -0.9969 -0.0574
vn -0.6838 -0.1213 -0.7196
vn -0.1637 0.9714 -0.1722
vn -0.6447 -0.3521 -0.6785
vn -0.2726 0.9183 -0.2869
vn -0.5741 -0.5525 -0.6042
vn -0.3801 0.8339 -0.4000
vn -0.4828 -0.7133 -0.5080
vn -0.4828 0.7133 -0.5080
vn -0.3801 -0.8339 -0.4000
vn -0.5741 0.5525 -0.6042
vn -0.2611 0.9025 -0.3425
vn -0.5202 -0.5137 -0.6823
vn -0.3583 0.8067 -0.4700
vn -0.4463 -0.6768 -0.5855
vn -0.4463 0.6768 -0.5855
vn -0.3583 -0.8067 -0.4700
vn -0.5202 0.5137 -0.6823
vn -0.2611 -0.9025 -0.3425
vn -0.5740 0.3217 -0.7530
vn -0.1585 -0.9652 -0.2079
vn -0.6026 0.1097 -0.7905
vn -0.0531 0.9962 -0.0697
vn -0.0531 -0.9962 -0.0697
vn -0.6026 -0.1097 -0.7905
vn -0.1585 0.9652 -0.2079
vn -0.5740 -0.3217 -0.7530
vn -0.5059 0.3031 -0.8076
vn -0.1475 -0.9606 -0.2355
vn -0.5281 0.1027 -0.8430
vn -0.0496 0.9956 -0.0792
vn -0.0496 -0.9956 -0.0792
vn -0.5281 -0.1027 -0.8430
vn -0.1475 0.9606 -0.2355
vn -0.5059 -0.3031 -0.8076
vn -0.2411 0.8909 -0.3849
vn -0.4631 -0.4889 -0.7392
vn -0.3272 0.7875 -0.5223
vn -0.4024 -0.6523 -0.6423
vn -0.4024 0.6523 -0.6423
vn -0.3272 -0.7875 -0.5223
vn -0.4631 0.4889 -0.7392
vn -0.2411 -0.8909 -0.3848
vn -0.4032 -0.4769 -0.7810
vn -0.2884 0.7777 -0.5586
vn -0.3524 -0.6401 -0.6827
vn -0.3524 0.6401 -0.6827
vn -0.2884 -0.7777 -0.5586
vn -0.4032 0.4770 -0.7810
vn -0.2137 -0.8849 -0.4140
vn -0.4384 0.2943 -0.8492
vn -0.1313 -0.9581 -0.2544
vn -0.4564 0.0995 -0.8842
vn -0.0443 0.9953 -0.0858
vn -0.0443 -0.9953 -0.0858
vn -0.4564 -0.0995 -0.8842
vn -0.1313 0.9581 -0.2544
vn -0.4384 -0.2943 -0.8492
vn -0.2137 0.8849 -0.4140
vn 0.4032 -0.4770 -0.7810
vn 0.2884 0.7777 -0.5586
vn 0.3524 -0.6401 -0.6827
vn 0.3524 0.6401 -0.6827
vn 0.2884 -0.7777 -0.5586
vn 0.4032 0.4769 -0.7810
vn 0.2137 -0.8849 -0.4140
vn 0.4384 0.2943 -0.8492
vn 0.1313 -0.9581 -0.2544
vn 0.4564 0.0995 -0.8842
vn 0.0443 0.9953 -0.0858
vn 0.0443 -0.9953 -0.0858
vn 0.4564 -0.0995 -0.8842
vn 0.1313 0.9581 -0.2544
vn 0.4384 -0.2943 -0.8492
vn 0.2137 0.8849 -0.4140
vn 0.1475 0.9606 -0.2355
vn 0.5059 -0.3031 -0.8076
vn 0.2411 0.8909 -0.3848
vn 0.4631 -0.4889 -0.7392
vn 0.3272 0.7875 -0.5223
vn 0.4024 -0.6523 -0.6423
vn 0.4024 0.6523 -0.6423
vn 0.3272 -0.7875 -0.5223
vn 0.4631 0.4889 -0.7392
vn 0.2411 -0.8909 -0.3848
vn 0.5059 0.3031 -0.8076
vn 0.1475 -0.9606 -0.2355
vn 0.5281 0.1027 -0.8430
vn 0.0496 0.9956 -0.0792
vn 0.0496 -0.9956 -0.0792
vn 0.5281 -0.1027 -0.8430
vn 0.5202 0.5137 -0.6823
vn 0.2611 -0.9025 -0.3425
vn 0.5740 0.3217 -0.7530
vn 0.1585 -0.9652 -0.2079
vn 0.6026 0.1097 -0.7905
vn 0.0531 0.9962 -0.0697
vn 0.0531 -0.9962 -0.0697
vn 0.6026 -0.1096 -0.7905
vn 0.1585 0.9652 -0.2079
vn 0.5740 -0.3217 -0.7530
vn 0.2611 0.9025 -0.3425
vn 0.5202 -0.5137 -0.6823
vn 0.3583 0.8067 -0.4700
vn 0.4463 -0.6768 -0.5855
vn 0.4463 0.6768 -0.5855
vn 0.3583 -0.8067 -0.4700
vn 0.6447 -0.3521 -0.6785
vn 0.2726 0.9183 -0.2869
vn 0.5741 -0.5525 -0.6042
vn 0.3801 0.8339 -0.4000
vn 0.4828 -0.7133 -0.5080
vn 0.4828 0.7133 -0.5080
vn 0.3801 -0.8340 -0.4000
vn 0.5741 0.5525 -0.6042
vn 0.2726 -0.9183 -0.2869
vn 0.6447 0.3521 -0.6785
vn 0.1637 -0.9714 -0.1722
vn 0.6838 0.1213 -0.7196
vn 0.0545 0.9969 -0.0574
vn 0.0545 -0.9969 -0.0574
vn 0.6838 -0.1212 -0.7196
vn 0.1637 0.9714 -0.1722
vn 0.2744 -0.9364 -0.2185
vn 0.7179 0.3972 -0.5717
vn 0.1627 -0.9781 -0.1295
vn 0.7746 0.1392 -0.6169
vn 0.0539 0.9976 -0.0429
vn 0.0539 -0.9976 -0.0429
vn 0.7746 -0.1392 -0.6169
vn 0.1627 0.9781 -0.1295
vn 0.7179 -0.3972 -0.5717
vn 0.2744 0.9364 -0.2185
vn 0.6220 -0.6064 -0.4953
vn 0.3900 0.8668 -0.3106
vn 0.5080 -0.7604 -0.4045
vn 0.5080 0.7604 -0.4046
vn 0.3900 -0.8668 -0.3106
vn 0.6220 0.6064 -0.4953
vn 0.6551 -0.6734 -0.3426
vn 0.3845 0.9010 -0.2010
vn 0.5154 -0.8134 -0.2695
vn 0.5154 0.8134 -0.2695
vn 0.3845 -0.9010 -0.2010
vn 0.6551 0.6734 -0.3426
vn 0.2652 -0.9542 -0.1387
vn 0.7872 0.4592 -0.4116
vn 0.1553 -0.9845 -0.0812
vn 0.8739 0.1655 -0.4570
vn 0.0511 0.9983 -0.0267
vn 0.0511 -0.9983 -0.0267
vn 0.8739 -0.1655 -0.4570
vn 0.1553 0.9845 -0.0812
vn 0.7872 -0.4592 -0.4116
vn 0.2652 0.9542 -0.1387
vn 0.1416 -0.9895 -0.0290
vn 0.9597 0.2004 -0.1968
vn 0.0464 0.9989 -0.0095
vn 0.0464 -0.9989 -0.0095
vn 0.9597 -0.2004 -0.1968
vn 0.1416 0.9895 -0.0290
vn 0.8289 -0.5329 -0.1700
vn 0.2442 0.9684 -0.0501
vn 0.6557 -0.7429 -0.1345
vn 0.3601 0.9300 -0.0738
vn 0.4958 -0.8625 -0.1017
vn 0.4958 0.8625 -0.1017
vn 0.3601 -0.9300 -0.0738
vn 0.6557 0.7429 -0.1345
vn 0.2442 -0.9684 -0.0501
vn 0.8289 0.5330 -0.1700
vn 0.3151 0.9469 0.0638
vn 0.4412 -0.8930 0.0893
vn 0.4412 0.8930 0.0893
vn 0.3151 -0.9469 0.0638
vn 0.5999 0.7908 0.1215
vn 0.2116 -0.9764 0.0428
vn 0.7904 0.5914 0.1601
vn 0.1220 -0.9922 0.0247
vn 0.9535 0.2316 0.1931
vn 0.0399 0.9992 0.0081
vn 0.0399 -0.9992 0.0081
vn 0.9535 -0.2316 0.1931
vn 0.1220 0.9922 0.0247
vn 0.7904 -0.5913 0.1601
vn 0.2116 0.9764 0.0429
vn 0.5999 -0.7908 0.1215
vn 0.7608 0.2316 0.6063
vn 0.0318 0.9992 0.0254
vn 0.0318 -0.9992 0.0254
vn 0.7608 -0.2316 0.6063
vn 0.0974 0.9922 0.0776
vn 0.6306 -0.5913 0.5026
vn 0.1688 0.9764 0.1346
vn 0.4786 -0.7908 0.3814
vn 0.2514 0.9469 0.2003
vn 0.3520 -0.8930 0.2805
vn 0.3520 0.8930 0.2805
vn 0.2514 -0.9469 0.2003
vn 0.4786 0.7908 0.3814
vn 0.1688 -0.9764 0.1346
vn 0.6306 0.5913 0.5026
vn 0.0974 -0.9922 0.0776
vn 0.2408 -0.8625 0.4452
vn 0.2408 0.8625 0.4452
vn 0.1749 -0.9300 0.3233
vn 0.3185 0.7429 0.5888
vn 0.1186 -0.9684 0.2193
vn 0.4026 0.5329 0.7442
vn 0.0688 -0.9895 0.1271
vn 0.4661 0.2004 0.8617
vn 0.0225 0.9989 0.0417
vn 0.0225 -0.9989 0.0417
vn 0.4661 -0.2004 0.8617
vn 0.0688 0.9895 0.1272
vn 0.4026 -0.5329 0.7442
vn 0.1186 0.9684 0.2193
vn 0.3185 -0.7429 0.5888
vn 0.1749 0.9300 0.3233
vn 0.0124 0.9983 0.0564
vn 0.0124 -0.9983 0.0564
vn 0.2117 -0.1655 0.9632
vn 0.0376 0.9845 0.1712
vn 0.1907 -0.4592 0.8676
vn 0.0642 0.9542 0.2923
vn 0.1587 -0.6734 0.7220
vn 0.0931 0.9010 0.4238
vn 0.1249 -0.8134 0.5681
vn 0.1249 0.8134 0.5681
vn 0.0931 -0.9010 0.4238
vn 0.1587 0.6734 0.7220
vn 0.0642 -0.9542 0.2923
vn 0.1907 0.4592 0.8676
vn 0.0376 -0.9845 0.1712
vn 0.2117 0.1655 0.9632
vn 0.0166 0.7604 0.6492
vn 0.0128 -0.8668 0.4984
vn 0.0204 0.6064 0.7949
vn 0.0090 -0.9364 0.3507
vn 0.0235 0.3972 0.9174
vn 0.0053 -0.9781 0.2079
vn 0.0254 0.1392 0.9899
vn 0.0018 0.9976 0.0688
vn 0.0018 -0.9976 0.0688
vn 0.0254 -0.1392 0.9899
vn 0.0053 0.9781 0.2079
vn 0.0235 -0.3972 0.9174
vn 0.0090 0.9364 0.3507
vn 0.0204 -0.6064 0.7949
vn 0.0128 0.8668 0.4984
vn 0.0166 -0.7604 0.6492
vn -0.1117 -0.1212 0.9863
vn -0.0267 0.9714 0.2361
vn -0.1053 -0.3521 0.9300
vn -0.0445 0.9183 0.3933
vn -0.0938 -0.5525 0.8282
vn -0.0621 0.8339 0.5483
vn -0.0789 -0.7133 0.6964
vn -0.0789 0.7133 0.6964
vn -0.0621 -0.8339 0.5483
vn -0.0938 0.5525 0.8282
vn -0.0445 -0.9183 0.3933
vn -0.1053 0.3521 0.9300
vn -0.0267 -0.9714 0.2361
vn -0.1117 0.1213 0.9863
vn -0.0089 0.9969 0.0787
vn -0.0089 -0.9969 0.0787
vn -0.1297 -0.8067 0.5766
vn -0.1883 0.5137 0.8371
vn -0.0945 -0.9025 0.4202
vn -0.2078 0.3217 0.9237
vn -0.0574 -0.9652 0.2550
vn -0.2182 0.1096 0.9697
vn -0.0192 0.9962 0.0855
vn -0.0192 -0.9962 0.0855
vn -0.2182 -0.1096 0.9697
vn -0.0574 0.9652 0.2550
vn -0.2078 -0.3217 0.9237
vn -0.0945 0.9025 0.4202
vn -0.1883 -0.5137 0.8371
vn -0.1297 0.8067 0.5766
vn -0.1616 -0.6768 0.7182
vn -0.1616 0.6768 0.7182
vn -0.2934 -0.3031 0.9066
vn -0.1398 0.8909 0.4321
vn -0.2686 -0.4889 0.8299
vn -0.1898 0.7875 0.5864
vn -0.2334 -0.6523 0.7211
vn -0.2334 0.6523 0.7211
vn -0.1898 -0.7875 0.5864
vn -0.2686 0.4889 0.8299
vn -0.1398 -0.8909 0.4321
vn -0.2934 0.3031 0.9066
vn -0.0856 -0.9606 0.2644
vn -0.3063 0.1027 0.9464
vn -0.0288 0.9956 0.0890
vn -0.0288 -0.9956 0.0890
vn -0.3063 -0.1027 0.9464
vn -0.0856 0.9606 0.2644
vn -0.1798 -0.8848 0.4298
vn -0.3687 0.2943 0.8817
vn -0.1105 -0.9581 0.2641
vn -0.3839 0.0995 0.9180
vn -0.0373 0.9953 0.0891
vn -0.0373 -0.9953 0.0891
vn -0.3839 -0.0995 0.9180
vn -0.1105 0.9581 0.2641
vn -0.3687 -0.2943 0.8817
vn -0.1797 0.8849 0.4298
vn -0.3391 -0.4770 0.8109
vn -0.2426 0.7777 0.5800
vn -0.2964 -0.6401 0.7088
vn -0.2964 0.6401 0.7088
vn -0.2426 -0.7777 0.5800
vn -0.3391 0.4770 0.8109
vn -0.2137 0.8849 0.4140
vn -0.4032 -0.4770 0.7810
vn -0.2884 0.7777 0.5586
vn -0.3524 -0.6401 0.6827
vn -0.3524 0.6401 0.6827
vn -0.2884 -0.7777 0.5586
vn -0.4032 0.4770 0.7810
vn -0.2137 -0.8849 0.4140
vn -0.4384 0.2943 0.8492
vn -0.1313 -0.9581 0.2544
vn -0.4564 0.0995 0.8842
vn -0.0443 0.9953 0.0858
vn -0.0443 -0.9953 0.0858
vn -0.4564 -0.0995 0.8842
vn -0.1313 0.9581 0.2544
vn -0.4384 -0.2943 0.8492
vn -0.5059 0.3031 0.8076
vn -0.1475 -0.9606 0.2355
vn -0.5281 0.1027 0.8430
vn -0.0496 0.9956 0.0792
vn -0.0496 -0.9956 0.0792
vn -0.5281 -0.1027 0.8430
vn -0.1475 0.9606 0.2355
vn -0.5059 -0.3031 0.8076
vn -0.2411 0.8909 0.3848
vn -0.4631 -0.4889 0.7392
vn -0.3272 0.7875 0.5223
vn -0.4024 -0.6523 0.6423
vn -0.4024 0.6523 0.6423
vn -0.3272 -0.7875 0.5223
vn -0.4631 0.4889 0.7392
vn -0.2411 -0.8909 0.3848
vn -0.5202 -0.5137 0.6823
vn -0.3583 0.8067 0.4700
vn -0.4463 -0.6768 0.5855
vn -0.4463 0.6768 0.5855
vn -0.3583 -0.8067 0.4700
vn -0.5202 0.5137 0.6823
vn -0.2611 -0.9025 0.3425
vn -0.5740 0.3217 0.7530
vn -0.1585 -0.9652 0.2079
vn -0.6026 0.1097 0.7905
vn -0.0531 0.9962 0.0697
vn -0.0531 -0.9962 0.0697
vn -0.6026 -0.1097 0.7905
vn -0.1585 0.9652 0.2079
vn -0.5740 -0.3217 0.7530
vn -0.2611 0.9025 0.3425
vn -0.1637 -0.9714 0.1722
vn -0.6838 0.1212 0.7196
vn -0.0545 0.9969 0.0574
vn -0.0545 -0.9969 0.0574
vn -0.6838 -0.1212 0.7196
vn -0.1637 0.9714 0.1722
vn -0.6447 -0.3521 0.6785
vn -0.2726 0.9183 0.2869
vn -0.5741 -0.5525 0.6042
vn -0.3801 0.8339 0.4000
vn -0.4828 -0.7133 0.5081
vn -0.4828 0.7133 0.5081
vn -0.3801 -0.8339 0.4000
vn -0.5741 0.5525 0.6042
vn -0.2726 -0.9183 0.2869
vn -0.6447 0.3521 0.6785
vn -0.3900 0.8668 0.3106
vn -0.5080 -0.7604 0.4046
vn -0.5080 0.7604 0.4045
vn -0.3900 -0.8668 0.3106
vn -0.6220 0.6064 0.4953
vn -0.2744 -0.9365 0.2185
vn -0.7179 0.3972 0.5717
vn -0.1627 -0.9781 0.1295
vn -0.7747 0.1392 0.6169
vn -0.0539 0.9976 0.0429
vn -0.0539 -0.9976 0.0429
vn -0.7746 -0.1392 0.6169
vn -0.1627 0.9781 0.1295
vn -0.7179 -0.3972 0.5717
vn -0.2744 0.9364 0.2185
vn -0.6220 -0.6064 0.4953
vn -0.8739 0.1655 0.4570
vn -0.0511 0.9983 0.0267
vn -0.0511 -0.9983 0.0267
vn -0.8739 -0.1655 0.4570
vn -0.1553 0.9845 0.0812
vn -0.7872 -0.4592 0.4116
vn -0.2652 0.9542 0.1387
vn -0.6551 -0.6734 0.3426
vn -0.3845 0.9010 0.2010
vn -0.5154 -0.8134 0.2695
vn -0.5154 0.8134 0.2695
vn -0.3845 -0.9010 0.2010
vn -0.6551 0.6734 0.3426
vn -0.2652 -0.9542 0.1387
vn -0.7872 0.4592 0.4116
vn -0.1553 -0.9845 0.0812
vn -0.4958 -0.8625 0.1017
vn -0.4958 0.8625 0.1017
vn -0.3601 -0.9300 0.0738
vn -0.6557 0.7429 0.1345
vn -0.2442 -0.9684 0.0501
vn -0.8289 0.5330 0.1700
vn -0.1416 -0.9895 0.0290
vn -0.9597 0.2004 0.1968
vn -0.0464 0.9989 0.0095
vn -0.0464 -0.9989 0.0095
vn -0.9597 -0.2004 0.1968
vn -0.1416 0.9895 0.0290
vn -0.8289 -0.5329 0.1700
vn -0.2442 0.9684 0.0501
vn -0.6557 -0.7429 0.1345
vn -0.3601 0.9300 0.0739
vn -0.0399 -0.9992 -0.0081
vn -0.9535 -0.2316 -0.1931
vn -0.1220 0.9922 -0.0247
vn -0.7904 -0.5913 -0.1601
vn -0.2116 0.9764 -0.0429
vn -0.5999 -0.7908 -0.1215
vn -0.3151 0.9469 -0.0638
vn -0.4412 -0.8930 -0.0893
vn -0.4412 0.8930 -0.0893
vn -0.3151 -0.9469 -0.0638
vn -0.5999 0.7908 -0.1215
vn -0.2116 -0.9764 -0.0429
vn -0.7904 0.5914 -0.1601
vn -0.1220 -0.9922 -0.0247
vn -0.9535 0.2316 -0.1931
vn -0.0399 0.9992 -0.0081
vn -0.2514 -0.9469 -0.2004
vn -0.4786 0.7908 -0.3814
vn -0.1688 -0.9764 -0.1346
vn -0.6306 0.5913 -0.5026
vn -0.0974 -0.9922 -0.0776
vn -0.7608 0.2316 -0.6063
vn -0.0318 0.9992 -0.0254
vn -0.0318 -0.9992 -0.0254
vn -0.7608 -0.2316 -0.6063
vn -0.0974 0.9922 -0.0776
vn -0.6306 -0.5914 -0.5026
vn -0.1688 0.9764 -0.1346
vn -0.4786 -0.7908 -0.3814
vn -0.2514 0.9469 -0.2003
vn -0.3520 -0.8930 -0.2805
vn -0.3520 0.8930 -0.2805
vn -0.0688 0.9895 -0.1272
vn -0.4026 -0.5329 -0.7442
vn -0.1186 0.9684 -0.2193
vn -0.3185 -0.7429 -0.5888
vn -0.1749 0.9300 -0.3233
vn -0.2408 -0.8625 -0.4452
vn -0.2408 0.8625 -0.4452
vn -0.1749 -0.9300 -0.3233
vn -0.3185 0.7429 -0.5888
vn -0.1186 -0.9684 -0.2193
vn -0.4026 0.5329 -0.7442
vn -0.0688 -0.9895 -0.1272
vn -0.4661 0.2003 -0.8617
vn -0.0225 0.9989 -0.0417
vn -0.0225 -0.9989 -0.0417
vn -0.4661 -0.2003 -0.8617
vn -0.1587 0.6734 -0.7220
vn -0.0642 -0.9542 -0.2923
vn -0.1907 0.4592 -0.8676
vn -0.0376 -0.9845 -0.1712
vn -0.2117 0.1655 -0.9632
vn -0.0124 0.9983 -0.0564
vn -0.0124 -0.9983 -0.0564
vn -0.2117 -0.1655 -0.9632
vn -0.0376 0.9845 -0.1712
vn -0.1907 -0.4592 -0.8676
vn -0.0642 0.9542 -0.2923
vn -0.1587 -0.6734 -0.7220
vn -0.0931 0.9010 -0.4238
vn -0.1249 -0.8134 -0.5681
vn -0.1249 0.8134 -0.5681
vn -0.0931 -0.9010 -0.4238
vn -0.0235 -0.3972 -0.9174
vn -0.0090 0.9364 -0.3507
vn -0.0204 -0.6064 -0.7949
vn -0.0128 0.8668 -0.4984
vn -0.0166 -0.7604 -0.6492
vn -0.0166 0.7604 -0.6492
vn -0.0128 -0.8668 -0.4984
vn -0.0204 0.6064 -0.7949
vn -0.0090 -0.9365 -0.3507
vn -0.0235 0.3972 -0.9174
vn -0.0053 -0.9781 -0.2079
vn -0.0254 0.1392 -0.9899
vn -0.0018 0.9976 -0.0688
vn -0.0018 -0.9976 -0.0688
vn -0.0254 -0.1392 -0.9899
vn -0.0053 0.9781 -0.2079
vn 0.0445 -0.9183 -0.3933
vn 0.1053 0.3521 -0.9300
vn 0.0267 -0.9714 -0.2361
vn 0.1117 0.1212 -0.9863
vn 0.0089 0.9969 -0.0787
vn 0.0089 -0.9969 -0.0787
vn 0.1117 -0.1212 -0.9863
vn 0.0267 0.9714 -0.2361
vn 0.1053 -0.3521 -0.9300
vn 0.0445 0.9183 -0.3933
vn 0.0938 -0.5525 -0.8282
vn 0.0621 0.8339 -0.5483
vn 0.0789 -0.7133 -0.6964
vn 0.0789 0.7133 -0.6964
vn 0.0621 -0.8339 -0.5483
vn 0.0938 0.5525 -0.8282
vn 0.0945 0.9025 -0.4202
vn 0.1883 -0.5137 -0.8371
vn 0.1297 0.8067 -0.5766
vn 0.1616 -0.6768 -0.7182
vn 0.1616 0.6768 -0.7182
vn 0.1297 -0.8067 -0.5766
vn 0.1883 0.5137 -0.8371
vn 0.0945 -0.9025 -0.4202
vn 0.2078 0.3217 -0.9237
vn 0.0574 -0.9652 -0.2550
vn 0.2182 0.1096 -0.9697
vn 0.0192 0.9962 -0.0855
vn 0.0192 -0.9962 -0.0855
vn 0.2182 -0.1097 -0.9697
vn 0.0574 0.9652 -0.2550
vn 0.2078 -0.3217 -0.9237
vn 0.2934 0.3031 -0.9066
vn 0.0856 -0.9606 -0.2644
vn 0.3063 0.1027 -0.9464
vn 0.0288 0.9956 -0.0890
vn 0.0288 -0.9956 -0.0890
vn 0.3063 -0.1027 -0.9464
vn 0.0856 0.9606 -0.2644
vn 0.2934 -0.3031 -0.9066
vn 0.1398 0.8909 -0.4321
vn 0.2686 -0.4889 -0.8299
vn 0.1898 0.7875 -0.5864
vn 0.2334 -0.6523 -0.7211
vn 0.2334 0.6523 -0.7211
vn 0.1898 -0.7875 -0.5864
vn 0.2686 0.4889 -0.8299
vn 0.1398 -0.8909 -0.4321
vn 0.3391 -0.4770 -0.8109
vn 0.2426 0.7777 -0.5800
vn 0.2964 -0.6401 -0.7088
vn 0.2964 0.6401 -0.7088
vn 0.2426 -0.7777 -0.5800
vn 0.3391 0.4770 -0.8109
vn 0.1797 -0.8849 -0.4298
vn 0.3687 0.2943 -0.8817
vn 0.1105 -0.9581 -0.2641
vn 0.3839 0.0995 -0.9180
vn 0.0373 0.9953 -0.0891
vn 0.0373 -0.9953 -0.0891
vn 0.3839 -0.0995 -0.9180
vn 0.1105 0.9581 -0.2641
vn 0.3687 -0.2943 -0.8817
vn 0.1797 0.8849 -0.4298
vn -0.8689 -0.3710 0.3277
vn -0.8955 0.3378 0.2899
vn -0.9004 0.3397 -0.2717
vn -0.8689 -0.3710 -0.3277
vn -0.3259 -0.3836 -0.8641
vn -0.2717 0.3397 -0.9004
vn 0.2717 0.3397 -0.9004
vn 0.3259 -0.3836 -0.8641
vn 0.8689 -0.3710 -0.3277
vn 0.9004 0.3397 -0.2717
vn 0.8955 0.3378 0.2899
vn 0.8689 -0.3710 0.3277
vn 0.4293 -0.3974 0.8111
vn 0.2856 0.4655 0.8377
vn -0.2856 0.4655 0.8377
vn -0.4293 -0.3974 0.8111
vn -0.3014 -0.9275 -0.2212
vn 0.2395 -0.9280 -0.2853
vn 0.2395 -0.9280 0.2853
vn -0.3014 -0.9275 0.2212
vn 0.2717 0.9004 -0.3397
vn -0.3397 0.9004 -0.2717
vn -0.3345 0.8867 0.3191
vn 0.2762 0.8846 0.3758
vn 0.2231 0.8810 -0.4173
vn 0.2254 0.9565 -0.1850
vn 0.2254 0.9566 0.1850
vn 0.2231 0.8810 0.4173
vn -0.4173 0.8810 -0.2230
vn -0.2231 0.8810 -0.4173
vn -0.3391 -0.4770 -0.8109
vn -0.3391 0.4769 -0.8109
vn -0.1797 0.8849 -0.4298
vn -0.1883 0.5137 -0.8370
vn -0.2182 0.1096 -0.9697
vn -0.2182 -0.1097 -0.9697
vn -0.1883 -0.5137 -0.8371
vn 0.1587 0.6734 -0.7220
vn 0.2514 0.9469 -0.2003
vn 0.2514 -0.9469 -0.2004
vn 0.1688 -0.9764 -0.1345
vn 0.6306 0.5914 -0.5026
vn 0.6306 -0.5913 -0.5026
vn 0.1688 0.9764 -0.1346
vn 0.7904 -0.5914 -0.1600
vn 0.2116 0.9764 -0.0428
vn 0.2116 -0.9764 -0.0429
vn 0.7904 0.5913 -0.1601
vn 0.3601 -0.9300 0.0738
vn 0.3601 0.9300 0.0739
vn 0.5080 0.7604 0.4046
vn 0.2744 -0.9365 0.2185
vn 0.2744 0.9364 0.2185
vn 0.5080 -0.7604 0.4045
vn 0.4828 -0.7133 0.5081
vn 0.3063 0.1028 0.9464
vn 0.3063 -0.1027 0.9464
vn 0.1883 -0.5137 0.8370
vn 0.1883 0.5137 0.8371
vn 0.1117 0.1212 0.9863
vn 0.1117 -0.1213 0.9863
vn -0.0254 0.1392 0.9899
vn -0.0254 -0.1391 0.9899
vn -0.1587 -0.6734 0.7220
vn -0.1587 0.6734 0.7221
vn -0.4026 0.5329 0.7442
vn -0.4661 0.2003 0.8617
vn -0.4661 -0.2004 0.8617
vn -0.4026 -0.5330 0.7442
vn -0.6307 -0.5913 0.5026
vn -0.1688 0.9764 0.1345
vn -0.1688 -0.9764 0.1346
vn -0.6306 0.5914 0.5026
vn -0.8289 -0.5330 -0.1700
vn -0.8289 0.5329 -0.1700
vn -0.3845 0.9010 -0.2010
vn -0.3845 -0.9010 -0.2011
vn -0.5080 -0.7604 -0.4046
vn -0.1627 -0.9781 -0.1295
vn -0.7747 0.1392 -0.6169
vn -0.7746 -0.1392 -0.6169
vn -0.1627 0.9781 -0.1296
vn -0.6838 0.1213 -0.7196
vn -0.6838 -0.1212 -0.7196
vn -0.4828 0.7133 -0.5081
vn -0.2411 0.8909 -0.3848
vn -0.2411 -0.8909 -0.3849
vn -0.4032 -0.4770 -0.7810
vn -0.4032 0.4769 -0.7810
vn 0.4032 -0.4769 -0.7810
vn 0.6026 0.1096 -0.7905
vn 0.6026 -0.1097 -0.7905
vn 0.3801 -0.8339 -0.4000
vn 0.6838 0.1212 -0.7196
vn 0.6838 -0.1213 -0.7196
vn 0.5080 -0.7604 -0.4046
vn 0.5080 0.7604 -0.4045
vn 0.8289 -0.5330 -0.1700
vn 0.8289 0.5329 -0.1700
vn 0.2116 -0.9764 0.0429
vn 0.7904 0.5913 0.1601
vn 0.7904 -0.5914 0.1601
vn 0.2116 0.9764 0.0428
vn 0.0688 -0.9895 0.1272
vn 0.0688 0.9895 0.1271
vn -0.1117 -0.1213 0.9863
vn -0.1117 0.1212 0.9863
vn -0.1797 -0.8849 0.4298
vn -0.1798 0.8848 0.4298
vn -0.4828 0.7133 0.5080
vn -0.5080 -0.7604 0.4045
vn -0.5080 0.7604 0.4046
vn -0.2744 -0.9364 0.2185
vn -0.7746 0.1392 0.6169
vn -0.7747 -0.1392 0.6169
vn -0.2744 0.9365 0.2185
vn -0.3601 -0.9300 0.0739
vn -0.8289 0.5329 0.1700
vn -0.8289 -0.5330 0.1700
vn -0.3601 0.9300 0.0738
vn -0.7904 -0.5914 -0.1601
vn -0.7904 0.5913 -0.1601
vn -0.2514 -0.9469 -0.2003
vn -0.6306 0.5914 -0.5026
vn -0.6306 -0.5913 -0.5026
vn -0.2514 0.9469 -0.2004
vn -0.0090 0.9365 -0.3507
vn -0.0090 -0.9364 -0.3507
vn 0.2182 0.1097 -0.9697
vn 0.2182 -0.1096 -0.9697
vt 0.365885 0.319492
vt 0.439774 0.244994
vt 0.440078 0.319187
vt 0.365276 0.171106
vt 0.365581 0.245299
vt 0.513662 0.170496
vt 0.513967 0.244689
vt 0.514271 0.318882
vt 0.588160 0.244384
vt 0.588464 0.318577
vt 0.662048 0.169887
vt 0.662353 0.244080
vt 0.662657 0.318273
vt 0.736545 0.243775
vt 0.736850 0.317968
vt 0.810434 0.169277
vt 0.810738 0.243470
vt 0.811043 0.317663
vt 0.884931 0.243165
vt 0.885236 0.317358
vt 0.958820 0.168667
vt 0.959124 0.242860
vt 0.959429 0.317053
vt 0.663267 0.466658
vt 0.737155 0.392161
vt 0.737460 0.466354
vt 0.662962 0.392465
vt 0.811348 0.391856
vt 0.811653 0.466049
vt 0.735936 0.095389
vt 0.736241 0.169582
vt 0.661438 0.021501
vt 0.661743 0.095694
vt 0.809824 0.020891
vt 0.810129 0.095084
vt 0.475395 0.980074
vt 0.461185 0.752726
vt 0.475395 0.752726
vt 0.461185 0.980074
vt 0.446976 0.752726
vt 0.446976 0.980074
vt 0.432767 0.752726
vt 0.432767 0.980074
vt 0.418558 0.752726
vt 0.418558 0.980074
vt 0.404349 0.752726
vt 0.404349 0.980074
vt 0.390139 0.752726
vt 0.390139 0.980074
vt 0.375930 0.752726
vt 0.375930 0.980074
vt 0.361721 0.752726
vt 0.361721 0.980074
vt 0.347512 0.752726
vt 0.347512 0.980074
vt 0.333302 0.752726
vt 0.333302 0.980074
vt 0.319093 0.752726
vt 0.319093 0.980074
vt 0.304884 0.752726
vt 0.304884 0.980074
vt 0.290675 0.752726
vt 0.290675 0.980074
vt 0.276465 0.752726
vt 0.276465 0.980074
vt 0.262256 0.752726
vt 0.262256 0.980074
vt 0.248047 0.752726
vt 0.248047 0.980074
vt 0.233838 0.752726
vt 0.233838 0.980074
vt 0.219628 0.752726
vt 0.219628 0.980074
vt 0.205419 0.752726
vt 0.205419 0.980074
vt 0.191210 0.752726
vt 0.191210 0.980074
vt 0.177001 0.752726
vt 0.177001 0.980074
vt 0.162791 0.752726
vt 0.162791 0.980074
vt 0.148582 0.752726
vt 0.148582 0.980074
vt 0.134373 0.752726
vt 0.134373 0.980074
vt 0.120164 0.752726
vt 0.120164 0.980074
vt 0.105954 0.752726
vt 0.105954 0.980074
vt 0.091745 0.752726
vt 0.091745 0.980074
vt 0.077536 0.752726
vt 0.077536 0.980074
vt 0.063327 0.752726
vt 0.063327 0.980074
vt 0.049118 0.752726
vt 0.049118 0.980074
vt 0.034908 0.752726
vt 0.034908 0.980074
vt 0.020699 0.752726
vt 0.155663 0.746083
vt 0.073745 0.729788
vt 0.027343 0.660342
vt 0.340431 0.746083
vt 0.422349 0.729788
vt 0.468751 0.660342
vt 0.361721 0.894819
vt 0.347512 0.923237
vt 0.347512 0.894819
vt 0.361721 0.866400
vt 0.347512 0.866400
vt 0.347512 0.837982
vt 0.361721 0.837982
vt 0.361721 0.809564
vt 0.347512 0.809564
vt 0.361721 0.781145
vt 0.347512 0.781145
vt 0.361721 0.951656
vt 0.354616 0.980074
vt 0.347512 0.951656
vt 0.361721 0.923237
vt 0.333302 0.923237
vt 0.333302 0.894819
vt 0.333302 0.866400
vt 0.333302 0.837982
vt 0.333302 0.809563
vt 0.333302 0.781145
vt 0.340407 0.980074
vt 0.333302 0.951656
vt 0.319093 0.809564
vt 0.319093 0.781145
vt 0.326198 0.980074
vt 0.319093 0.951656
vt 0.319093 0.923237
vt 0.319093 0.894819
vt 0.319093 0.866400
vt 0.319093 0.837982
vt 0.304884 0.894819
vt 0.304884 0.866400
vt 0.304884 0.837982
vt 0.304884 0.809564
vt 0.304884 0.781145
vt 0.311989 0.980074
vt 0.304884 0.951656
vt 0.304884 0.923237
vt 0.290675 0.809564
vt 0.290675 0.781145
vt 0.297779 0.980074
vt 0.290675 0.951656
vt 0.290675 0.923237
vt 0.290675 0.894819
vt 0.290675 0.866400
vt 0.290675 0.837982
vt 0.276465 0.894819
vt 0.276465 0.866400
vt 0.276465 0.837982
vt 0.276465 0.809564
vt 0.276465 0.781145
vt 0.283570 0.980074
vt 0.276465 0.951656
vt 0.276465 0.923237
vt 0.262256 0.809564
vt 0.262256 0.781145
vt 0.269361 0.980074
vt 0.262256 0.951656
vt 0.262256 0.923237
vt 0.262256 0.894819
vt 0.262256 0.866400
vt 0.262256 0.837982
vt 0.248047 0.866400
vt 0.248047 0.837982
vt 0.248047 0.809564
vt 0.248047 0.781145
vt 0.255152 0.980074
vt 0.248047 0.951656
vt 0.248047 0.923237
vt 0.248047 0.894819
vt 0.240942 0.980074
vt 0.233838 0.951656
vt 0.233838 0.923237
vt 0.233838 0.894819
vt 0.233838 0.866400
vt 0.233838 0.837982
vt 0.233838 0.809564
vt 0.233838 0.781145
vt 0.219628 0.866400
vt 0.219628 0.837982
vt 0.219628 0.809564
vt 0.219628 0.781145
vt 0.226733 0.980074
vt 0.219628 0.951656
vt 0.219628 0.923237
vt 0.219628 0.894819
vt 0.212524 0.980074
vt 0.205419 0.951656
vt 0.205419 0.923237
vt 0.205419 0.894819
vt 0.205419 0.866400
vt 0.205419 0.837982
vt 0.205419 0.809564
vt 0.205419 0.781145
vt 0.191210 0.866400
vt 0.191210 0.837982
vt 0.191210 0.809564
vt 0.191210 0.781145
vt 0.198315 0.980074
vt 0.191210 0.951656
vt 0.191210 0.923237
vt 0.191210 0.894819
vt 0.177001 0.951656
vt 0.177001 0.923237
vt 0.177001 0.894819
vt 0.177001 0.866400
vt 0.177001 0.837982
vt 0.177001 0.809564
vt 0.177001 0.781145
vt 0.184105 0.980074
vt 0.162791 0.809564
vt 0.162791 0.781145
vt 0.169896 0.980074
vt 0.162791 0.951656
vt 0.162791 0.923237
vt 0.162791 0.894819
vt 0.162791 0.866400
vt 0.162791 0.837982
vt 0.148582 0.923237
vt 0.148582 0.894819
vt 0.148582 0.866400
vt 0.148582 0.837982
vt 0.148582 0.809564
vt 0.148582 0.781145
vt 0.155687 0.980074
vt 0.148582 0.951656
vt 0.134373 0.809564
vt 0.134373 0.781145
vt 0.141478 0.980074
vt 0.134373 0.951656
vt 0.134373 0.923237
vt 0.134373 0.894819
vt 0.134373 0.866400
vt 0.134373 0.837982
vt 0.120164 0.923237
vt 0.120164 0.894819
vt 0.120164 0.866400
vt 0.120164 0.837982
vt 0.120164 0.809564
vt 0.120164 0.781145
vt 0.127268 0.980074
vt 0.120164 0.951656
vt 0.105954 0.809564
vt 0.105954 0.781145
vt 0.113059 0.980074
vt 0.105954 0.951656
vt 0.105954 0.923237
vt 0.105954 0.894819
vt 0.105954 0.866400
vt 0.105954 0.837982
vt 0.091745 0.894819
vt 0.091745 0.866400
vt 0.091745 0.837982
vt 0.091745 0.809564
vt 0.091745 0.781145
vt 0.098850 0.980074
vt 0.091745 0.951656
vt 0.091745 0.923237
vt 0.077536 0.809564
vt 0.077536 0.781145
vt 0.084641 0.980074
vt 0.077536 0.951656
vt 0.077536 0.923237
vt 0.077536 0.894819
vt 0.077536 0.866400
vt 0.077536 0.837982
vt 0.063327 0.866400
vt 0.063327 0.837982
vt 0.063327 0.809564
vt 0.063327 0.781145
vt 0.070431 0.980074
vt 0.063327 0.951656
vt 0.063327 0.923237
vt 0.063327 0.894819
vt 0.056222 0.980074
vt 0.049118 0.951656
vt 0.049118 0.923237
vt 0.049118 0.894819
vt 0.049118 0.866400
vt 0.049118 0.837982
vt 0.049118 0.809564
vt 0.049118 0.781145
vt 0.034908 0.866400
vt 0.034908 0.837982
vt 0.034908 0.809564
vt 0.034908 0.781145
vt 0.042013 0.980074
vt 0.034908 0.951656
vt 0.034908 0.923237
vt 0.034908 0.894819
vt 0.027804 0.980074
vt 0.020699 0.951656
vt 0.020699 0.923237
vt 0.020699 0.894819
vt 0.020699 0.866400
vt 0.020699 0.837982
vt 0.020699 0.809564
vt 0.020699 0.781145
vt 0.475395 0.837982
vt 0.461185 0.866400
vt 0.461185 0.837982
vt 0.461185 0.809564
vt 0.475395 0.809564
vt 0.475395 0.781145
vt 0.461185 0.781145
vt 0.475395 0.951656
vt 0.468290 0.980074
vt 0.461185 0.951656
vt 0.475395 0.923237
vt 0.461185 0.923237
vt 0.475395 0.894819
vt 0.461185 0.894819
vt 0.475395 0.866400
vt 0.446976 0.923237
vt 0.446976 0.894819
vt 0.446976 0.866400
vt 0.446976 0.837982
vt 0.446976 0.809564
vt 0.446976 0.781145
vt 0.454081 0.980074
vt 0.446976 0.951656
vt 0.432767 0.809564
vt 0.432767 0.781145
vt 0.439872 0.980074
vt 0.432767 0.951656
vt 0.432767 0.923237
vt 0.432767 0.894819
vt 0.432767 0.866400
vt 0.432767 0.837982
vt 0.418558 0.923237
vt 0.418558 0.894819
vt 0.418558 0.866400
vt 0.418558 0.837982
vt 0.418558 0.809564
vt 0.418558 0.781145
vt 0.425662 0.980074
vt 0.418558 0.951656
vt 0.404349 0.809564
vt 0.404349 0.781145
vt 0.411453 0.980074
vt 0.404349 0.951656
vt 0.404349 0.923237
vt 0.404349 0.894819
vt 0.404349 0.866400
vt 0.404349 0.837982
vt 0.390139 0.923237
vt 0.390139 0.894819
vt 0.390139 0.866400
vt 0.390139 0.837982
vt 0.390139 0.809564
vt 0.390139 0.781145
vt 0.397244 0.980074
vt 0.390139 0.951656
vt 0.375930 0.809564
vt 0.375930 0.781145
vt 0.383035 0.980074
vt 0.375930 0.951656
vt 0.375930 0.923237
vt 0.375930 0.894819
vt 0.375930 0.866400
vt 0.375930 0.837982
vt 0.368825 0.980074
vt 0.899563 0.772689
vt 0.890221 0.754004
vt 0.899563 0.754004
vt 0.899563 0.884798
vt 0.890221 0.903483
vt 0.890221 0.884798
vt 0.890221 0.735319
vt 0.899563 0.735319
vt 0.899563 0.866113
vt 0.890221 0.866113
vt 0.890221 0.716634
vt 0.899563 0.716634
vt 0.899563 0.847429
vt 0.890221 0.847428
vt 0.890221 0.697949
vt 0.899563 0.697949
vt 0.899563 0.828744
vt 0.890221 0.828744
vt 0.890221 0.679264
vt 0.899563 0.679264
vt 0.899563 0.810059
vt 0.890221 0.810059
vt 0.899563 0.940853
vt 0.894892 0.959538
vt 0.890221 0.940853
vt 0.894892 0.660580
vt 0.890221 0.791374
vt 0.899563 0.791374
vt 0.899563 0.922168
vt 0.890221 0.922168
vt 0.890221 0.772689
vt 0.899563 0.903483
vt 0.880878 0.940853
vt 0.880878 0.922168
vt 0.880878 0.772689
vt 0.880878 0.903483
vt 0.880878 0.754004
vt 0.880878 0.884798
vt 0.880878 0.735319
vt 0.880878 0.866113
vt 0.880878 0.716634
vt 0.880878 0.847428
vt 0.880878 0.697949
vt 0.880878 0.828744
vt 0.880878 0.679264
vt 0.880878 0.810059
vt 0.885549 0.959538
vt 0.885549 0.660580
vt 0.880878 0.791374
vt 0.871536 0.866113
vt 0.871536 0.847428
vt 0.871536 0.697949
vt 0.871536 0.828744
vt 0.871536 0.679264
vt 0.871536 0.810059
vt 0.876207 0.959538
vt 0.871536 0.940853
vt 0.876207 0.660580
vt 0.871536 0.791374
vt 0.871536 0.922168
vt 0.871536 0.772689
vt 0.871536 0.903483
vt 0.871536 0.754004
vt 0.871536 0.884798
vt 0.871536 0.735319
vt 0.871536 0.716634
vt 0.862193 0.772689
vt 0.862193 0.922168
vt 0.862193 0.903483
vt 0.862193 0.754004
vt 0.862193 0.884798
vt 0.862193 0.735319
vt 0.862193 0.866113
vt 0.862193 0.716634
vt 0.862193 0.847428
vt 0.862193 0.697949
vt 0.862193 0.828744
vt 0.862193 0.679264
vt 0.862193 0.810059
vt 0.866864 0.959538
vt 0.862193 0.940853
vt 0.866864 0.660580
vt 0.862193 0.791374
vt 0.852851 0.697949
vt 0.852851 0.847428
vt 0.852851 0.828744
vt 0.852851 0.679264
vt 0.852851 0.810059
vt 0.857522 0.959538
vt 0.852851 0.940853
vt 0.857522 0.660580
vt 0.852851 0.791374
vt 0.852851 0.922168
vt 0.852851 0.772689
vt 0.852851 0.903483
vt 0.852851 0.754004
vt 0.852851 0.884798
vt 0.852851 0.735319
vt 0.852851 0.866113
vt 0.852851 0.716634
vt 0.843508 0.754004
vt 0.843508 0.903483
vt 0.843508 0.884798
vt 0.843508 0.735319
vt 0.843508 0.866113
vt 0.843508 0.716634
vt 0.843508 0.847428
vt 0.843508 0.697949
vt 0.843508 0.828744
vt 0.843508 0.679264
vt 0.843508 0.810059
vt 0.848179 0.959538
vt 0.843508 0.940853
vt 0.848179 0.660580
vt 0.843508 0.791374
vt 0.843508 0.922168
vt 0.843508 0.772689
vt 0.834166 0.679264
vt 0.834166 0.828744
vt 0.834166 0.810059
vt 0.838837 0.959538
vt 0.834166 0.940853
vt 0.838837 0.660580
vt 0.834166 0.791374
vt 0.834166 0.922168
vt 0.834166 0.772689
vt 0.834166 0.903483
vt 0.834166 0.754004
vt 0.834166 0.884798
vt 0.834166 0.735319
vt 0.834166 0.866113
vt 0.834166 0.716634
vt 0.834166 0.847428
vt 0.834166 0.697949
vt 0.824823 0.903483
vt 0.824823 0.884798
vt 0.824823 0.735319
vt 0.824823 0.866113
vt 0.824823 0.716634
vt 0.824823 0.847428
vt 0.824823 0.697949
vt 0.824823 0.828744
vt 0.824823 0.679264
vt 0.824823 0.810059
vt 0.829495 0.959538
vt 0.824823 0.940853
vt 0.829495 0.660580
vt 0.824823 0.791374
vt 0.824823 0.922168
vt 0.824823 0.772689
vt 0.824823 0.754004
vt 0.815481 0.810059
vt 0.820152 0.959538
vt 0.815481 0.940853
vt 0.820152 0.660580
vt 0.815481 0.679264
vt 0.815481 0.791374
vt 0.815481 0.922168
vt 0.815481 0.772689
vt 0.815481 0.903483
vt 0.815481 0.754004
vt 0.815481 0.884798
vt 0.815481 0.735319
vt 0.815481 0.866113
vt 0.815481 0.716634
vt 0.815481 0.847428
vt 0.815481 0.697949
vt 0.815481 0.828744
vt 0.806138 0.754004
vt 0.806138 0.735319
vt 0.806138 0.866113
vt 0.806138 0.716634
vt 0.806138 0.847428
vt 0.806138 0.697949
vt 0.806138 0.828744
vt 0.806138 0.679264
vt 0.806138 0.810059
vt 0.810810 0.959538
vt 0.806138 0.940853
vt 0.810810 0.660580
vt 0.806138 0.791374
vt 0.806138 0.922168
vt 0.806138 0.772689
vt 0.806138 0.903483
vt 0.806138 0.884798
vt 0.801467 0.959538
vt 0.796796 0.940853
vt 0.801467 0.660580
vt 0.796796 0.679264
vt 0.796796 0.810059
vt 0.796796 0.791374
vt 0.796796 0.922168
vt 0.796796 0.772689
vt 0.796796 0.903483
vt 0.796796 0.754004
vt 0.796796 0.884798
vt 0.796796 0.735319
vt 0.796796 0.866113
vt 0.796796 0.716634
vt 0.796796 0.847428
vt 0.796796 0.697949
vt 0.796796 0.828744
vt 0.787454 0.866113
vt 0.787454 0.735319
vt 0.787454 0.716634
vt 0.787454 0.847428
vt 0.787454 0.697949
vt 0.787454 0.828744
vt 0.787454 0.679264
vt 0.787454 0.810059
vt 0.792125 0.959538
vt 0.787454 0.940853
vt 0.792125 0.660580
vt 0.787454 0.791374
vt 0.787454 0.922168
vt 0.787454 0.772689
vt 0.787454 0.903483
vt 0.787454 0.754004
vt 0.787454 0.884798
vt 0.778111 0.810059
vt 0.778111 0.791374
vt 0.778111 0.922168
vt 0.778111 0.772689
vt 0.778111 0.903483
vt 0.778111 0.754004
vt 0.778111 0.884798
vt 0.778111 0.735319
vt 0.778111 0.866113
vt 0.778111 0.716634
vt 0.778111 0.847428
vt 0.778111 0.697949
vt 0.778111 0.828744
vt 0.778111 0.679264
vt 0.782782 0.959538
vt 0.778111 0.940853
vt 0.782782 0.660580
vt 0.768769 0.735319
vt 0.768769 0.716634
vt 0.768769 0.847428
vt 0.768769 0.697949
vt 0.768769 0.828744
vt 0.768769 0.679264
vt 0.768769 0.810059
vt 0.773440 0.959538
vt 0.768769 0.940853
vt 0.773440 0.660580
vt 0.768769 0.791374
vt 0.768769 0.922168
vt 0.768769 0.772689
vt 0.768769 0.903483
vt 0.768769 0.754004
vt 0.768769 0.884798
vt 0.768769 0.866113
vt 0.759426 0.791374
vt 0.759426 0.772689
vt 0.759426 0.903483
vt 0.759426 0.754004
vt 0.759426 0.884798
vt 0.759426 0.735319
vt 0.759426 0.866113
vt 0.759426 0.716634
vt 0.759426 0.847428
vt 0.759426 0.697949
vt 0.759426 0.828744
vt 0.759426 0.679264
vt 0.759426 0.810059
vt 0.764097 0.959538
vt 0.759426 0.940853
vt 0.764097 0.660580
vt 0.759426 0.922168
vt 0.750084 0.716634
vt 0.750084 0.697949
vt 0.750084 0.828744
vt 0.750084 0.679264
vt 0.750084 0.810059
vt 0.754755 0.959538
vt 0.750084 0.940853
vt 0.754755 0.660580
vt 0.750084 0.791374
vt 0.750084 0.922168
vt 0.750084 0.772689
vt 0.750084 0.903483
vt 0.750084 0.754004
vt 0.750084 0.884798
vt 0.750084 0.735319
vt 0.750084 0.866113
vt 0.750084 0.847428
vt 0.740741 0.922168
vt 0.740741 0.903483
vt 0.740741 0.754004
vt 0.740741 0.884798
vt 0.740741 0.735319
vt 0.740741 0.866113
vt 0.740741 0.716634
vt 0.740741 0.847428
vt 0.740741 0.697949
vt 0.740741 0.828744
vt 0.740741 0.679264
vt 0.740741 0.810059
vt 0.745413 0.959538
vt 0.740741 0.940853
vt 0.745413 0.660580
vt 0.740741 0.791374
vt 0.740741 0.772689
vt 0.731399 0.847428
vt 0.731399 0.828744
vt 0.731399 0.679264
vt 0.731399 0.810059
vt 0.736070 0.959538
vt 0.731399 0.940853
vt 0.736070 0.660580
vt 0.731399 0.791374
vt 0.731399 0.922168
vt 0.731399 0.772689
vt 0.731399 0.903483
vt 0.731399 0.754004
vt 0.731399 0.884798
vt 0.731399 0.735319
vt 0.731399 0.866113
vt 0.731399 0.716634
vt 0.731399 0.697949
vt 0.722056 0.754004
vt 0.722056 0.903483
vt 0.722056 0.884798
vt 0.722056 0.735319
vt 0.722056 0.866113
vt 0.722056 0.716634
vt 0.722056 0.847428
vt 0.722056 0.697949
vt 0.722056 0.828744
vt 0.722056 0.679264
vt 0.722056 0.810059
vt 0.726728 0.959538
vt 0.722056 0.940853
vt 0.726728 0.660580
vt 0.722056 0.791374
vt 0.722056 0.922168
vt 0.722056 0.772689
vt 0.712714 0.679264
vt 0.712714 0.828744
vt 0.712714 0.810059
vt 0.717385 0.959538
vt 0.712714 0.940853
vt 0.717385 0.660580
vt 0.712714 0.791374
vt 0.712714 0.922168
vt 0.712714 0.772689
vt 0.712714 0.903483
vt 0.712714 0.754004
vt 0.712714 0.884798
vt 0.712714 0.735319
vt 0.712714 0.866113
vt 0.712714 0.716634
vt 0.712714 0.847428
vt 0.712714 0.697949
vt 0.703372 0.903483
vt 0.703372 0.884798
vt 0.703372 0.735319
vt 0.703372 0.866113
vt 0.703372 0.716634
vt 0.703372 0.847429
vt 0.703372 0.697949
vt 0.703372 0.828744
vt 0.703372 0.679264
vt 0.703372 0.810059
vt 0.708043 0.959538
vt 0.703372 0.940853
vt 0.708043 0.660580
vt 0.703372 0.791374
vt 0.703372 0.922168
vt 0.703372 0.772689
vt 0.703372 0.754004
vt 0.694029 0.828744
vt 0.694029 0.810059
vt 0.698700 0.959538
vt 0.694029 0.940853
vt 0.698700 0.660580
vt 0.694029 0.679264
vt 0.694029 0.791374
vt 0.694029 0.922168
vt 0.694029 0.772689
vt 0.694029 0.903483
vt 0.694029 0.754004
vt 0.694029 0.884798
vt 0.694029 0.735319
vt 0.694029 0.866113
vt 0.694029 0.716634
vt 0.694029 0.847429
vt 0.694029 0.697949
vt 0.684687 0.735319
vt 0.684687 0.884798
vt 0.684687 0.866113
vt 0.684687 0.716634
vt 0.684687 0.847428
vt 0.684687 0.697949
vt 0.684687 0.828744
vt 0.684687 0.679264
vt 0.684687 0.810059
vt 0.689358 0.959538
vt 0.684687 0.940853
vt 0.689358 0.660580
vt 0.684687 0.791374
vt 0.684687 0.922168
vt 0.684687 0.772689
vt 0.684687 0.903483
vt 0.684687 0.754004
vt 0.680015 0.660580
vt 0.675344 0.679264
vt 0.675344 0.791374
vt 0.675344 0.940853
vt 0.675344 0.922168
vt 0.675344 0.772689
vt 0.675344 0.903483
vt 0.675344 0.754004
vt 0.675344 0.884798
vt 0.675344 0.735319
vt 0.675344 0.866113
vt 0.675344 0.716634
vt 0.675344 0.847429
vt 0.675344 0.697949
vt 0.675344 0.828744
vt 0.675344 0.810059
vt 0.680015 0.959538
vt 0.974303 0.716634
vt 0.964960 0.735319
vt 0.964960 0.716634
vt 0.974303 0.866113
vt 0.964960 0.847429
vt 0.974303 0.847429
vt 0.974303 0.697949
vt 0.964960 0.697949
vt 0.964960 0.828744
vt 0.974303 0.828744
vt 0.974303 0.679264
vt 0.964960 0.679264
vt 0.964960 0.810059
vt 0.974303 0.810059
vt 0.974303 0.940853
vt 0.969631 0.959538
vt 0.964960 0.940853
vt 0.969631 0.660580
vt 0.974303 0.791374
vt 0.964960 0.791374
vt 0.964960 0.922168
vt 0.974303 0.922168
vt 0.974303 0.772689
vt 0.964960 0.772689
vt 0.964960 0.903483
vt 0.974303 0.903483
vt 0.974303 0.754004
vt 0.964960 0.754004
vt 0.964960 0.884798
vt 0.974303 0.884798
vt 0.974303 0.735319
vt 0.964960 0.866113
vt 0.955618 0.922168
vt 0.955618 0.791374
vt 0.955618 0.772689
vt 0.955618 0.903483
vt 0.955618 0.754004
vt 0.955618 0.884798
vt 0.955618 0.735319
vt 0.955618 0.866113
vt 0.955618 0.716634
vt 0.955618 0.847429
vt 0.955618 0.697949
vt 0.955618 0.828744
vt 0.955618 0.679264
vt 0.955618 0.810059
vt 0.960289 0.959538
vt 0.955618 0.940853
vt 0.960289 0.660580
vt 0.946275 0.847429
vt 0.946275 0.716634
vt 0.946275 0.697949
vt 0.946275 0.828744
vt 0.946275 0.679264
vt 0.946275 0.810059
vt 0.950946 0.959538
vt 0.946275 0.940853
vt 0.950946 0.660580
vt 0.946275 0.791374
vt 0.946275 0.922168
vt 0.946275 0.772689
vt 0.946275 0.903483
vt 0.946275 0.754004
vt 0.946275 0.884798
vt 0.946275 0.735319
vt 0.946275 0.866113
vt 0.936933 0.791374
vt 0.936933 0.772689
vt 0.936933 0.903483
vt 0.936933 0.754004
vt 0.936933 0.884798
vt 0.936933 0.735319
vt 0.936933 0.866113
vt 0.936933 0.716634
vt 0.936933 0.847429
vt 0.936933 0.697949
vt 0.936933 0.828744
vt 0.936933 0.679264
vt 0.936933 0.810059
vt 0.941604 0.959538
vt 0.936933 0.940853
vt 0.941604 0.660580
vt 0.936933 0.922168
vt 0.927590 0.716634
vt 0.927590 0.697949
vt 0.927590 0.828744
vt 0.927590 0.679264
vt 0.927590 0.810059
vt 0.932261 0.959538
vt 0.927590 0.940853
vt 0.932261 0.660580
vt 0.927590 0.791374
vt 0.927590 0.922168
vt 0.927590 0.772689
vt 0.927590 0.903483
vt 0.927590 0.754004
vt 0.927590 0.884798
vt 0.927590 0.735319
vt 0.927590 0.866113
vt 0.927590 0.847429
vt 0.918248 0.903483
vt 0.918248 0.772689
vt 0.918248 0.754004
vt 0.918248 0.884798
vt 0.918248 0.735319
vt 0.918248 0.866113
vt 0.918248 0.716634
vt 0.918248 0.847429
vt 0.918248 0.697949
vt 0.918248 0.828744
vt 0.918248 0.679264
vt 0.918248 0.810059
vt 0.922919 0.959538
vt 0.918248 0.940853
vt 0.922919 0.660580
vt 0.918248 0.791374
vt 0.918248 0.922168
vt 0.908905 0.828744
vt 0.908905 0.697949
vt 0.908905 0.679264
vt 0.908905 0.810059
vt 0.913577 0.959538
vt 0.908905 0.940853
vt 0.913577 0.660580
vt 0.908905 0.791374
vt 0.908905 0.922168
vt 0.908905 0.772689
vt 0.908905 0.903483
vt 0.908905 0.754004
vt 0.908905 0.884798
vt 0.908905 0.735319
vt 0.908905 0.866113
vt 0.908905 0.716634
vt 0.908905 0.847429
vt 0.904234 0.959538
vt 0.904234 0.660580
vt 0.439469 0.170801
vt 0.587855 0.170191
vt 0.884627 0.168972
vt 0.735631 0.021196
vt 0.020699 0.980074
vt 0.025246 0.639053
vt 0.243500 0.639053
vt 0.027343 0.617763
vt 0.241403 0.617763
vt 0.033553 0.597291
vt 0.043637 0.578425
vt 0.057209 0.561888
vt 0.073745 0.548317
vt 0.092612 0.538232
vt 0.113083 0.532022
vt 0.134373 0.529926
vt 0.155663 0.532022
vt 0.176134 0.538232
vt 0.195001 0.548317
vt 0.211537 0.561888
vt 0.225109 0.578425
vt 0.235193 0.597291
vt 0.241403 0.660342
vt 0.235193 0.680814
vt 0.225109 0.699680
vt 0.211537 0.716217
vt 0.195001 0.729788
vt 0.176134 0.739873
vt 0.134373 0.748180
vt 0.113083 0.746083
vt 0.092612 0.739873
vt 0.057209 0.716217
vt 0.043637 0.699680
vt 0.033553 0.680814
vt 0.470848 0.639053
vt 0.252594 0.639053
vt 0.468751 0.617763
vt 0.254691 0.617763
vt 0.462541 0.597291
vt 0.452457 0.578425
vt 0.438885 0.561888
vt 0.422349 0.548317
vt 0.403482 0.538232
vt 0.383010 0.532022
vt 0.361721 0.529926
vt 0.340431 0.532022
vt 0.319960 0.538232
vt 0.301093 0.548317
vt 0.284556 0.561888
vt 0.270985 0.578425
vt 0.260901 0.597291
vt 0.254691 0.660342
vt 0.260901 0.680814
vt 0.270985 0.699680
vt 0.284556 0.716217
vt 0.301093 0.729788
vt 0.319960 0.739873
vt 0.361721 0.748180
vt 0.383010 0.746083
vt 0.403482 0.739873
vt 0.438885 0.716217
vt 0.452457 0.699680
vt 0.462541 0.680814
s 0
usemtl マテリアル.001
f 1/1/1 21/2/1 9/3/1
f 2/4/2 21/2/2 10/5/2
f 21/2/3 4/6/3 12/7/3
f 21/2/4 3/8/4 9/3/4
f 3/8/5 22/9/5 13/10/5
f 4/6/6 22/9/6 12/7/6
f 22/9/7 8/11/7 15/12/7
f 22/9/8 7/13/8 13/10/8
f 7/13/9 23/14/9 16/15/9
f 8/11/10 23/14/10 15/12/10
f 23/14/11 6/16/11 18/17/11
f 23/14/12 5/18/12 16/15/12
f 5/18/13 24/19/13 19/20/13
f 6/16/14 24/19/14 18/17/14
f 24/19/15 2/21/15 10/22/15
f 24/19/16 1/23/16 19/20/16
f 3/24/17 25/25/17 9/26/17
f 7/13/18 25/25/18 13/27/18
f 25/25/19 5/18/19 19/28/19
f 25/25/20 1/29/20 9/26/20
f 8/11/21 26/30/21 17/31/21
f 4/32/22 26/30/22 14/33/22
f 26/30/23 2/34/23 20/35/23
f 26/30/24 6/16/24 17/31/24
f 28/36/25 29/37/25 27/38/25
f 30/39/26 31/40/26 29/37/26
f 32/41/27 33/42/27 31/40/27
f 34/43/28 35/44/28 33/42/28
f 36/45/29 37/46/29 35/44/29
f 38/47/30 39/48/30 37/46/30
f 40/49/31 41/50/31 39/48/31
f 42/51/32 43/52/32 41/50/32
f 44/53/33 45/54/33 43/52/33
f 46/55/34 47/56/34 45/54/34
f 48/57/35 49/58/35 47/56/35
f 50/59/36 51/60/36 49/58/36
f 52/61/37 53/62/37 51/60/37
f 54/63/38 55/64/38 53/62/38
f 56/65/39 57/66/39 55/64/39
f 58/67/40 59/68/40 57/66/40
f 60/69/41 61/70/41 59/68/41
f 62/71/42 63/72/42 61/70/42
f 64/73/43 65/74/43 63/72/43
f 66/75/44 67/76/44 65/74/44
f 68/77/45 69/78/45 67/76/45
f 70/79/46 71/80/46 69/78/46
f 72/81/47 73/82/47 71/80/47
f 74/83/48 75/84/48 73/82/48
f 76/85/49 77/86/49 75/84/49
f 78/87/50 79/88/50 77/86/50
f 80/89/51 81/90/51 79/88/51
f 82/91/52 83/92/52 81/90/52
f 84/93/53 85/94/53 83/92/53
f 86/95/54 87/96/54 85/94/54
f 88/97/55 89/98/55 87/96/55
f 90/99/56 27/100/56 89/98/56
f 30/101/57 86/102/57 78/103/57
f 89/104/58 33/105/58 41/106/58
f 92/107/59 96/108/59 97/109/59
f 314/110/60 97/109/60 98/111/60
f 314/110/61 99/112/61 93/113/61
f 315/114/62 99/112/62 100/115/62
f 94/116/63 100/115/63 101/117/63
f 312/118/64 91/119/64 95/120/64
f 313/121/65 95/120/65 96/108/65
f 95/120/66 103/122/66 96/108/66
f 96/108/67 104/123/67 97/109/67
f 97/109/68 105/124/68 98/111/68
f 98/111/69 106/125/69 99/112/69
f 99/112/70 107/126/70 100/115/70
f 101/117/71 107/126/71 108/127/71
f 95/120/72 91/128/72 102/129/72
f 106/125/73 114/130/73 107/126/73
f 108/127/74 114/130/74 115/131/74
f 102/129/75 91/132/75 109/133/75
f 102/129/76 110/134/76 103/122/76
f 103/122/77 111/135/77 104/123/77
f 104/123/78 112/136/78 105/124/78
f 105/124/79 113/137/79 106/125/79
f 110/134/80 118/138/80 111/135/80
f 112/136/81 118/138/81 119/139/81
f 113/137/82 119/139/82 120/140/82
f 113/137/83 121/141/83 114/130/83
f 115/131/84 121/141/84 122/142/84
f 109/133/85 91/143/85 116/144/85
f 109/133/86 117/145/86 110/134/86
f 122/142/87 128/146/87 129/147/87
f 116/144/88 91/148/88 123/149/88
f 117/145/89 123/149/89 124/150/89
f 118/138/90 124/150/90 125/151/90
f 118/138/91 126/152/91 119/139/91
f 120/140/92 126/152/92 127/153/92
f 120/140/93 128/146/93 121/141/93
f 124/150/94 132/154/94 125/151/94
f 125/151/95 133/155/95 126/152/95
f 127/153/96 133/155/96 134/156/96
f 127/153/97 135/157/97 128/146/97
f 129/147/98 135/157/98 136/158/98
f 123/149/99 91/159/99 130/160/99
f 123/149/100 131/161/100 124/150/100
f 136/158/101 142/162/101 143/163/101
f 130/160/102 91/164/102 137/165/102
f 131/161/103 137/165/103 138/166/103
f 132/154/104 138/166/104 139/167/104
f 132/154/105 140/168/105 133/155/105
f 134/156/106 140/168/106 141/169/106
f 134/156/107 142/162/107 135/157/107
f 139/167/108 147/170/108 140/168/108
f 141/169/109 147/170/109 148/171/109
f 141/169/110 149/172/110 142/162/110
f 143/163/111 149/172/111 150/173/111
f 137/165/112 91/174/112 144/175/112
f 137/165/113 145/176/113 138/166/113
f 138/166/114 146/177/114 139/167/114
f 144/175/115 91/178/115 151/179/115
f 144/175/116 152/180/116 145/176/116
f 146/177/117 152/180/117 153/181/117
f 146/177/118 154/182/118 147/170/118
f 148/171/119 154/182/119 155/183/119
f 148/171/120 156/184/120 149/172/120
f 150/173/121 156/184/121 157/185/121
f 153/181/122 161/186/122 154/182/122
f 155/183/123 161/186/123 162/187/123
f 155/183/124 163/188/124 156/184/124
f 157/185/125 163/188/125 164/189/125
f 151/179/126 91/190/126 158/191/126
f 151/179/127 159/192/127 152/180/127
f 152/180/128 160/193/128 153/181/128
f 158/191/129 91/194/129 165/195/129
f 158/191/130 166/196/130 159/192/130
f 159/192/131 167/197/131 160/193/131
f 160/193/132 168/198/132 161/186/132
f 162/187/133 168/198/133 169/199/133
f 162/187/134 170/200/134 163/188/134
f 164/189/135 170/200/135 171/201/135
f 169/199/136 175/202/136 176/203/136
f 169/199/137 177/204/137 170/200/137
f 171/201/138 177/204/138 178/205/138
f 165/195/139 91/206/139 172/207/139
f 165/195/140 173/208/140 166/196/140
f 167/197/141 173/208/141 174/209/141
f 167/197/142 175/202/142 168/198/142
f 173/208/143 179/210/143 180/211/143
f 173/208/144 181/212/144 174/209/144
f 174/209/145 182/213/145 175/202/145
f 176/203/146 182/213/146 183/214/146
f 176/203/147 184/215/147 177/204/147
f 178/205/148 184/215/148 185/216/148
f 172/207/149 91/217/149 179/210/149
f 183/214/150 191/218/150 184/215/150
f 185/216/151 191/218/151 192/219/151
f 179/210/152 91/220/152 186/221/152
f 179/210/153 187/222/153 180/211/153
f 180/211/154 188/223/154 181/212/154
f 181/212/155 189/224/155 182/213/155
f 183/214/156 189/224/156 190/225/156
f 186/221/157 194/226/157 187/222/157
f 187/222/158 195/227/158 188/223/158
f 188/223/159 196/228/159 189/224/159
f 190/225/160 196/228/160 197/229/160
f 190/225/161 198/230/161 191/218/161
f 192/219/162 198/230/162 199/231/162
f 186/221/163 91/232/163 193/233/163
f 197/229/164 205/234/164 198/230/164
f 199/231/165 205/234/165 206/235/165
f 193/233/166 91/236/166 200/237/166
f 194/226/167 200/237/167 201/238/167
f 194/226/168 202/239/168 195/227/168
f 195/227/169 203/240/169 196/228/169
f 197/229/170 203/240/170 204/241/170
f 202/239/171 208/242/171 209/243/171
f 202/239/172 210/244/172 203/240/172
f 204/241/173 210/244/173 211/245/173
f 204/241/174 212/246/174 205/234/174
f 206/235/175 212/246/175 213/247/175
f 200/237/176 91/248/176 207/249/176
f 200/237/177 208/242/177 201/238/177
f 213/247/178 219/250/178 220/251/178
f 207/249/179 91/252/179 214/253/179
f 208/242/180 214/253/180 215/254/180
f 208/242/181 216/255/181 209/243/181
f 209/243/182 217/256/182 210/244/182
f 211/245/183 217/256/183 218/257/183
f 211/245/184 219/250/184 212/246/184
f 215/254/185 223/258/185 216/255/185
f 216/255/186 224/259/186 217/256/186
f 218/257/187 224/259/187 225/260/187
f 218/257/188 226/261/188 219/250/188
f 220/251/189 226/261/189 227/262/189
f 214/253/190 91/263/190 221/264/190
f 214/253/191 222/265/191 215/254/191
f 227/262/192 233/266/192 234/267/192
f 221/264/193 91/268/193 228/269/193
f 221/264/194 229/270/194 222/265/194
f 223/258/195 229/270/195 230/271/195
f 223/258/196 231/272/196 224/259/196
f 225/260/197 231/272/197 232/273/197
f 225/260/198 233/266/198 226/261/198
f 230/271/199 238/274/199 231/272/199
f 232/273/200 238/274/200 239/275/200
f 232/273/201 240/276/201 233/266/201
f 234/267/202 240/276/202 241/277/202
f 228/269/203 91/278/203 235/279/203
f 228/269/204 236/280/204 229/270/204
f 230/271/205 236/280/205 237/281/205
f 235/279/206 91/282/206 242/283/206
f 235/279/207 243/284/207 236/280/207
f 237/281/208 243/284/208 244/285/208
f 237/281/209 245/286/209 238/274/209
f 239/275/210 245/286/210 246/287/210
f 239/275/211 247/288/211 240/276/211
f 241/277/212 247/288/212 248/289/212
f 246/287/213 252/290/213 253/291/213
f 246/287/214 254/292/214 247/288/214
f 248/289/215 254/292/215 255/293/215
f 242/283/216 91/294/216 249/295/216
f 242/283/217 250/296/217 243/284/217
f 244/285/218 250/296/218 251/297/218
f 244/285/219 252/290/219 245/286/219
f 249/295/220 91/298/220 256/299/220
f 249/295/221 257/300/221 250/296/221
f 250/296/222 258/301/222 251/297/222
f 251/297/223 259/302/223 252/290/223
f 253/291/224 259/302/224 260/303/224
f 253/291/225 261/304/225 254/292/225
f 255/293/226 261/304/226 262/305/226
f 260/306/227 266/307/227 267/308/227
f 260/306/228 268/309/228 261/310/228
f 262/311/229 268/309/229 269/312/229
f 256/313/230 91/314/230 263/315/230
f 257/316/231 263/315/231 264/317/231
f 258/318/232 264/317/232 265/319/232
f 258/318/233 266/307/233 259/320/233
f 263/315/234 271/321/234 264/317/234
f 265/319/235 271/321/235 272/322/235
f 265/319/236 273/323/236 266/307/236
f 267/308/237 273/323/237 274/324/237
f 267/308/238 275/325/238 268/309/238
f 269/312/239 275/325/239 276/326/239
f 263/315/240 91/327/240 270/328/240
f 274/324/241 282/329/241 275/325/241
f 276/326/242 282/329/242 283/330/242
f 270/328/243 91/331/243 277/332/243
f 270/328/244 278/333/244 271/321/244
f 271/321/245 279/334/245 272/322/245
f 272/322/246 280/335/246 273/323/246
f 274/324/247 280/335/247 281/336/247
f 277/332/248 285/337/248 278/333/248
f 279/334/249 285/337/249 286/338/249
f 279/334/250 287/339/250 280/335/250
f 281/336/251 287/339/251 288/340/251
f 281/336/252 289/341/252 282/329/252
f 283/330/253 289/341/253 290/342/253
f 277/332/254 91/343/254 284/344/254
f 288/340/255 296/345/255 289/341/255
f 290/342/256 296/345/256 297/346/256
f 284/344/257 91/347/257 291/348/257
f 285/337/258 291/348/258 292/349/258
f 286/338/259 292/349/259 293/350/259
f 286/338/260 294/351/260 287/339/260
f 288/340/261 294/351/261 295/352/261
f 293/350/262 299/353/262 300/354/262
f 293/350/263 301/355/263 294/351/263
f 295/352/264 301/355/264 302/356/264
f 295/352/265 303/357/265 296/345/265
f 297/346/266 303/357/266 304/358/266
f 291/348/267 91/359/267 298/360/267
f 291/348/268 299/353/268 292/349/268
f 304/358/269 310/361/269 311/362/269
f 298/360/270 91/363/270 305/364/270
f 299/353/271 305/364/271 306/365/271
f 300/354/272 306/365/272 307/366/272
f 300/354/273 308/367/273 301/355/273
f 302/356/274 308/367/274 309/368/274
f 302/356/275 310/361/275 303/357/275
f 308/367/276 92/107/276 314/110/276
f 309/368/277 314/110/277 93/113/277
f 310/361/278 93/113/278 315/114/278
f 311/362/279 315/114/279 94/116/279
f 305/364/280 91/369/280 312/118/280
f 305/364/281 313/121/281 306/365/281
f 307/366/282 313/121/282 92/107/282
f 793/370/283 334/371/283 322/372/283
f 791/373/284 326/374/284 327/375/284
f 322/372/285 335/376/285 794/377/285
f 318/378/286 327/375/286 328/379/286
f 794/377/287 336/380/287 795/381/287
f 792/382/288 328/379/288 329/383/288
f 795/381/289 337/384/289 796/385/289
f 319/386/290 329/383/290 330/387/290
f 796/385/291 338/388/291 797/389/291
f 320/390/292 330/387/292 331/391/292
f 789/392/293 316/393/293 324/394/293
f 323/395/294 797/389/294 338/388/294
f 320/390/295 332/396/295 321/397/295
f 790/398/296 324/394/296 325/399/296
f 321/397/297 333/400/297 793/370/297
f 317/401/298 325/399/298 326/374/298
f 325/399/299 339/402/299 340/403/299
f 332/396/300 348/404/300 333/400/300
f 326/374/301 340/403/301 341/405/301
f 333/400/302 349/406/302 334/371/302
f 327/375/303 341/405/303 342/407/303
f 334/371/304 350/408/304 335/376/304
f 328/379/305 342/407/305 343/409/305
f 335/376/306 351/410/306 336/380/306
f 329/383/307 343/409/307 344/411/307
f 336/380/308 352/412/308 337/384/308
f 330/387/309 344/411/309 345/413/309
f 337/384/310 353/414/310 338/388/310
f 331/391/311 345/413/311 346/415/311
f 324/394/312 316/416/312 339/402/312
f 323/417/313 338/388/313 353/414/313
f 331/391/314 347/418/314 332/396/314
f 344/411/315 358/419/315 359/420/315
f 351/410/316 367/421/316 352/412/316
f 345/413/317 359/420/317 360/422/317
f 352/412/318 368/423/318 353/414/318
f 346/415/319 360/422/319 361/424/319
f 339/402/320 316/425/320 354/426/320
f 323/427/321 353/414/321 368/423/321
f 346/415/322 362/428/322 347/418/322
f 340/403/323 354/426/323 355/429/323
f 347/418/324 363/430/324 348/404/324
f 341/405/325 355/429/325 356/431/325
f 348/404/326 364/432/326 349/406/326
f 342/407/327 356/431/327 357/433/327
f 349/406/328 365/434/328 350/408/328
f 343/409/329 357/433/329 358/419/329
f 350/408/330 366/435/330 351/410/330
f 362/428/331 378/436/331 363/430/331
f 356/431/332 370/437/332 371/438/332
f 363/430/333 379/439/333 364/432/333
f 357/433/334 371/438/334 372/440/334
f 364/432/335 380/441/335 365/434/335
f 358/419/336 372/440/336 373/442/336
f 365/434/337 381/443/337 366/435/337
f 359/420/338 373/442/338 374/444/338
f 366/435/339 382/445/339 367/421/339
f 360/422/340 374/444/340 375/446/340
f 367/421/341 383/447/341 368/423/341
f 361/424/342 375/446/342 376/448/342
f 354/426/343 316/449/343 369/450/343
f 323/451/344 368/423/344 383/447/344
f 361/424/345 377/452/345 362/428/345
f 355/429/346 369/450/346 370/437/346
f 381/443/347 397/453/347 382/445/347
f 375/446/348 389/454/348 390/455/348
f 382/445/349 398/456/349 383/447/349
f 376/448/350 390/455/350 391/457/350
f 369/450/351 316/458/351 384/459/351
f 323/460/352 383/447/352 398/456/352
f 376/448/353 392/461/353 377/452/353
f 370/437/354 384/459/354 385/462/354
f 377/452/355 393/463/355 378/436/355
f 371/438/356 385/462/356 386/464/356
f 378/436/357 394/465/357 379/439/357
f 372/440/358 386/464/358 387/466/358
f 379/439/359 395/467/359 380/441/359
f 373/442/360 387/466/360 388/468/360
f 380/441/361 396/469/361 381/443/361
f 374/444/362 388/468/362 389/454/362
f 393/463/363 409/470/363 394/465/363
f 387/466/364 401/471/364 402/472/364
f 394/465/365 410/473/365 395/467/365
f 388/468/366 402/472/366 403/474/366
f 395/467/367 411/475/367 396/469/367
f 389/454/368 403/474/368 404/476/368
f 396/469/369 412/477/369 397/453/369
f 390/455/370 404/476/370 405/478/370
f 397/453/371 413/479/371 398/456/371
f 391/457/372 405/478/372 406/480/372
f 384/459/373 316/481/373 399/482/373
f 323/483/374 398/456/374 413/479/374
f 391/457/375 407/484/375 392/461/375
f 385/462/376 399/482/376 400/485/376
f 392/461/377 408/486/377 393/463/377
f 386/464/378 400/485/378 401/471/378
f 412/477/379 428/487/379 413/479/379
f 406/480/380 420/488/380 421/489/380
f 399/482/381 316/490/381 414/491/381
f 323/492/382 413/479/382 428/487/382
f 406/480/383 422/493/383 407/484/383
f 400/485/384 414/491/384 415/494/384
f 407/484/385 423/495/385 408/486/385
f 401/471/386 415/494/386 416/496/386
f 408/486/387 424/497/387 409/470/387
f 402/472/388 416/496/388 417/498/388
f 409/470/389 425/499/389 410/473/389
f 403/474/390 417/498/390 418/500/390
f 410/473/391 426/501/391 411/475/391
f 404/476/392 418/500/392 419/502/392
f 411/475/393 427/503/393 412/477/393
f 405/478/394 419/502/394 420/488/394
f 417/498/395 431/504/395 432/505/395
f 424/497/396 440/506/396 425/499/396
f 418/500/397 432/505/397 433/507/397
f 425/499/398 441/508/398 426/501/398
f 419/502/399 433/507/399 434/509/399
f 426/501/400 442/510/400 427/503/400
f 420/488/401 434/509/401 435/511/401
f 427/503/402 443/512/402 428/487/402
f 421/489/403 435/511/403 436/513/403
f 414/491/404 316/514/404 429/515/404
f 323/516/405 428/487/405 443/512/405
f 421/489/406 437/517/406 422/493/406
f 415/494/407 429/515/407 430/518/407
f 422/493/408 438/519/408 423/495/408
f 416/496/409 430/518/409 431/504/409
f 423/495/410 439/520/410 424/497/410
f 435/511/411 451/521/411 436/513/411
f 429/515/412 316/522/412 444/523/412
f 323/524/413 443/512/413 458/525/413
f 437/517/414 451/521/414 452/526/414
f 429/515/415 445/527/415 430/518/415
f 438/519/416 452/526/416 453/528/416
f 430/518/417 446/529/417 431/504/417
f 439/520/418 453/528/418 454/530/418
f 431/504/419 447/531/419 432/505/419
f 440/506/420 454/530/420 455/532/420
f 432/505/421 448/533/421 433/507/421
f 441/508/422 455/532/422 456/534/422
f 433/507/423 449/535/423 434/509/423
f 442/510/424 456/534/424 457/536/424
f 434/509/425 450/537/425 435/511/425
f 443/512/426 457/536/426 458/525/426
f 455/532/427 469/538/427 470/539/427
f 447/531/428 463/540/428 448/533/428
f 456/534/429 470/539/429 471/541/429
f 448/533/430 464/542/430 449/535/430
f 457/536/431 471/541/431 472/543/431
f 449/535/432 465/544/432 450/537/432
f 458/525/433 472/543/433 473/545/433
f 450/537/434 466/546/434 451/521/434
f 444/523/435 316/547/435 459/548/435
f 323/549/436 458/525/436 473/545/436
f 452/526/437 466/546/437 467/550/437
f 444/523/438 460/551/438 445/527/438
f 453/528/439 467/550/439 468/552/439
f 445/527/440 461/553/440 446/529/440
f 454/530/441 468/552/441 469/538/441
f 446/529/442 462/554/442 447/531/442
f 459/548/443 316/555/443 474/556/443
f 323/557/444 473/545/444 488/558/444
f 467/550/445 481/559/445 482/560/445
f 459/548/446 475/561/446 460/551/446
f 468/552/447 482/560/447 483/562/447
f 460/551/448 476/563/448 461/553/448
f 469/538/449 483/562/449 484/564/449
f 461/553/450 477/565/450 462/554/450
f 470/539/451 484/564/451 485/566/451
f 462/554/452 478/567/452 463/540/452
f 471/541/453 485/566/453 486/568/453
f 463/540/454 479/569/454 464/542/454
f 472/543/455 486/568/455 487/570/455
f 464/542/456 480/571/456 465/544/456
f 473/545/457 487/570/457 488/558/457
f 465/544/458 481/559/458 466/546/458
f 477/565/459 493/572/459 478/567/459
f 486/568/460 500/573/460 501/574/460
f 478/567/461 494/575/461 479/569/461
f 487/570/462 501/574/462 502/576/462
f 479/569/463 495/577/463 480/571/463
f 488/558/464 502/576/464 503/578/464
f 480/571/465 496/579/465 481/559/465
f 474/556/466 316/580/466 489/581/466
f 323/582/467 488/558/467 503/578/467
f 482/560/468 496/579/468 497/583/468
f 474/556/469 490/584/469 475/561/469
f 483/562/470 497/583/470 498/585/470
f 475/561/471 491/586/471 476/563/471
f 484/564/472 498/585/472 499/587/472
f 476/563/473 492/588/473 477/565/473
f 485/566/474 499/587/474 500/573/474
f 497/583/475 511/589/475 512/590/475
f 489/581/476 505/591/476 490/584/476
f 498/585/477 512/590/477 513/592/477
f 490/584/478 506/593/478 491/586/478
f 499/587/479 513/592/479 514/594/479
f 491/586/480 507/595/480 492/588/480
f 500/573/481 514/594/481 515/596/481
f 492/588/482 508/597/482 493/572/482
f 501/574/483 515/596/483 516/598/483
f 493/572/484 509/599/484 494/575/484
f 502/576/485 516/598/485 517/600/485
f 494/575/486 510/601/486 495/577/486
f 503/578/487 517/600/487 518/602/487
f 495/577/488 511/589/488 496/579/488
f 489/581/489 316/603/489 504/604/489
f 323/605/490 503/578/490 518/602/490
f 516/598/491 530/606/491 531/607/491
f 508/597/492 524/608/492 509/599/492
f 517/600/493 531/607/493 532/609/493
f 509/599/494 525/610/494 510/601/494
f 518/602/495 532/609/495 533/611/495
f 510/601/496 526/612/496 511/589/496
f 504/604/497 316/613/497 519/614/497
f 323/615/498 518/602/498 533/611/498
f 512/590/499 526/612/499 527/616/499
f 504/604/500 520/617/500 505/591/500
f 513/592/501 527/616/501 528/618/501
f 505/591/502 521/619/502 506/593/502
f 514/594/503 528/618/503 529/620/503
f 506/593/504 522/621/504 507/595/504
f 515/596/505 529/620/505 530/606/505
f 507/595/506 523/622/506 508/597/506
f 528/618/507 542/623/507 543/624/507
f 520/617/508 536/625/508 521/619/508
f 529/620/509 543/624/509 544/626/509
f 521/619/510 537/627/510 522/621/510
f 530/606/511 544/626/511 545/628/511
f 522/621/512 538/629/512 523/622/512
f 531/607/513 545/628/513 546/630/513
f 523/622/514 539/631/514 524/608/514
f 532/609/515 546/630/515 547/632/515
f 524/608/516 540/633/516 525/610/516
f 533/611/517 547/632/517 548/634/517
f 525/610/518 541/635/518 526/612/518
f 519/614/519 316/636/519 534/637/519
f 323/638/520 533/611/520 548/634/520
f 527/616/521 541/635/521 542/623/521
f 519/614/522 535/639/522 520/617/522
f 547/632/523 561/640/523 562/641/523
f 539/631/524 555/642/524 540/633/524
f 548/634/525 562/641/525 563/643/525
f 540/633/526 556/644/526 541/635/526
f 534/637/527 316/645/527 549/646/527
f 323/647/528 548/634/528 563/643/528
f 542/623/529 556/644/529 557/648/529
f 534/637/530 550/649/530 535/639/530
f 543/624/531 557/648/531 558/650/531
f 535/639/532 551/651/532 536/625/532
f 544/626/533 558/650/533 559/652/533
f 536/625/534 552/653/534 537/627/534
f 545/628/535 559/652/535 560/654/535
f 537/627/536 553/655/536 538/629/536
f 546/630/537 560/654/537 561/640/537
f 538/629/538 554/656/538 539/631/538
f 551/651/539 565/657/539 566/658/539
f 558/650/540 574/659/540 559/652/540
f 552/653/541 566/658/541 567/660/541
f 559/652/542 575/661/542 560/654/542
f 553/655/543 567/660/543 568/662/543
f 560/654/544 576/663/544 561/640/544
f 554/656/545 568/662/545 569/664/545
f 561/640/546 577/665/546 562/641/546
f 555/642/547 569/664/547 570/666/547
f 562/641/548 578/667/548 563/643/548
f 556/644/549 570/666/549 571/668/549
f 549/646/550 316/669/550 564/670/550
f 323/671/551 563/643/551 578/667/551
f 556/644/552 572/672/552 557/648/552
f 550/649/553 564/670/553 565/657/553
f 557/648/554 573/673/554 558/650/554
f 570/666/555 584/674/555 585/675/555
f 577/665/556 593/676/556 578/667/556
f 571/668/557 585/675/557 586/677/557
f 564/670/558 316/678/558 579/679/558
f 323/680/559 578/667/559 593/676/559
f 571/668/560 587/681/560 572/672/560
f 565/657/561 579/679/561 580/682/561
f 572/672/562 588/683/562 573/673/562
f 566/658/563 580/682/563 581/684/563
f 573/673/564 589/685/564 574/659/564
f 567/660/565 581/684/565 582/686/565
f 574/659/566 590/687/566 575/661/566
f 568/662/567 582/686/567 583/688/567
f 575/661/568 591/689/568 576/663/568
f 569/664/569 583/688/569 584/674/569
f 576/663/570 592/690/570 577/665/570
f 588/683/571 604/691/571 589/685/571
f 582/686/572 596/692/572 597/693/572
f 589/685/573 605/694/573 590/687/573
f 583/688/574 597/693/574 598/695/574
f 590/687/575 606/696/575 591/689/575
f 584/674/576 598/695/576 599/697/576
f 591/689/577 607/698/577 592/690/577
f 585/675/578 599/697/578 600/699/578
f 592/690/579 608/700/579 593/676/579
f 586/677/580 600/699/580 601/701/580
f 579/679/581 316/702/581 594/703/581
f 323/704/582 593/676/582 608/700/582
f 586/677/583 602/705/583 587/681/583
f 580/682/584 594/703/584 595/706/584
f 587/681/585 603/707/585 588/683/585
f 581/684/586 595/706/586 596/692/586
f 607/698/587 623/708/587 608/700/587
f 601/701/588 615/709/588 616/710/588
f 594/703/589 316/711/589 609/712/589
f 323/713/590 608/700/590 623/708/590
f 601/701/591 617/714/591 602/705/591
f 595/706/592 609/712/592 610/715/592
f 602/705/593 618/716/593 603/707/593
f 596/692/594 610/715/594 611/717/594
f 603/707/595 619/718/595 604/691/595
f 597/693/596 611/717/596 612/719/596
f 604/691/597 620/720/597 605/694/597
f 598/695/598 612/719/598 613/721/598
f 605/694/599 621/722/599 606/696/599
f 599/697/600 613/721/600 614/723/600
f 606/696/601 622/724/601 607/698/601
f 600/699/602 614/723/602 615/709/602
f 612/719/603 626/725/603 627/726/603
f 619/718/604 635/727/604 620/720/604
f 613/721/605 627/726/605 628/728/605
f 620/720/606 636/729/606 621/722/606
f 614/723/607 628/728/607 629/730/607
f 621/722/608 637/731/608 622/724/608
f 615/709/609 629/730/609 630/732/609
f 622/724/610 638/733/610 623/708/610
f 616/710/611 630/732/611 631/734/611
f 609/712/612 316/735/612 624/736/612
f 323/737/613 623/708/613 638/733/613
f 616/710/614 632/738/614 617/714/614
f 610/715/615 624/736/615 625/739/615
f 617/714/616 633/740/616 618/716/616
f 611/717/617 625/739/617 626/725/617
f 618/716/618 634/741/618 619/718/618
f 631/734/619 645/742/619 646/743/619
f 624/736/620 316/744/620 639/745/620
f 323/746/621 638/733/621 653/747/621
f 631/734/622 647/748/622 632/738/622
f 625/739/623 639/745/623 640/749/623
f 632/738/624 648/750/624 633/740/624
f 626/725/625 640/749/625 641/751/625
f 633/740/626 649/752/626 634/741/626
f 627/726/627 641/751/627 642/753/627
f 634/741/628 650/754/628 635/727/628
f 628/728/629 642/753/629 643/755/629
f 635/727/630 651/756/630 636/729/630
f 629/730/631 643/755/631 644/757/631
f 636/729/632 652/758/632 637/731/632
f 630/732/633 644/757/633 645/742/633
f 637/731/634 653/747/634 638/733/634
f 649/752/635 665/759/635 650/754/635
f 643/755/636 657/760/636 658/761/636
f 650/754/637 666/762/637 651/756/637
f 644/757/638 658/761/638 659/763/638
f 651/756/639 667/764/639 652/758/639
f 645/742/640 659/763/640 660/765/640
f 652/758/641 668/766/641 653/747/641
f 646/743/642 660/765/642 661/767/642
f 639/745/643 316/768/643 654/769/643
f 323/770/644 653/747/644 668/766/644
f 646/743/645 662/771/645 647/748/645
f 640/749/646 654/769/646 655/772/646
f 647/748/647 663/773/647 648/750/647
f 641/751/648 655/772/648 656/774/648
f 648/750/649 664/775/649 649/752/649
f 642/753/650 656/774/650 657/760/650
f 323/776/651 668/766/651 683/777/651
f 661/767/652 677/778/652 662/771/652
f 655/772/653 669/779/653 670/780/653
f 662/771/654 678/781/654 663/773/654
f 656/774/655 670/780/655 671/782/655
f 663/773/656 679/783/656 664/775/656
f 657/760/657 671/782/657 672/784/657
f 664/775/658 680/785/658 665/759/658
f 658/761/659 672/784/659 673/786/659
f 665/759/660 681/787/660 666/762/660
f 659/763/661 673/786/661 674/788/661
f 666/762/662 682/789/662 667/764/662
f 660/765/663 674/788/663 675/790/663
f 667/764/664 683/777/664 668/766/664
f 661/767/665 675/790/665 676/791/665
f 654/769/666 316/792/666 669/779/666
f 681/793/667 695/794/667 696/795/667
f 673/796/668 689/797/668 674/798/668
f 682/799/669 696/795/669 697/800/669
f 674/798/670 690/801/670 675/802/670
f 683/803/671 697/800/671 698/804/671
f 675/802/672 691/805/672 676/806/672
f 669/807/673 316/808/673 684/809/673
f 323/810/674 683/803/674 698/804/674
f 677/811/675 691/805/675 692/812/675
f 669/807/676 685/813/676 670/814/676
f 678/815/677 692/812/677 693/816/677
f 670/814/678 686/817/678 671/818/678
f 679/819/679 693/816/679 694/820/679
f 671/818/680 687/821/680 672/822/680
f 680/823/681 694/820/681 695/794/681
f 672/822/682 688/824/682 673/796/682
f 684/809/683 700/825/683 685/813/683
f 693/816/684 707/826/684 708/827/684
f 685/813/685 701/828/685 686/817/685
f 694/820/686 708/827/686 709/829/686
f 686/817/687 702/830/687 687/821/687
f 695/794/688 709/829/688 710/831/688
f 687/821/689 703/832/689 688/824/689
f 696/795/690 710/831/690 711/833/690
f 688/824/691 704/834/691 689/797/691
f 697/800/692 711/833/692 712/835/692
f 689/797/693 705/836/693 690/801/693
f 698/804/694 712/835/694 713/837/694
f 690/801/695 706/838/695 691/805/695
f 684/809/696 316/839/696 699/840/696
f 323/841/697 698/804/697 713/837/697
f 692/812/698 706/838/698 707/826/698
f 703/832/699 719/842/699 704/834/699
f 712/835/700 726/843/700 727/844/700
f 704/834/701 720/845/701 705/836/701
f 713/837/702 727/844/702 728/846/702
f 705/836/703 721/847/703 706/838/703
f 699/840/704 316/848/704 714/849/704
f 323/850/705 713/837/705 728/846/705
f 707/826/706 721/847/706 722/851/706
f 699/840/707 715/852/707 700/825/707
f 708/827/708 722/851/708 723/853/708
f 700/825/709 716/854/709 701/828/709
f 709/829/710 723/853/710 724/855/710
f 701/828/711 717/856/711 702/830/711
f 710/831/712 724/855/712 725/857/712
f 702/830/713 718/858/713 703/832/713
f 711/833/714 725/857/714 726/843/714
f 723/853/715 737/859/715 738/860/715
f 715/852/716 731/861/716 716/854/716
f 724/855/717 738/860/717 739/862/717
f 716/854/718 732/863/718 717/856/718
f 725/857/719 739/862/719 740/864/719
f 717/856/720 733/865/720 718/858/720
f 726/843/721 740/864/721 741/866/721
f 718/858/722 734/867/722 719/842/722
f 727/844/723 741/866/723 742/868/723
f 719/842/724 735/869/724 720/845/724
f 728/846/725 742/868/725 743/870/725
f 720/845/726 736/871/726 721/847/726
f 714/849/727 316/872/727 729/873/727
f 323/874/728 728/846/728 743/870/728
f 722/851/729 736/871/729 737/859/729
f 714/849/730 730/875/730 715/852/730
f 742/868/731 756/876/731 757/877/731
f 734/867/732 750/878/732 735/869/732
f 743/870/733 757/877/733 758/879/733
f 735/869/734 751/880/734 736/871/734
f 729/873/735 316/881/735 744/882/735
f 323/883/736 743/870/736 758/879/736
f 737/859/737 751/880/737 752/884/737
f 729/873/738 745/885/738 730/875/738
f 738/860/739 752/884/739 753/886/739
f 730/875/740 746/887/740 731/861/740
f 739/862/741 753/886/741 754/888/741
f 731/861/742 747/889/742 732/863/742
f 740/864/743 754/888/743 755/890/743
f 732/863/744 748/891/744 733/865/744
f 741/866/745 755/890/745 756/876/745
f 733/865/746 749/892/746 734/867/746
f 745/885/747 761/893/747 746/887/747
f 754/888/748 768/894/748 769/895/748
f 746/887/749 762/896/749 747/889/749
f 755/890/750 769/895/750 770/897/750
f 747/889/751 763/898/751 748/891/751
f 756/876/752 770/897/752 771/899/752
f 748/891/753 764/900/753 749/892/753
f 757/877/754 771/899/754 772/901/754
f 749/892/755 765/902/755 750/878/755
f 758/879/756 772/901/756 773/903/756
f 750/878/757 766/904/757 751/880/757
f 744/882/758 316/905/758 759/906/758
f 323/907/759 758/879/759 773/903/759
f 752/884/760 766/904/760 767/908/760
f 744/882/761 760/909/761 745/885/761
f 753/886/762 767/908/762 768/894/762
f 764/900/763 780/910/763 765/902/763
f 773/903/764 787/911/764 788/912/764
f 765/902/765 781/913/765 766/904/765
f 759/906/766 316/914/766 774/915/766
f 323/916/767 773/903/767 788/912/767
f 767/908/768 781/913/768 782/917/768
f 759/906/769 775/918/769 760/909/769
f 768/894/770 782/917/770 783/919/770
f 760/909/771 776/920/771 761/893/771
f 769/895/772 783/919/772 784/921/772
f 761/893/773 777/922/773 762/896/773
f 770/897/774 784/921/774 785/923/774
f 762/896/775 778/924/775 763/898/775
f 771/899/776 785/923/776 786/925/776
f 763/898/777 779/926/777 764/900/777
f 772/901/778 786/925/778 787/911/778
f 784/921/779 793/370/779 322/372/779
f 776/920/780 791/373/780 777/922/780
f 785/923/781 322/372/781 794/377/781
f 777/922/782 318/378/782 778/924/782
f 786/925/783 794/377/783 795/381/783
f 778/924/784 792/382/784 779/926/784
f 787/911/785 795/381/785 796/385/785
f 779/926/786 319/386/786 780/910/786
f 788/912/787 796/385/787 797/389/787
f 780/910/788 320/390/788 781/913/788
f 774/915/789 316/927/789 789/392/789
f 323/928/790 788/912/790 797/389/790
f 782/917/791 320/390/791 321/397/791
f 774/915/792 790/398/792 775/918/792
f 783/919/793 321/397/793 793/370/793
f 775/918/794 317/401/794 776/920/794
f 1275/370/795 816/371/795 804/372/795
f 1273/373/796 808/374/796 809/375/796
f 804/372/797 817/376/797 1276/377/797
f 800/378/798 809/375/798 810/379/798
f 1276/377/799 818/380/799 1277/381/799
f 1274/382/800 810/379/800 811/383/800
f 1277/381/801 819/384/801 1278/385/801
f 801/386/802 811/383/802 812/387/802
f 1278/385/803 820/388/803 1279/389/803
f 802/390/804 812/387/804 813/391/804
f 1271/392/805 798/393/805 806/394/805
f 805/395/806 1279/389/806 820/388/806
f 802/390/807 814/396/807 803/397/807
f 1272/398/808 806/394/808 807/399/808
f 803/397/809 815/400/809 1275/370/809
f 799/401/810 807/399/810 808/374/810
f 807/399/811 821/402/811 822/403/811
f 814/396/812 830/404/812 815/400/812
f 808/374/813 822/403/813 823/405/813
f 815/400/814 831/406/814 816/371/814
f 809/375/815 823/405/815 824/407/815
f 816/371/816 832/408/816 817/376/816
f 810/379/817 824/407/817 825/409/817
f 817/376/818 833/410/818 818/380/818
f 811/383/819 825/409/819 826/411/819
f 818/380/820 834/412/820 819/384/820
f 812/387/821 826/411/821 827/413/821
f 819/384/822 835/414/822 820/388/822
f 813/391/823 827/413/823 828/415/823
f 806/394/824 798/416/824 821/402/824
f 805/417/825 820/388/825 835/414/825
f 813/391/826 829/418/826 814/396/826
f 826/411/827 840/419/827 841/420/827
f 833/410/828 849/421/828 834/412/828
f 827/413/829 841/420/829 842/422/829
f 834/412/830 850/423/830 835/414/830
f 828/415/831 842/422/831 843/424/831
f 821/402/832 798/425/832 836/426/832
f 805/427/833 835/414/833 850/423/833
f 828/415/834 844/428/834 829/418/834
f 822/403/835 836/426/835 837/429/835
f 829/418/836 845/430/836 830/404/836
f 823/405/837 837/429/837 838/431/837
f 830/404/838 846/432/838 831/406/838
f 824/407/839 838/431/839 839/433/839
f 831/406/840 847/434/840 832/408/840
f 825/409/841 839/433/841 840/419/841
f 832/408/842 848/435/842 833/410/842
f 844/428/843 860/436/843 845/430/843
f 838/431/844 852/437/844 853/438/844
f 845/430/845 861/439/845 846/432/845
f 839/433/846 853/438/846 854/440/846
f 846/432/847 862/441/847 847/434/847
f 840/419/848 854/440/848 855/442/848
f 847/434/849 863/443/849 848/435/849
f 841/420/850 855/442/850 856/444/850
f 848/435/851 864/445/851 849/421/851
f 842/422/852 856/444/852 857/446/852
f 849/421/853 865/447/853 850/423/853
f 843/424/854 857/446/854 858/448/854
f 836/426/855 798/449/855 851/450/855
f 805/451/856 850/423/856 865/447/856
f 843/424/857 859/452/857 844/428/857
f 837/429/858 851/450/858 852/437/858
f 863/443/859 879/453/859 864/445/859
f 857/446/860 871/454/860 872/455/860
f 864/445/861 880/456/861 865/447/861
f 858/448/862 872/455/862 873/457/862
f 851/450/863 798/458/863 866/459/863
f 805/460/864 865/447/864 880/456/864
f 858/448/865 874/461/865 859/452/865
f 852/437/866 866/459/866 867/462/866
f 859/452/867 875/463/867 860/436/867
f 853/438/868 867/462/868 868/464/868
f 860/436/869 876/465/869 861/439/869
f 854/440/870 868/464/870 869/466/870
f 861/439/871 877/467/871 862/441/871
f 855/442/872 869/466/872 870/468/872
f 862/441/873 878/469/873 863/443/873
f 856/444/874 870/468/874 871/454/874
f 875/463/875 891/470/875 876/465/875
f 869/466/876 883/471/876 884/472/876
f 876/465/877 892/473/877 877/467/877
f 870/468/878 884/472/878 885/474/878
f 877/467/879 893/475/879 878/469/879
f 871/454/880 885/474/880 886/476/880
f 878/469/881 894/477/881 879/453/881
f 872/455/882 886/476/882 887/478/882
f 879/453/883 895/479/883 880/456/883
f 873/457/884 887/478/884 888/480/884
f 866/459/885 798/481/885 881/482/885
f 805/483/886 880/456/886 895/479/886
f 873/457/887 889/484/887 874/461/887
f 867/462/888 881/482/888 882/485/888
f 874/461/889 890/486/889 875/463/889
f 868/464/890 882/485/890 883/471/890
f 894/477/891 910/487/891 895/479/891
f 888/480/892 902/488/892 903/489/892
f 881/482/893 798/490/893 896/491/893
f 805/492/894 895/479/894 910/487/894
f 888/480/895 904/493/895 889/484/895
f 882/485/896 896/491/896 897/494/896
f 889/484/897 905/495/897 890/486/897
f 883/471/898 897/494/898 898/496/898
f 890/486/899 906/497/899 891/470/899
f 884/472/900 898/496/900 899/498/900
f 891/470/901 907/499/901 892/473/901
f 885/474/902 899/498/902 900/500/902
f 892/473/903 908/501/903 893/475/903
f 886/476/904 900/500/904 901/502/904
f 893/475/905 909/503/905 894/477/905
f 887/478/906 901/502/906 902/488/906
f 899/498/907 913/504/907 914/505/907
f 906/497/908 922/506/908 907/499/908
f 900/500/909 914/505/909 915/507/909
f 907/499/910 923/508/910 908/501/910
f 901/502/911 915/507/911 916/509/911
f 908/501/912 924/510/912 909/503/912
f 902/488/913 916/509/913 917/511/913
f 909/503/914 925/512/914 910/487/914
f 903/489/915 917/511/915 918/513/915
f 896/491/916 798/514/916 911/515/916
f 805/516/917 910/487/917 925/512/917
f 903/489/918 919/517/918 904/493/918
f 897/494/919 911/515/919 912/518/919
f 904/493/920 920/519/920 905/495/920
f 898/496/921 912/518/921 913/504/921
f 905/495/922 921/520/922 906/497/922
f 917/511/923 933/521/923 918/513/923
f 911/515/924 798/522/924 926/523/924
f 805/524/925 925/512/925 940/525/925
f 919/517/926 933/521/926 934/526/926
f 911/515/927 927/527/927 912/518/927
f 920/519/928 934/526/928 935/528/928
f 912/518/929 928/529/929 913/504/929
f 921/520/930 935/528/930 936/530/930
f 913/504/931 929/531/931 914/505/931
f 922/506/932 936/530/932 937/532/932
f 914/505/933 930/533/933 915/507/933
f 923/508/934 937/532/934 938/534/934
f 915/507/935 931/535/935 916/509/935
f 924/510/936 938/534/936 939/536/936
f 916/509/937 932/537/937 917/511/937
f 925/512/938 939/536/938 940/525/938
f 937/532/939 951/538/939 952/539/939
f 929/531/940 945/540/940 930/533/940
f 938/534/941 952/539/941 953/541/941
f 930/533/942 946/542/942 931/535/942
f 939/536/943 953/541/943 954/543/943
f 931/535/944 947/544/944 932/537/944
f 940/525/945 954/543/945 955/545/945
f 932/537/946 948/546/946 933/521/946
f 926/523/947 798/547/947 941/548/947
f 805/549/948 940/525/948 955/545/948
f 934/526/949 948/546/949 949/550/949
f 926/523/950 942/551/950 927/527/950
f 935/528/951 949/550/951 950/552/951
f 927/527/952 943/553/952 928/529/952
f 936/530/953 950/552/953 951/538/953
f 928/529/954 944/554/954 929/531/954
f 941/548/955 798/555/955 956/556/955
f 805/557/956 955/545/956 970/558/956
f 949/550/957 963/559/957 964/560/957
f 941/548/958 957/561/958 942/551/958
f 950/552/959 964/560/959 965/562/959
f 942/551/960 958/563/960 943/553/960
f 951/538/961 965/562/961 966/564/961
f 943/553/962 959/565/962 944/554/962
f 952/539/963 966/564/963 967/566/963
f 944/554/964 960/567/964 945/540/964
f 953/541/965 967/566/965 968/568/965
f 945/540/966 961/569/966 946/542/966
f 954/543/967 968/568/967 969/570/967
f 946/542/968 962/571/968 947/544/968
f 955/545/969 969/570/969 970/558/969
f 947/544/970 963/559/970 948/546/970
f 959/565/971 975/572/971 960/567/971
f 968/568/972 982/573/972 983/574/972
f 960/567/973 976/575/973 961/569/973
f 969/570/974 983/574/974 984/576/974
f 961/569/975 977/577/975 962/571/975
f 970/558/976 984/576/976 985/578/976
f 962/571/977 978/579/977 963/559/977
f 956/556/978 798/580/978 971/581/978
f 805/582/979 970/558/979 985/578/979
f 964/560/980 978/579/980 979/583/980
f 956/556/981 972/584/981 957/561/981
f 965/562/982 979/583/982 980/585/982
f 957/561/983 973/586/983 958/563/983
f 966/564/984 980/585/984 981/587/984
f 958/563/985 974/588/985 959/565/985
f 967/566/986 981/587/986 982/573/986
f 979/583/987 993/589/987 994/590/987
f 971/581/988 987/591/988 972/584/988
f 980/585/989 994/590/989 995/592/989
f 972/584/990 988/593/990 973/586/990
f 981/587/991 995/592/991 996/594/991
f 973/586/992 989/595/992 974/588/992
f 982/573/993 996/594/993 997/596/993
f 974/588/994 990/597/994 975/572/994
f 983/574/995 997/596/995 998/598/995
f 975/572/996 991/599/996 976/575/996
f 984/576/997 998/598/997 999/600/997
f 976/575/998 992/601/998 977/577/998
f 985/578/999 999/600/999 1000/602/999
f 977/577/1000 993/589/1000 978/579/1000
f 971/581/1001 798/603/1001 986/604/1001
f 805/605/1002 985/578/1002 1000/602/1002
f 998/598/1003 1012/606/1003 1013/607/1003
f 990/597/1004 1006/608/1004 991/599/1004
f 999/600/1005 1013/607/1005 1014/609/1005
f 991/599/1006 1007/610/1006 992/601/1006
f 1000/602/1007 1014/609/1007 1015/611/1007
f 992/601/1008 1008/612/1008 993/589/1008
f 986/604/1009 798/613/1009 1001/614/1009
f 805/615/1010 1000/602/1010 1015/611/1010
f 994/590/1011 1008/612/1011 1009/616/1011
f 986/604/1012 1002/617/1012 987/591/1012
f 995/592/1013 1009/616/1013 1010/618/1013
f 987/591/1014 1003/619/1014 988/593/1014
f 996/594/1015 1010/618/1015 1011/620/1015
f 988/593/1016 1004/621/1016 989/595/1016
f 997/596/1017 1011/620/1017 1012/606/1017
f 989/595/1018 1005/622/1018 990/597/1018
f 1010/618/1019 1024/623/1019 1025/624/1019
f 1002/617/1020 1018/625/1020 1003/619/1020
f 1011/620/1021 1025/624/1021 1026/626/1021
f 1003/619/1022 1019/627/1022 1004/621/1022
f 1012/606/1023 1026/626/1023 1027/628/1023
f 1004/621/1024 1020/629/1024 1005/622/1024
f 1013/607/1025 1027/628/1025 1028/630/1025
f 1005/622/1026 1021/631/1026 1006/608/1026
f 1014/609/1027 1028/630/1027 1029/632/1027
f 1006/608/1028 1022/633/1028 1007/610/1028
f 1015/611/1029 1029/632/1029 1030/634/1029
f 1007/610/1030 1023/635/1030 1008/612/1030
f 1001/614/1031 798/636/1031 1016/637/1031
f 805/638/1032 1015/611/1032 1030/634/1032
f 1009/616/1033 1023/635/1033 1024/623/1033
f 1001/614/1034 1017/639/1034 1002/617/1034
f 1029/632/1035 1043/640/1035 1044/641/1035
f 1021/631/1036 1037/642/1036 1022/633/1036
f 1030/634/1037 1044/641/1037 1045/643/1037
f 1022/633/1038 1038/644/1038 1023/635/1038
f 1016/637/1039 798/645/1039 1031/646/1039
f 805/647/1040 1030/634/1040 1045/643/1040
f 1024/623/1041 1038/644/1041 1039/648/1041
f 1016/637/1042 1032/649/1042 1017/639/1042
f 1025/624/1043 1039/648/1043 1040/650/1043
f 1017/639/1044 1033/651/1044 1018/625/1044
f 1026/626/1045 1040/650/1045 1041/652/1045
f 1018/625/1046 1034/653/1046 1019/627/1046
f 1027/628/1047 1041/652/1047 1042/654/1047
f 1019/627/1048 1035/655/1048 1020/629/1048
f 1028/630/1049 1042/654/1049 1043/640/1049
f 1020/629/1050 1036/656/1050 1021/631/1050
f 1033/651/1051 1047/657/1051 1048/658/1051
f 1040/650/1052 1056/659/1052 1041/652/1052
f 1034/653/1053 1048/658/1053 1049/660/1053
f 1041/652/1054 1057/661/1054 1042/654/1054
f 1035/655/1055 1049/660/1055 1050/662/1055
f 1042/654/1056 1058/663/1056 1043/640/1056
f 1036/656/1057 1050/662/1057 1051/664/1057
f 1043/640/1058 1059/665/1058 1044/641/1058
f 1037/642/1059 1051/664/1059 1052/666/1059
f 1044/641/1060 1060/667/1060 1045/643/1060
f 1038/644/1061 1052/666/1061 1053/668/1061
f 1031/646/1062 798/669/1062 1046/670/1062
f 805/671/1063 1045/643/1063 1060/667/1063
f 1038/644/1064 1054/672/1064 1039/648/1064
f 1032/649/1065 1046/670/1065 1047/657/1065
f 1039/648/1066 1055/673/1066 1040/650/1066
f 1052/666/1067 1066/674/1067 1067/675/1067
f 1059/665/1068 1075/676/1068 1060/667/1068
f 1053/668/1069 1067/675/1069 1068/677/1069
f 1046/670/1070 798/678/1070 1061/679/1070
f 805/680/1071 1060/667/1071 1075/676/1071
f 1053/668/1072 1069/681/1072 1054/672/1072
f 1047/657/1073 1061/679/1073 1062/682/1073
f 1054/672/1074 1070/683/1074 1055/673/1074
f 1048/658/1075 1062/682/1075 1063/684/1075
f 1055/673/1076 1071/685/1076 1056/659/1076
f 1049/660/1077 1063/684/1077 1064/686/1077
f 1056/659/1078 1072/687/1078 1057/661/1078
f 1050/662/1079 1064/686/1079 1065/688/1079
f 1057/661/1080 1073/689/1080 1058/663/1080
f 1051/664/1081 1065/688/1081 1066/674/1081
f 1058/663/1082 1074/690/1082 1059/665/1082
f 1070/683/1083 1086/691/1083 1071/685/1083
f 1064/686/1084 1078/692/1084 1079/693/1084
f 1071/685/1085 1087/694/1085 1072/687/1085
f 1065/688/1086 1079/693/1086 1080/695/1086
f 1072/687/1087 1088/696/1087 1073/689/1087
f 1066/674/1088 1080/695/1088 1081/697/1088
f 1073/689/1089 1089/698/1089 1074/690/1089
f 1067/675/1090 1081/697/1090 1082/699/1090
f 1074/690/1091 1090/700/1091 1075/676/1091
f 1068/677/1092 1082/699/1092 1083/701/1092
f 1061/679/1093 798/702/1093 1076/703/1093
f 805/704/1094 1075/676/1094 1090/700/1094
f 1068/677/1095 1084/705/1095 1069/681/1095
f 1062/682/1096 1076/703/1096 1077/706/1096
f 1069/681/1097 1085/707/1097 1070/683/1097
f 1063/684/1098 1077/706/1098 1078/692/1098
f 1089/698/1099 1105/708/1099 1090/700/1099
f 1083/701/1100 1097/709/1100 1098/710/1100
f 1076/703/1101 798/711/1101 1091/712/1101
f 805/713/1102 1090/700/1102 1105/708/1102
f 1083/701/1103 1099/714/1103 1084/705/1103
f 1077/706/1104 1091/712/1104 1092/715/1104
f 1084/705/1105 1100/716/1105 1085/707/1105
f 1078/692/1106 1092/715/1106 1093/717/1106
f 1085/707/1107 1101/718/1107 1086/691/1107
f 1079/693/1108 1093/717/1108 1094/719/1108
f 1086/691/1109 1102/720/1109 1087/694/1109
f 1080/695/1110 1094/719/1110 1095/721/1110
f 1087/694/1111 1103/722/1111 1088/696/1111
f 1081/697/1112 1095/721/1112 1096/723/1112
f 1088/696/1113 1104/724/1113 1089/698/1113
f 1082/699/1114 1096/723/1114 1097/709/1114
f 1094/719/1115 1108/725/1115 1109/726/1115
f 1101/718/1116 1117/727/1116 1102/720/1116
f 1095/721/1117 1109/726/1117 1110/728/1117
f 1102/720/1118 1118/729/1118 1103/722/1118
f 1096/723/1119 1110/728/1119 1111/730/1119
f 1103/722/1120 1119/731/1120 1104/724/1120
f 1097/709/1121 1111/730/1121 1112/732/1121
f 1104/724/1122 1120/733/1122 1105/708/1122
f 1098/710/1123 1112/732/1123 1113/734/1123
f 1091/712/1124 798/735/1124 1106/736/1124
f 805/737/1125 1105/708/1125 1120/733/1125
f 1098/710/1126 1114/738/1126 1099/714/1126
f 1092/715/1127 1106/736/1127 1107/739/1127
f 1099/714/1128 1115/740/1128 1100/716/1128
f 1093/717/1129 1107/739/1129 1108/725/1129
f 1100/716/1130 1116/741/1130 1101/718/1130
f 1113/734/1131 1127/742/1131 1128/743/1131
f 1106/736/1132 798/744/1132 1121/745/1132
f 805/746/1133 1120/733/1133 1135/747/1133
f 1113/734/1134 1129/748/1134 1114/738/1134
f 1107/739/1135 1121/745/1135 1122/749/1135
f 1114/738/1136 1130/750/1136 1115/740/1136
f 1108/725/1137 1122/749/1137 1123/751/1137
f 1115/740/1138 1131/752/1138 1116/741/1138
f 1109/726/1139 1123/751/1139 1124/753/1139
f 1116/741/1140 1132/754/1140 1117/727/1140
f 1110/728/1141 1124/753/1141 1125/755/1141
f 1117/727/1142 1133/756/1142 1118/729/1142
f 1111/730/1143 1125/755/1143 1126/757/1143
f 1118/729/1144 1134/758/1144 1119/731/1144
f 1112/732/1145 1126/757/1145 1127/742/1145
f 1119/731/1146 1135/747/1146 1120/733/1146
f 1131/752/1147 1147/759/1147 1132/754/1147
f 1125/755/1148 1139/760/1148 1140/761/1148
f 1132/754/1149 1148/762/1149 1133/756/1149
f 1126/757/1150 1140/761/1150 1141/763/1150
f 1133/756/1151 1149/764/1151 1134/758/1151
f 1127/742/1152 1141/763/1152 1142/765/1152
f 1134/758/1153 1150/766/1153 1135/747/1153
f 1128/743/1154 1142/765/1154 1143/767/1154
f 1121/745/1155 798/768/1155 1136/769/1155
f 805/770/1156 1135/747/1156 1150/766/1156
f 1128/743/1157 1144/771/1157 1129/748/1157
f 1122/749/1158 1136/769/1158 1137/772/1158
f 1129/748/1159 1145/773/1159 1130/750/1159
f 1123/751/1160 1137/772/1160 1138/774/1160
f 1130/750/1161 1146/775/1161 1131/752/1161
f 1124/753/1162 1138/774/1162 1139/760/1162
f 805/776/1163 1150/766/1163 1165/777/1163
f 1143/767/1164 1159/778/1164 1144/771/1164
f 1137/772/1165 1151/779/1165 1152/780/1165
f 1144/771/1166 1160/781/1166 1145/773/1166
f 1138/774/1167 1152/780/1167 1153/782/1167
f 1145/773/1168 1161/783/1168 1146/775/1168
f 1139/760/1169 1153/782/1169 1154/784/1169
f 1146/775/1170 1162/785/1170 1147/759/1170
f 1140/761/1171 1154/784/1171 1155/786/1171
f 1147/759/1172 1163/787/1172 1148/762/1172
f 1141/763/1173 1155/786/1173 1156/788/1173
f 1148/762/1174 1164/789/1174 1149/764/1174
f 1142/765/1175 1156/788/1175 1157/790/1175
f 1149/764/1176 1165/777/1176 1150/766/1176
f 1143/767/1177 1157/790/1177 1158/791/1177
f 1136/769/1178 798/792/1178 1151/779/1178
f 1163/793/1179 1177/794/1179 1178/795/1179
f 1155/796/1180 1171/797/1180 1156/798/1180
f 1164/799/1181 1178/795/1181 1179/800/1181
f 1156/798/1182 1172/801/1182 1157/802/1182
f 1165/803/1183 1179/800/1183 1180/804/1183
f 1157/802/1184 1173/805/1184 1158/806/1184
f 1151/807/1185 798/808/1185 1166/809/1185
f 805/810/1186 1165/803/1186 1180/804/1186
f 1159/811/1187 1173/805/1187 1174/812/1187
f 1151/807/1188 1167/813/1188 1152/814/1188
f 1160/815/1189 1174/812/1189 1175/816/1189
f 1152/814/1190 1168/817/1190 1153/818/1190
f 1161/819/1191 1175/816/1191 1176/820/1191
f 1153/818/1192 1169/821/1192 1154/822/1192
f 1162/823/1193 1176/820/1193 1177/794/1193
f 1154/822/1194 1170/824/1194 1155/796/1194
f 1166/809/1195 1182/825/1195 1167/813/1195
f 1175/816/1196 1189/826/1196 1190/827/1196
f 1167/813/1197 1183/828/1197 1168/817/1197
f 1176/820/1198 1190/827/1198 1191/829/1198
f 1168/817/1199 1184/830/1199 1169/821/1199
f 1177/794/1200 1191/829/1200 1192/831/1200
f 1169/821/1201 1185/832/1201 1170/824/1201
f 1178/795/1202 1192/831/1202 1193/833/1202
f 1170/824/1203 1186/834/1203 1171/797/1203
f 1179/800/1204 1193/833/1204 1194/835/1204
f 1171/797/1205 1187/836/1205 1172/801/1205
f 1180/804/1206 1194/835/1206 1195/837/1206
f 1172/801/1207 1188/838/1207 1173/805/1207
f 1166/809/1208 798/839/1208 1181/840/1208
f 805/841/1209 1180/804/1209 1195/837/1209
f 1174/812/1210 1188/838/1210 1189/826/1210
f 1185/832/1211 1201/842/1211 1186/834/1211
f 1194/835/1212 1208/843/1212 1209/844/1212
f 1186/834/1213 1202/845/1213 1187/836/1213
f 1195/837/1214 1209/844/1214 1210/846/1214
f 1187/836/1215 1203/847/1215 1188/838/1215
f 1181/840/1216 798/848/1216 1196/849/1216
f 805/850/1217 1195/837/1217 1210/846/1217
f 1189/826/1218 1203/847/1218 1204/851/1218
f 1181/840/1219 1197/852/1219 1182/825/1219
f 1190/827/1220 1204/851/1220 1205/853/1220
f 1182/825/1221 1198/854/1221 1183/828/1221
f 1191/829/1222 1205/853/1222 1206/855/1222
f 1183/828/1223 1199/856/1223 1184/830/1223
f 1192/831/1224 1206/855/1224 1207/857/1224
f 1184/830/1225 1200/858/1225 1185/832/1225
f 1193/833/1226 1207/857/1226 1208/843/1226
f 1205/853/1227 1219/859/1227 1220/860/1227
f 1197/852/1228 1213/861/1228 1198/854/1228
f 1206/855/1229 1220/860/1229 1221/862/1229
f 1198/854/1230 1214/863/1230 1199/856/1230
f 1207/857/1231 1221/862/1231 1222/864/1231
f 1199/856/1232 1215/865/1232 1200/858/1232
f 1208/843/1233 1222/864/1233 1223/866/1233
f 1200/858/1234 1216/867/1234 1201/842/1234
f 1209/844/1235 1223/866/1235 1224/868/1235
f 1201/842/1236 1217/869/1236 1202/845/1236
f 1210/846/1237 1224/868/1237 1225/870/1237
f 1202/845/1238 1218/871/1238 1203/847/1238
f 1196/849/1239 798/872/1239 1211/873/1239
f 805/874/1240 1210/846/1240 1225/870/1240
f 1204/851/1241 1218/871/1241 1219/859/1241
f 1196/849/1242 1212/875/1242 1197/852/1242
f 1224/868/1243 1238/876/1243 1239/877/1243
f 1216/867/1244 1232/878/1244 1217/869/1244
f 1225/870/1245 1239/877/1245 1240/879/1245
f 1217/869/1246 1233/880/1246 1218/871/1246
f 1211/873/1247 798/881/1247 1226/882/1247
f 805/883/1248 1225/870/1248 1240/879/1248
f 1219/859/1249 1233/880/1249 1234/884/1249
f 1211/873/1250 1227/885/1250 1212/875/1250
f 1220/860/1251 1234/884/1251 1235/886/1251
f 1212/875/1252 1228/887/1252 1213/861/1252
f 1221/862/1253 1235/886/1253 1236/888/1253
f 1213/861/1254 1229/889/1254 1214/863/1254
f 1222/864/1255 1236/888/1255 1237/890/1255
f 1214/863/1256 1230/891/1256 1215/865/1256
f 1223/866/1257 1237/890/1257 1238/876/1257
f 1215/865/1258 1231/892/1258 1216/867/1258
f 1227/885/1259 1243/893/1259 1228/887/1259
f 1236/888/1260 1250/894/1260 1251/895/1260
f 1228/887/1261 1244/896/1261 1229/889/1261
f 1237/890/1262 1251/895/1262 1252/897/1262
f 1229/889/1263 1245/898/1263 1230/891/1263
f 1238/876/1264 1252/897/1264 1253/899/1264
f 1230/891/1265 1246/900/1265 1231/892/1265
f 1239/877/1266 1253/899/1266 1254/901/1266
f 1231/892/1267 1247/902/1267 1232/878/1267
f 1240/879/1268 1254/901/1268 1255/903/1268
f 1232/878/1269 1248/904/1269 1233/880/1269
f 1226/882/1270 798/905/1270 1241/906/1270
f 805/907/1271 1240/879/1271 1255/903/1271
f 1234/884/1272 1248/904/1272 1249/908/1272
f 1226/882/1273 1242/909/1273 1227/885/1273
f 1235/886/1274 1249/908/1274 1250/894/1274
f 1246/900/1275 1262/910/1275 1247/902/1275
f 1255/903/1276 1269/911/1276 1270/912/1276
f 1247/902/1277 1263/913/1277 1248/904/1277
f 1241/906/1278 798/914/1278 1256/915/1278
f 805/916/1279 1255/903/1279 1270/912/1279
f 1249/908/1280 1263/913/1280 1264/917/1280
f 1241/906/1281 1257/918/1281 1242/909/1281
f 1250/894/1282 1264/917/1282 1265/919/1282
f 1242/909/1283 1258/920/1283 1243/893/1283
f 1251/895/1284 1265/919/1284 1266/921/1284
f 1243/893/1285 1259/922/1285 1244/896/1285
f 1252/897/1286 1266/921/1286 1267/923/1286
f 1244/896/1287 1260/924/1287 1245/898/1287
f 1253/899/1288 1267/923/1288 1268/925/1288
f 1245/898/1289 1261/926/1289 1246/900/1289
f 1254/901/1290 1268/925/1290 1269/911/1290
f 1266/921/1291 1275/370/1291 804/372/1291
f 1258/920/1292 1273/373/1292 1259/922/1292
f 1267/923/1293 804/372/1293 1276/377/1293
f 1259/922/1294 800/378/1294 1260/924/1294
f 1268/925/1295 1276/377/1295 1277/381/1295
f 1260/924/1296 1274/382/1296 1261/926/1296
f 1269/911/1297 1277/381/1297 1278/385/1297
f 1261/926/1298 801/386/1298 1262/910/1298
f 1270/912/1299 1278/385/1299 1279/389/1299
f 1262/910/1300 802/390/1300 1263/913/1300
f 1256/915/1301 798/927/1301 1271/392/1301
f 805/928/1302 1270/912/1302 1279/389/1302
f 1264/917/1303 802/390/1303 803/397/1303
f 1256/915/1304 1272/398/1304 1257/918/1304
f 1265/919/1305 803/397/1305 1275/370/1305
f 1257/918/1306 799/401/1306 1258/920/1306
f 1/1/1307 10/5/1307 21/2/1307
f 2/4/1308 11/929/1308 21/2/1308
f 21/2/1309 11/929/1309 4/6/1309
f 21/2/1310 12/7/1310 3/8/1310
f 3/8/1311 12/7/1311 22/9/1311
f 4/6/1312 14/930/1312 22/9/1312
f 22/9/1313 14/930/1313 8/11/1313
f 22/9/1314 15/12/1314 7/13/1314
f 7/13/1315 15/12/1315 23/14/1315
f 8/11/1316 17/31/1316 23/14/1316
f 23/14/1317 17/31/1317 6/16/1317
f 23/14/1318 18/17/1318 5/18/1318
f 5/18/1319 18/17/1319 24/19/1319
f 6/16/1320 20/931/1320 24/19/1320
f 24/19/1321 20/931/1321 2/21/1321
f 24/19/1322 10/22/1322 1/23/1322
f 3/24/1323 13/27/1323 25/25/1323
f 7/13/1324 16/15/1324 25/25/1324
f 25/25/1325 16/15/1325 5/18/1325
f 25/25/1326 19/28/1326 1/29/1326
f 8/11/1327 14/33/1327 26/30/1327
f 4/32/1328 11/932/1328 26/30/1328
f 26/30/1329 11/932/1329 2/34/1329
f 26/30/1330 20/35/1330 6/16/1330
f 28/36/25 30/39/25 29/37/25
f 30/39/26 32/41/26 31/40/26
f 32/41/27 34/43/27 33/42/27
f 34/43/28 36/45/28 35/44/28
f 36/45/29 38/47/29 37/46/29
f 38/47/30 40/49/30 39/48/30
f 40/49/31 42/51/31 41/50/31
f 42/51/32 44/53/32 43/52/32
f 44/53/33 46/55/33 45/54/33
f 46/55/34 48/57/34 47/56/34
f 48/57/35 50/59/35 49/58/35
f 50/59/36 52/61/36 51/60/36
f 52/61/37 54/63/37 53/62/37
f 54/63/38 56/65/38 55/64/38
f 56/65/39 58/67/39 57/66/39
f 58/67/40 60/69/40 59/68/40
f 60/69/41 62/71/41 61/70/41
f 62/71/42 64/73/42 63/72/42
f 64/73/43 66/75/43 65/74/43
f 66/75/44 68/77/44 67/76/44
f 68/77/45 70/79/45 69/78/45
f 70/79/46 72/81/46 71/80/46
f 72/81/47 74/83/47 73/82/47
f 74/83/48 76/85/48 75/84/48
f 76/85/49 78/87/49 77/86/49
f 78/87/50 80/89/50 79/88/50
f 80/89/51 82/91/51 81/90/51
f 82/91/52 84/93/52 83/92/52
f 84/93/53 86/95/53 85/94/53
f 86/95/54 88/97/54 87/96/54
f 88/97/55 90/99/55 89/98/55
f 90/99/56 28/933/56 27/100/56
f 78/103/57 76/934/57 44/935/57
f 76/934/57 74/936/57 46/937/57
f 74/936/57 72/938/57 70/939/57
f 70/939/57 68/940/57 66/941/57
f 66/941/57 64/942/57 70/939/57
f 64/942/57 62/943/57 70/939/57
f 62/943/57 60/944/57 58/945/57
f 58/945/57 56/946/57 62/943/57
f 56/946/57 54/947/57 62/943/57
f 54/947/57 52/948/57 50/949/57
f 50/949/57 48/950/57 54/947/57
f 48/950/57 46/937/57 54/947/57
f 46/937/57 44/935/57 76/934/57
f 44/935/57 42/951/57 78/103/57
f 42/951/57 40/952/57 38/953/57
f 38/953/57 36/954/57 30/101/57
f 36/954/57 34/955/57 30/101/57
f 34/955/57 32/956/57 30/101/57
f 30/101/57 28/957/57 90/958/57
f 90/958/57 88/959/57 86/102/57
f 86/102/57 84/960/57 78/103/57
f 84/960/57 82/961/57 78/103/57
f 82/961/57 80/962/57 78/103/57
f 74/936/57 70/939/57 46/937/57
f 42/951/57 38/953/57 78/103/57
f 30/101/57 90/958/57 86/102/57
f 70/939/57 62/943/57 46/937/57
f 62/943/57 54/947/57 46/937/57
f 38/953/57 30/101/57 78/103/57
f 41/106/58 43/963/58 75/964/58
f 43/963/58 45/965/58 73/966/58
f 45/965/58 47/967/58 49/968/58
f 49/968/58 51/969/58 53/970/58
f 53/970/58 55/971/58 49/968/58
f 55/971/58 57/972/58 49/968/58
f 57/972/58 59/973/58 61/974/58
f 61/974/58 63/975/58 57/972/58
f 63/975/58 65/976/58 57/972/58
f 65/976/58 67/977/58 69/978/58
f 69/978/58 71/979/58 65/976/58
f 71/979/58 73/966/58 65/976/58
f 73/966/58 75/964/58 43/963/58
f 75/964/58 77/980/58 41/106/58
f 77/980/58 79/981/58 81/982/58
f 81/982/58 83/983/58 89/104/58
f 83/983/58 85/984/58 89/104/58
f 85/984/58 87/985/58 89/104/58
f 89/104/58 27/986/58 29/987/58
f 29/987/58 31/988/58 33/105/58
f 33/105/58 35/989/58 41/106/58
f 35/989/58 37/990/58 41/106/58
f 37/990/58 39/991/58 41/106/58
f 45/965/58 49/968/58 73/966/58
f 77/980/58 81/982/58 41/106/58
f 89/104/58 29/987/58 33/105/58
f 49/968/58 57/972/58 73/966/58
f 57/972/58 65/976/58 73/966/58
f 81/982/58 89/104/58 41/106/58
f 92/107/59 313/121/59 96/108/59
f 314/110/60 92/107/60 97/109/60
f 314/110/61 98/111/61 99/112/61
f 315/114/62 93/113/62 99/112/62
f 94/116/63 315/114/63 100/115/63
f 313/121/65 312/118/65 95/120/65
f 95/120/66 102/129/66 103/122/66
f 96/108/67 103/122/67 104/123/67
f 97/109/68 104/123/68 105/124/68
f 98/111/69 105/124/69 106/125/69
f 99/112/70 106/125/70 107/126/70
f 101/117/71 100/115/71 107/126/71
f 106/125/73 113/137/73 114/130/73
f 108/127/74 107/126/74 114/130/74
f 102/129/76 109/133/76 110/134/76
f 103/122/1331 110/134/1331 111/135/1331
f 104/123/78 111/135/78 112/136/78
f 105/124/79 112/136/79 113/137/79
f 110/134/80 117/145/80 118/138/80
f 112/136/81 111/135/81 118/138/81
f 113/137/82 112/136/82 119/139/82
f 113/137/83 120/140/83 121/141/83
f 115/131/84 114/130/84 121/141/84
f 109/133/86 116/144/86 117/145/86
f 122/142/87 121/141/87 128/146/87
f 117/145/1332 116/144/1332 123/149/1332
f 118/138/90 117/145/90 124/150/90
f 118/138/91 125/151/91 126/152/91
f 120/140/92 119/139/92 126/152/92
f 120/140/93 127/153/93 128/146/93
f 124/150/94 131/161/94 132/154/94
f 125/151/95 132/154/95 133/155/95
f 127/153/96 126/152/96 133/155/96
f 127/153/97 134/156/97 135/157/97
f 129/147/98 128/146/98 135/157/98
f 123/149/100 130/160/100 131/161/100
f 136/158/101 135/157/101 142/162/101
f 131/161/103 130/160/103 137/165/103
f 132/154/104 131/161/104 138/166/104
f 132/154/105 139/167/105 140/168/105
f 134/156/106 133/155/106 140/168/106
f 134/156/107 141/169/107 142/162/107
f 139/167/108 146/177/108 147/170/108
f 141/169/109 140/168/109 147/170/109
f 141/169/110 148/171/110 149/172/110
f 143/163/111 142/162/111 149/172/111
f 137/165/113 144/175/113 145/176/113
f 138/166/114 145/176/114 146/177/114
f 144/175/116 151/179/116 152/180/116
f 146/177/117 145/176/117 152/180/117
f 146/177/118 153/181/118 154/182/118
f 148/171/119 147/170/119 154/182/119
f 148/171/120 155/183/120 156/184/120
f 150/173/121 149/172/121 156/184/121
f 153/181/122 160/193/122 161/186/122
f 155/183/123 154/182/123 161/186/123
f 155/183/124 162/187/124 163/188/124
f 157/185/125 156/184/125 163/188/125
f 151/179/127 158/191/127 159/192/127
f 152/180/128 159/192/128 160/193/128
f 158/191/130 165/195/130 166/196/130
f 159/192/131 166/196/131 167/197/131
f 160/193/132 167/197/132 168/198/132
f 162/187/133 161/186/133 168/198/133
f 162/187/134 169/199/134 170/200/134
f 164/189/135 163/188/135 170/200/135
f 169/199/136 168/198/136 175/202/136
f 169/199/137 176/203/137 177/204/137
f 171/201/138 170/200/138 177/204/138
f 165/195/1333 172/207/1333 173/208/1333
f 167/197/141 166/196/141 173/208/141
f 167/197/142 174/209/142 175/202/142
f 173/208/143 172/207/143 179/210/143
f 173/208/144 180/211/144 181/212/144
f 174/209/145 181/212/145 182/213/145
f 176/203/146 175/202/146 182/213/146
f 176/203/147 183/214/147 184/215/147
f 178/205/148 177/204/148 184/215/148
f 183/214/150 190/225/150 191/218/150
f 185/216/151 184/215/151 191/218/151
f 179/210/153 186/221/153 187/222/153
f 180/211/1334 187/222/1334 188/223/1334
f 181/212/155 188/223/155 189/224/155
f 183/214/156 182/213/156 189/224/156
f 186/221/157 193/233/157 194/226/157
f 187/222/158 194/226/158 195/227/158
f 188/223/159 195/227/159 196/228/159
f 190/225/160 189/224/160 196/228/160
f 190/225/161 197/229/161 198/230/161
f 192/219/162 191/218/162 198/230/162
f 197/229/164 204/241/164 205/234/164
f 199/231/165 198/230/165 205/234/165
f 194/226/167 193/233/167 200/237/167
f 194/226/168 201/238/168 202/239/168
f 195/227/169 202/239/169 203/240/169
f 197/229/170 196/228/170 203/240/170
f 202/239/171 201/238/171 208/242/171
f 202/239/172 209/243/172 210/244/172
f 204/241/173 203/240/173 210/244/173
f 204/241/174 211/245/174 212/246/174
f 206/235/175 205/234/175 212/246/175
f 200/237/177 207/249/177 208/242/177
f 213/247/178 212/246/178 219/250/178
f 208/242/180 207/249/180 214/253/180
f 208/242/181 215/254/181 216/255/181
f 209/243/182 216/255/182 217/256/182
f 211/245/183 210/244/183 217/256/183
f 211/245/184 218/257/184 219/250/184
f 215/254/185 222/265/185 223/258/185
f 216/255/186 223/258/186 224/259/186
f 218/257/187 217/256/187 224/259/187
f 218/257/188 225/260/188 226/261/188
f 220/251/189 219/250/189 226/261/189
f 214/253/191 221/264/191 222/265/191
f 227/262/192 226/261/192 233/266/192
f 221/264/194 228/269/194 229/270/194
f 223/258/195 222/265/195 229/270/195
f 223/258/196 230/271/196 231/272/196
f 225/260/197 224/259/197 231/272/197
f 225/260/198 232/273/198 233/266/198
f 230/271/199 237/281/199 238/274/199
f 232/273/200 231/272/200 238/274/200
f 232/273/201 239/275/201 240/276/201
f 234/267/202 233/266/202 240/276/202
f 228/269/204 235/279/204 236/280/204
f 230/271/205 229/270/205 236/280/205
f 235/279/207 242/283/207 243/284/207
f 237/281/208 236/280/208 243/284/208
f 237/281/209 244/285/209 245/286/209
f 239/275/210 238/274/210 245/286/210
f 239/275/211 246/287/211 247/288/211
f 241/277/212 240/276/212 247/288/212
f 246/287/213 245/286/213 252/290/213
f 246/287/214 253/291/214 254/292/214
f 248/289/215 247/288/215 254/292/215
f 242/283/217 249/295/217 250/296/217
f 244/285/218 243/284/218 250/296/218
f 244/285/219 251/297/219 252/290/219
f 249/295/221 256/299/221 257/300/221
f 250/296/222 257/300/222 258/301/222
f 251/297/223 258/301/223 259/302/223
f 253/291/224 252/290/224 259/302/224
f 253/291/225 260/303/225 261/304/225
f 255/293/226 254/292/226 261/304/226
f 260/306/227 259/320/227 266/307/227
f 260/306/228 267/308/228 268/309/228
f 262/311/229 261/310/229 268/309/229
f 257/316/231 256/313/231 263/315/231
f 258/318/232 257/316/232 264/317/232
f 258/318/233 265/319/233 266/307/233
f 263/315/234 270/328/234 271/321/234
f 265/319/235 264/317/235 271/321/235
f 265/319/236 272/322/236 273/323/236
f 267/308/237 266/307/237 273/323/237
f 267/308/238 274/324/238 275/325/238
f 269/312/239 268/309/239 275/325/239
f 274/324/241 281/336/241 282/329/241
f 276/326/242 275/325/242 282/329/242
f 270/328/244 277/332/244 278/333/244
f 271/321/1335 278/333/1335 279/334/1335
f 272/322/246 279/334/246 280/335/246
f 274/324/247 273/323/247 280/335/247
f 277/332/248 284/344/248 285/337/248
f 279/334/249 278/333/249 285/337/249
f 279/334/250 286/338/250 287/339/250
f 281/336/251 280/335/251 287/339/251
f 281/336/252 288/340/252 289/341/252
f 283/330/253 282/329/253 289/341/253
f 288/340/255 295/352/255 296/345/255
f 290/342/256 289/341/256 296/345/256
f 285/337/258 284/344/258 291/348/258
f 286/338/259 285/337/259 292/349/259
f 286/338/260 293/350/260 294/351/260
f 288/340/261 287/339/261 294/351/261
f 293/350/1336 292/349/1336 299/353/1336
f 293/350/263 300/354/263 301/355/263
f 295/352/264 294/351/264 301/355/264
f 295/352/265 302/356/265 303/357/265
f 297/346/266 296/345/266 303/357/266
f 291/348/268 298/360/268 299/353/268
f 304/358/269 303/357/269 310/361/269
f 299/353/271 298/360/271 305/364/271
f 300/354/272 299/353/272 306/365/272
f 300/354/273 307/366/273 308/367/273
f 302/356/274 301/355/274 308/367/274
f 302/356/275 309/368/275 310/361/275
f 308/367/276 307/366/276 92/107/276
f 309/368/277 308/367/277 314/110/277
f 310/361/278 309/368/278 93/113/278
f 311/362/279 310/361/279 315/114/279
f 305/364/281 312/118/281 313/121/281
f 307/366/282 306/365/282 313/121/282
f 793/370/1337 333/400/1337 334/371/1337
f 791/373/284 317/401/284 326/374/284
f 322/372/285 334/371/285 335/376/285
f 318/378/286 791/373/286 327/375/286
f 794/377/287 335/376/287 336/380/287
f 792/382/1338 318/378/1338 328/379/1338
f 795/381/289 336/380/289 337/384/289
f 319/386/290 792/382/290 329/383/290
f 796/385/291 337/384/291 338/388/291
f 320/390/292 319/386/292 330/387/292
f 320/390/295 331/391/295 332/396/295
f 790/398/296 789/392/296 324/394/296
f 321/397/297 332/396/297 333/400/297
f 317/401/1339 790/398/1339 325/399/1339
f 325/399/299 324/394/299 339/402/299
f 332/396/300 347/418/300 348/404/300
f 326/374/301 325/399/301 340/403/301
f 333/400/302 348/404/302 349/406/302
f 327/375/303 326/374/303 341/405/303
f 334/371/304 349/406/304 350/408/304
f 328/379/305 327/375/305 342/407/305
f 335/376/306 350/408/306 351/410/306
f 329/383/307 328/379/307 343/409/307
f 336/380/308 351/410/308 352/412/308
f 330/387/309 329/383/309 344/411/309
f 337/384/310 352/412/310 353/414/310
f 331/391/311 330/387/311 345/413/311
f 331/391/314 346/415/314 347/418/314
f 344/411/1340 343/409/1340 358/419/1340
f 351/410/316 366/435/316 367/421/316
f 345/413/317 344/411/317 359/420/317
f 352/412/318 367/421/318 368/423/318
f 346/415/1341 345/413/1341 360/422/1341
f 346/415/1342 361/424/1342 362/428/1342
f 340/403/323 339/402/323 354/426/323
f 347/418/324 362/428/324 363/430/324
f 341/405/325 340/403/325 355/429/325
f 348/404/1343 363/430/1343 364/432/1343
f 342/407/327 341/405/327 356/431/327
f 349/406/328 364/432/328 365/434/328
f 343/409/329 342/407/329 357/433/329
f 350/408/330 365/434/330 366/435/330
f 362/428/331 377/452/331 378/436/331
f 356/431/332 355/429/332 370/437/332
f 363/430/333 378/436/333 379/439/333
f 357/433/334 356/431/334 371/438/334
f 364/432/335 379/439/335 380/441/335
f 358/419/336 357/433/336 372/440/336
f 365/434/337 380/441/337 381/443/337
f 359/420/338 358/419/338 373/442/338
f 366/435/339 381/443/339 382/445/339
f 360/422/340 359/420/340 374/444/340
f 367/421/341 382/445/341 383/447/341
f 361/424/342 360/422/342 375/446/342
f 361/424/345 376/448/345 377/452/345
f 355/429/346 354/426/346 369/450/346
f 381/443/347 396/469/347 397/453/347
f 375/446/348 374/444/348 389/454/348
f 382/445/349 397/453/349 398/456/349
f 376/448/350 375/446/350 390/455/350
f 376/448/353 391/457/353 392/461/353
f 370/437/354 369/450/354 384/459/354
f 377/452/355 392/461/355 393/463/355
f 371/438/356 370/437/356 385/462/356
f 378/436/357 393/463/357 394/465/357
f 372/440/358 371/438/358 386/464/358
f 379/439/359 394/465/359 395/467/359
f 373/442/360 372/440/360 387/466/360
f 380/441/361 395/467/361 396/469/361
f 374/444/362 373/442/362 388/468/362
f 393/463/363 408/486/363 409/470/363
f 387/466/364 386/464/364 401/471/364
f 394/465/365 409/470/365 410/473/365
f 388/468/366 387/466/366 402/472/366
f 395/467/367 410/473/367 411/475/367
f 389/454/1344 388/468/1344 403/474/1344
f 396/469/369 411/475/369 412/477/369
f 390/455/370 389/454/370 404/476/370
f 397/453/371 412/477/371 413/479/371
f 391/457/372 390/455/372 405/478/372
f 391/457/375 406/480/375 407/484/375
f 385/462/376 384/459/376 399/482/376
f 392/461/377 407/484/377 408/486/377
f 386/464/378 385/462/378 400/485/378
f 412/477/379 427/503/379 428/487/379
f 406/480/380 405/478/380 420/488/380
f 406/480/383 421/489/383 422/493/383
f 400/485/384 399/482/384 414/491/384
f 407/484/385 422/493/385 423/495/385
f 401/471/386 400/485/386 415/494/386
f 408/486/387 423/495/387 424/497/387
f 402/472/388 401/471/388 416/496/388
f 409/470/389 424/497/389 425/499/389
f 403/474/390 402/472/390 417/498/390
f 410/473/391 425/499/391 426/501/391
f 404/476/392 403/474/392 418/500/392
f 411/475/393 426/501/393 427/503/393
f 405/478/394 404/476/394 419/502/394
f 417/498/1345 416/496/1345 431/504/1345
f 424/497/396 439/520/396 440/506/396
f 418/500/397 417/498/397 432/505/397
f 425/499/1346 440/506/1346 441/508/1346
f 419/502/399 418/500/399 433/507/399
f 426/501/1347 441/508/1347 442/510/1347
f 420/488/1348 419/502/1348 434/509/1348
f 427/503/402 442/510/402 443/512/402
f 421/489/403 420/488/403 435/511/403
f 421/489/406 436/513/406 437/517/406
f 415/494/407 414/491/407 429/515/407
f 422/493/1349 437/517/1349 438/519/1349
f 416/496/1350 415/494/1350 430/518/1350
f 423/495/410 438/519/410 439/520/410
f 435/511/411 450/537/411 451/521/411
f 437/517/414 436/513/414 451/521/414
f 429/515/415 444/523/415 445/527/415
f 438/519/1351 437/517/1351 452/526/1351
f 430/518/1352 445/527/1352 446/529/1352
f 439/520/418 438/519/418 453/528/418
f 431/504/419 446/529/419 447/531/419
f 440/506/420 439/520/420 454/530/420
f 432/505/421 447/531/421 448/533/421
f 441/508/422 440/506/422 455/532/422
f 433/507/423 448/533/423 449/535/423
f 442/510/1353 441/508/1353 456/534/1353
f 434/509/1354 449/535/1354 450/537/1354
f 443/512/426 442/510/426 457/536/426
f 455/532/427 454/530/427 469/538/427
f 447/531/428 462/554/428 463/540/428
f 456/534/1355 455/532/1355 470/539/1355
f 448/533/430 463/540/430 464/542/430
f 457/536/431 456/534/431 471/541/431
f 449/535/432 464/542/432 465/544/432
f 458/525/433 457/536/433 472/543/433
f 450/537/434 465/544/434 466/546/434
f 452/526/437 451/521/437 466/546/437
f 444/523/438 459/548/438 460/551/438
f 453/528/439 452/526/439 467/550/439
f 445/527/440 460/551/440 461/553/440
f 454/530/441 453/528/441 468/552/441
f 446/529/1356 461/553/1356 462/554/1356
f 467/550/445 466/546/445 481/559/445
f 459/548/446 474/556/446 475/561/446
f 468/552/447 467/550/447 482/560/447
f 460/551/448 475/561/448 476/563/448
f 469/538/449 468/552/449 483/562/449
f 461/553/450 476/563/450 477/565/450
f 470/539/451 469/538/451 484/564/451
f 462/554/452 477/565/452 478/567/452
f 471/541/453 470/539/453 485/566/453
f 463/540/454 478/567/454 479/569/454
f 472/543/455 471/541/455 486/568/455
f 464/542/456 479/569/456 480/571/456
f 473/545/457 472/543/457 487/570/457
f 465/544/458 480/571/458 481/559/458
f 477/565/1357 492/588/1357 493/572/1357
f 486/568/460 485/566/460 500/573/460
f 478/567/461 493/572/461 494/575/461
f 487/570/1358 486/568/1358 501/574/1358
f 479/569/463 494/575/463 495/577/463
f 488/558/464 487/570/464 502/576/464
f 480/571/465 495/577/465 496/579/465
f 482/560/468 481/559/468 496/579/468
f 474/556/469 489/581/469 490/584/469
f 483/562/470 482/560/470 497/583/470
f 475/561/1359 490/584/1359 491/586/1359
f 484/564/472 483/562/472 498/585/472
f 476/563/473 491/586/473 492/588/473
f 485/566/1360 484/564/1360 499/587/1360
f 497/583/475 496/579/475 511/589/475
f 489/581/476 504/604/476 505/591/476
f 498/585/477 497/583/477 512/590/477
f 490/584/478 505/591/478 506/593/478
f 499/587/479 498/585/479 513/592/479
f 491/586/480 506/593/480 507/595/480
f 500/573/1361 499/587/1361 514/594/1361
f 492/588/482 507/595/482 508/597/482
f 501/574/483 500/573/483 515/596/483
f 493/572/484 508/597/484 509/599/484
f 502/576/485 501/574/485 516/598/485
f 494/575/486 509/599/486 510/601/486
f 503/578/487 502/576/487 517/600/487
f 495/577/488 510/601/488 511/589/488
f 516/598/491 515/596/491 530/606/491
f 508/597/492 523/622/492 524/608/492
f 517/600/493 516/598/493 531/607/493
f 509/599/494 524/608/494 525/610/494
f 518/602/495 517/600/495 532/609/495
f 510/601/496 525/610/496 526/612/496
f 512/590/499 511/589/499 526/612/499
f 504/604/500 519/614/500 520/617/500
f 513/592/501 512/590/501 527/616/501
f 505/591/502 520/617/502 521/619/502
f 514/594/503 513/592/503 528/618/503
f 506/593/504 521/619/504 522/621/504
f 515/596/505 514/594/505 529/620/505
f 507/595/506 522/621/506 523/622/506
f 528/618/507 527/616/507 542/623/507
f 520/617/508 535/639/508 536/625/508
f 529/620/509 528/618/509 543/624/509
f 521/619/510 536/625/510 537/627/510
f 530/606/511 529/620/511 544/626/511
f 522/621/512 537/627/512 538/629/512
f 531/607/513 530/606/513 545/628/513
f 523/622/514 538/629/514 539/631/514
f 532/609/515 531/607/515 546/630/515
f 524/608/516 539/631/516 540/633/516
f 533/611/517 532/609/517 547/632/517
f 525/610/518 540/633/518 541/635/518
f 527/616/521 526/612/521 541/635/521
f 519/614/522 534/637/522 535/639/522
f 547/632/523 546/630/523 561/640/523
f 539/631/524 554/656/524 555/642/524
f 548/634/525 547/632/525 562/641/525
f 540/633/526 555/642/526 556/644/526
f 542/623/529 541/635/529 556/644/529
f 534/637/530 549/646/530 550/649/530
f 543/624/531 542/623/531 557/648/531
f 535/639/532 550/649/532 551/651/532
f 544/626/533 543/624/533 558/650/533
f 536/625/534 551/651/534 552/653/534
f 545/628/535 544/626/535 559/652/535
f 537/627/536 552/653/536 553/655/536
f 546/630/537 545/628/537 560/654/537
f 538/629/538 553/655/538 554/656/538
f 551/651/539 550/649/539 565/657/539
f 558/650/540 573/673/540 574/659/540
f 552/653/541 551/651/541 566/658/541
f 559/652/542 574/659/542 575/661/542
f 553/655/543 552/653/543 567/660/543
f 560/654/544 575/661/544 576/663/544
f 554/656/545 553/655/545 568/662/545
f 561/640/546 576/663/546 577/665/546
f 555/642/547 554/656/547 569/664/547
f 562/641/548 577/665/548 578/667/548
f 556/644/549 555/642/549 570/666/549
f 556/644/552 571/668/552 572/672/552
f 550/649/553 549/646/553 564/670/553
f 557/648/554 572/672/554 573/673/554
f 570/666/555 569/664/555 584/674/555
f 577/665/556 592/690/556 593/676/556
f 571/668/1362 570/666/1362 585/675/1362
f 571/668/1363 586/677/1363 587/681/1363
f 565/657/561 564/670/561 579/679/561
f 572/672/562 587/681/562 588/683/562
f 566/658/563 565/657/563 580/682/563
f 573/673/564 588/683/564 589/685/564
f 567/660/565 566/658/565 581/684/565
f 574/659/566 589/685/566 590/687/566
f 568/662/567 567/660/567 582/686/567
f 575/661/568 590/687/568 591/689/568
f 569/664/569 568/662/569 583/688/569
f 576/663/570 591/689/570 592/690/570
f 588/683/1364 603/707/1364 604/691/1364
f 582/686/572 581/684/572 596/692/572
f 589/685/573 604/691/573 605/694/573
f 583/688/574 582/686/574 597/693/574
f 590/687/575 605/694/575 606/696/575
f 584/674/1365 583/688/1365 598/695/1365
f 591/689/577 606/696/577 607/698/577
f 585/675/578 584/674/578 599/697/578
f 592/690/579 607/698/579 608/700/579
f 586/677/580 585/675/580 600/699/580
f 586/677/583 601/701/583 602/705/583
f 580/682/584 579/679/584 594/703/584
f 587/681/585 602/705/585 603/707/585
f 581/684/586 580/682/586 595/706/586
f 607/698/587 622/724/587 623/708/587
f 601/701/1366 600/699/1366 615/709/1366
f 601/701/1367 616/710/1367 617/714/1367
f 595/706/592 594/703/592 609/712/592
f 602/705/593 617/714/593 618/716/593
f 596/692/594 595/706/594 610/715/594
f 603/707/595 618/716/595 619/718/595
f 597/693/596 596/692/596 611/717/596
f 604/691/597 619/718/597 620/720/597
f 598/695/598 597/693/598 612/719/598
f 605/694/599 620/720/599 621/722/599
f 599/697/600 598/695/600 613/721/600
f 606/696/601 621/722/601 622/724/601
f 600/699/602 599/697/602 614/723/602
f 612/719/603 611/717/603 626/725/603
f 619/718/604 634/741/604 635/727/604
f 613/721/605 612/719/605 627/726/605
f 620/720/606 635/727/606 636/729/606
f 614/723/607 613/721/607 628/728/607
f 621/722/608 636/729/608 637/731/608
f 615/709/609 614/723/609 629/730/609
f 622/724/610 637/731/610 638/733/610
f 616/710/1368 615/709/1368 630/732/1368
f 616/710/1369 631/734/1369 632/738/1369
f 610/715/615 609/712/615 624/736/615
f 617/714/616 632/738/616 633/740/616
f 611/717/617 610/715/617 625/739/617
f 618/716/618 633/740/618 634/741/618
f 631/734/619 630/732/619 645/742/619
f 631/734/622 646/743/622 647/748/622
f 625/739/623 624/736/623 639/745/623
f 632/738/624 647/748/624 648/750/624
f 626/725/625 625/739/625 640/749/625
f 633/740/1370 648/750/1370 649/752/1370
f 627/726/627 626/725/627 641/751/627
f 634/741/628 649/752/628 650/754/628
f 628/728/629 627/726/629 642/753/629
f 635/727/630 650/754/630 651/756/630
f 629/730/1371 628/728/1371 643/755/1371
f 636/729/632 651/756/632 652/758/632
f 630/732/633 629/730/633 644/757/633
f 637/731/634 652/758/634 653/747/634
f 649/752/635 664/775/635 665/759/635
f 643/755/636 642/753/636 657/760/636
f 650/754/637 665/759/637 666/762/637
f 644/757/638 643/755/638 658/761/638
f 651/756/639 666/762/639 667/764/639
f 645/742/1372 644/757/1372 659/763/1372
f 652/758/641 667/764/641 668/766/641
f 646/743/1373 645/742/1373 660/765/1373
f 646/743/1374 661/767/1374 662/771/1374
f 640/749/646 639/745/646 654/769/646
f 647/748/1375 662/771/1375 663/773/1375
f 641/751/648 640/749/648 655/772/648
f 648/750/649 663/773/649 664/775/649
f 642/753/650 641/751/650 656/774/650
f 661/767/652 676/791/652 677/778/652
f 655/772/653 654/769/653 669/779/653
f 662/771/1376 677/778/1376 678/781/1376
f 656/774/1377 655/772/1377 670/780/1377
f 663/773/656 678/781/656 679/783/656
f 657/760/657 656/774/657 671/782/657
f 664/775/658 679/783/658 680/785/658
f 658/761/659 657/760/659 672/784/659
f 665/759/660 680/785/660 681/787/660
f 659/763/661 658/761/661 673/786/661
f 666/762/1378 681/787/1378 682/789/1378
f 660/765/1379 659/763/1379 674/788/1379
f 667/764/664 682/789/664 683/777/664
f 661/767/665 660/765/665 675/790/665
f 681/793/667 680/823/667 695/794/667
f 673/796/668 688/824/668 689/797/668
f 682/799/669 681/793/669 696/795/669
f 674/798/670 689/797/670 690/801/670
f 683/803/671 682/799/671 697/800/671
f 675/802/672 690/801/672 691/805/672
f 677/811/675 676/806/675 691/805/675
f 669/807/676 684/809/676 685/813/676
f 678/815/677 677/811/677 692/812/677
f 670/814/678 685/813/678 686/817/678
f 679/819/679 678/815/679 693/816/679
f 671/818/680 686/817/680 687/821/680
f 680/823/681 679/819/681 694/820/681
f 672/822/682 687/821/682 688/824/682
f 684/809/683 699/840/683 700/825/683
f 693/816/1380 692/812/1380 707/826/1380
f 685/813/685 700/825/685 701/828/685
f 694/820/686 693/816/686 708/827/686
f 686/817/687 701/828/687 702/830/687
f 695/794/688 694/820/688 709/829/688
f 687/821/689 702/830/689 703/832/689
f 696/795/690 695/794/690 710/831/690
f 688/824/691 703/832/691 704/834/691
f 697/800/692 696/795/692 711/833/692
f 689/797/1381 704/834/1381 705/836/1381
f 698/804/694 697/800/694 712/835/694
f 690/801/695 705/836/695 706/838/695
f 692/812/698 691/805/698 706/838/698
f 703/832/699 718/858/699 719/842/699
f 712/835/700 711/833/700 726/843/700
f 704/834/701 719/842/701 720/845/701
f 713/837/702 712/835/702 727/844/702
f 705/836/703 720/845/703 721/847/703
f 707/826/706 706/838/706 721/847/706
f 699/840/707 714/849/707 715/852/707
f 708/827/708 707/826/708 722/851/708
f 700/825/709 715/852/709 716/854/709
f 709/829/710 708/827/710 723/853/710
f 701/828/1382 716/854/1382 717/856/1382
f 710/831/712 709/829/712 724/855/712
f 702/830/713 717/856/713 718/858/713
f 711/833/1383 710/831/1383 725/857/1383
f 723/853/715 722/851/715 737/859/715
f 715/852/716 730/875/716 731/861/716
f 724/855/717 723/853/717 738/860/717
f 716/854/718 731/861/718 732/863/718
f 725/857/1384 724/855/1384 739/862/1384
f 717/856/720 732/863/720 733/865/720
f 726/843/721 725/857/721 740/864/721
f 718/858/722 733/865/722 734/867/722
f 727/844/723 726/843/723 741/866/723
f 719/842/724 734/867/724 735/869/724
f 728/846/1385 727/844/1385 742/868/1385
f 720/845/1386 735/869/1386 736/871/1386
f 722/851/1387 721/847/1387 736/871/1387
f 714/849/1388 729/873/1388 730/875/1388
f 742/868/731 741/866/731 756/876/731
f 734/867/732 749/892/732 750/878/732
f 743/870/733 742/868/733 757/877/733
f 735/869/1389 750/878/1389 751/880/1389
f 737/859/1390 736/871/1390 751/880/1390
f 729/873/738 744/882/738 745/885/738
f 738/860/739 737/859/739 752/884/739
f 730/875/740 745/885/740 746/887/740
f 739/862/741 738/860/741 753/886/741
f 731/861/742 746/887/742 747/889/742
f 740/864/743 739/862/743 754/888/743
f 732/863/1391 747/889/1391 748/891/1391
f 741/866/745 740/864/745 755/890/745
f 733/865/746 748/891/746 749/892/746
f 745/885/747 760/909/747 761/893/747
f 754/888/748 753/886/748 768/894/748
f 746/887/749 761/893/749 762/896/749
f 755/890/750 754/888/750 769/895/750
f 747/889/751 762/896/751 763/898/751
f 756/876/752 755/890/752 770/897/752
f 748/891/753 763/898/753 764/900/753
f 757/877/754 756/876/754 771/899/754
f 749/892/755 764/900/755 765/902/755
f 758/879/756 757/877/756 772/901/756
f 750/878/757 765/902/757 766/904/757
f 752/884/760 751/880/760 766/904/760
f 744/882/761 759/906/761 760/909/761
f 753/886/762 752/884/762 767/908/762
f 764/900/763 779/926/763 780/910/763
f 773/903/764 772/901/764 787/911/764
f 765/902/765 780/910/765 781/913/765
f 767/908/768 766/904/768 781/913/768
f 759/906/769 774/915/769 775/918/769
f 768/894/770 767/908/770 782/917/770
f 760/909/1392 775/918/1392 776/920/1392
f 769/895/772 768/894/772 783/919/772
f 761/893/773 776/920/773 777/922/773
f 770/897/774 769/895/774 784/921/774
f 762/896/775 777/922/775 778/924/775
f 771/899/776 770/897/776 785/923/776
f 763/898/777 778/924/777 779/926/777
f 772/901/1393 771/899/1393 786/925/1393
f 784/921/1394 783/919/1394 793/370/1394
f 776/920/780 317/401/780 791/373/780
f 785/923/781 784/921/781 322/372/781
f 777/922/782 791/373/782 318/378/782
f 786/925/783 785/923/783 794/377/783
f 778/924/1395 318/378/1395 792/382/1395
f 787/911/785 786/925/785 795/381/785
f 779/926/786 792/382/786 319/386/786
f 788/912/787 787/911/787 796/385/787
f 780/910/788 319/386/788 320/390/788
f 782/917/791 781/913/791 320/390/791
f 774/915/792 789/392/792 790/398/792
f 783/919/793 782/917/793 321/397/793
f 775/918/794 790/398/794 317/401/794
f 1275/370/1396 815/400/1396 816/371/1396
f 1273/373/796 799/401/796 808/374/796
f 804/372/797 816/371/797 817/376/797
f 800/378/798 1273/373/798 809/375/798
f 1276/377/799 817/376/799 818/380/799
f 1274/382/800 800/378/800 810/379/800
f 1277/381/801 818/380/801 819/384/801
f 801/386/802 1274/382/802 811/383/802
f 1278/385/803 819/384/803 820/388/803
f 802/390/804 801/386/804 812/387/804
f 802/390/807 813/391/807 814/396/807
f 1272/398/808 1271/392/808 806/394/808
f 803/397/809 814/396/809 815/400/809
f 799/401/810 1272/398/810 807/399/810
f 807/399/811 806/394/811 821/402/811
f 814/396/812 829/418/812 830/404/812
f 808/374/813 807/399/813 822/403/813
f 815/400/814 830/404/814 831/406/814
f 809/375/815 808/374/815 823/405/815
f 816/371/816 831/406/816 832/408/816
f 810/379/817 809/375/817 824/407/817
f 817/376/818 832/408/818 833/410/818
f 811/383/819 810/379/819 825/409/819
f 818/380/820 833/410/820 834/412/820
f 812/387/821 811/383/821 826/411/821
f 819/384/822 834/412/822 835/414/822
f 813/391/823 812/387/823 827/413/823
f 813/391/826 828/415/826 829/418/826
f 826/411/827 825/409/827 840/419/827
f 833/410/828 848/435/828 849/421/828
f 827/413/829 826/411/829 841/420/829
f 834/412/830 849/421/830 850/423/830
f 828/415/1397 827/413/1397 842/422/1397
f 828/415/1398 843/424/1398 844/428/1398
f 822/403/835 821/402/835 836/426/835
f 829/418/836 844/428/836 845/430/836
f 823/405/837 822/403/837 837/429/837
f 830/404/838 845/430/838 846/432/838
f 824/407/839 823/405/839 838/431/839
f 831/406/840 846/432/840 847/434/840
f 825/409/841 824/407/841 839/433/841
f 832/408/842 847/434/842 848/435/842
f 844/428/843 859/452/843 860/436/843
f 838/431/844 837/429/844 852/437/844
f 845/430/845 860/436/845 861/439/845
f 839/433/846 838/431/846 853/438/846
f 846/432/847 861/439/847 862/441/847
f 840/419/848 839/433/848 854/440/848
f 847/434/1399 862/441/1399 863/443/1399
f 841/420/850 840/419/850 855/442/850
f 848/435/851 863/443/851 864/445/851
f 842/422/852 841/420/852 856/444/852
f 849/421/853 864/445/853 865/447/853
f 843/424/1400 842/422/1400 857/446/1400
f 843/424/1401 858/448/1401 859/452/1401
f 837/429/858 836/426/858 851/450/858
f 863/443/859 878/469/859 879/453/859
f 857/446/860 856/444/860 871/454/860
f 864/445/861 879/453/861 880/456/861
f 858/448/862 857/446/862 872/455/862
f 858/448/865 873/457/865 874/461/865
f 852/437/866 851/450/866 866/459/866
f 859/452/867 874/461/867 875/463/867
f 853/438/868 852/437/868 867/462/868
f 860/436/869 875/463/869 876/465/869
f 854/440/870 853/438/870 868/464/870
f 861/439/1402 876/465/1402 877/467/1402
f 855/442/1403 854/440/1403 869/466/1403
f 862/441/873 877/467/873 878/469/873
f 856/444/874 855/442/874 870/468/874
f 875/463/875 890/486/875 891/470/875
f 869/466/876 868/464/876 883/471/876
f 876/465/877 891/470/877 892/473/877
f 870/468/878 869/466/878 884/472/878
f 877/467/879 892/473/879 893/475/879
f 871/454/880 870/468/880 885/474/880
f 878/469/881 893/475/881 894/477/881
f 872/455/882 871/454/882 886/476/882
f 879/453/883 894/477/883 895/479/883
f 873/457/884 872/455/884 887/478/884
f 873/457/887 888/480/887 889/484/887
f 867/462/888 866/459/888 881/482/888
f 874/461/889 889/484/889 890/486/889
f 868/464/890 867/462/890 882/485/890
f 894/477/891 909/503/891 910/487/891
f 888/480/892 887/478/892 902/488/892
f 888/480/895 903/489/895 904/493/895
f 882/485/896 881/482/896 896/491/896
f 889/484/1404 904/493/1404 905/495/1404
f 883/471/898 882/485/898 897/494/898
f 890/486/899 905/495/899 906/497/899
f 884/472/900 883/471/900 898/496/900
f 891/470/901 906/497/901 907/499/901
f 885/474/902 884/472/902 899/498/902
f 892/473/903 907/499/903 908/501/903
f 886/476/904 885/474/904 900/500/904
f 893/475/905 908/501/905 909/503/905
f 887/478/1405 886/476/1405 901/502/1405
f 899/498/907 898/496/907 913/504/907
f 906/497/908 921/520/908 922/506/908
f 900/500/909 899/498/909 914/505/909
f 907/499/910 922/506/910 923/508/910
f 901/502/911 900/500/911 915/507/911
f 908/501/1406 923/508/1406 924/510/1406
f 902/488/1407 901/502/1407 916/509/1407
f 909/503/914 924/510/914 925/512/914
f 903/489/915 902/488/915 917/511/915
f 903/489/918 918/513/918 919/517/918
f 897/494/919 896/491/919 911/515/919
f 904/493/1408 919/517/1408 920/519/1408
f 898/496/1409 897/494/1409 912/518/1409
f 905/495/922 920/519/922 921/520/922
f 917/511/923 932/537/923 933/521/923
f 919/517/926 918/513/926 933/521/926
f 911/515/927 926/523/927 927/527/927
f 920/519/928 919/517/928 934/526/928
f 912/518/929 927/527/929 928/529/929
f 921/520/930 920/519/930 935/528/930
f 913/504/931 928/529/931 929/531/931
f 922/506/932 921/520/932 936/530/932
f 914/505/933 929/531/933 930/533/933
f 923/508/934 922/506/934 937/532/934
f 915/507/935 930/533/935 931/535/935
f 924/510/936 923/508/936 938/534/936
f 916/509/937 931/535/937 932/537/937
f 925/512/938 924/510/938 939/536/938
f 937/532/939 936/530/939 951/538/939
f 929/531/940 944/554/940 945/540/940
f 938/534/941 937/532/941 952/539/941
f 930/533/942 945/540/942 946/542/942
f 939/536/943 938/534/943 953/541/943
f 931/535/944 946/542/944 947/544/944
f 940/525/1410 939/536/1410 954/543/1410
f 932/537/946 947/544/946 948/546/946
f 934/526/949 933/521/949 948/546/949
f 926/523/1411 941/548/1411 942/551/1411
f 935/528/951 934/526/951 949/550/951
f 927/527/952 942/551/952 943/553/952
f 936/530/953 935/528/953 950/552/953
f 928/529/954 943/553/954 944/554/954
f 949/550/957 948/546/957 963/559/957
f 941/548/958 956/556/958 957/561/958
f 950/552/959 949/550/959 964/560/959
f 942/551/960 957/561/960 958/563/960
f 951/538/961 950/552/961 965/562/961
f 943/553/962 958/563/962 959/565/962
f 952/539/963 951/538/963 966/564/963
f 944/554/964 959/565/964 960/567/964
f 953/541/965 952/539/965 967/566/965
f 945/540/966 960/567/966 961/569/966
f 954/543/967 953/541/967 968/568/967
f 946/542/968 961/569/968 962/571/968
f 955/545/969 954/543/969 969/570/969
f 947/544/970 962/571/970 963/559/970
f 959/565/971 974/588/971 975/572/971
f 968/568/972 967/566/972 982/573/972
f 960/567/973 975/572/973 976/575/973
f 969/570/974 968/568/974 983/574/974
f 961/569/975 976/575/975 977/577/975
f 970/558/976 969/570/976 984/576/976
f 962/571/977 977/577/977 978/579/977
f 964/560/980 963/559/980 978/579/980
f 956/556/981 971/581/981 972/584/981
f 965/562/982 964/560/982 979/583/982
f 957/561/983 972/584/983 973/586/983
f 966/564/984 965/562/984 980/585/984
f 958/563/985 973/586/985 974/588/985
f 967/566/986 966/564/986 981/587/986
f 979/583/1412 978/579/1412 993/589/1412
f 971/581/988 986/604/988 987/591/988
f 980/585/989 979/583/989 994/590/989
f 972/584/990 987/591/990 988/593/990
f 981/587/991 980/585/991 995/592/991
f 973/586/992 988/593/992 989/595/992
f 982/573/993 981/587/993 996/594/993
f 974/588/994 989/595/994 990/597/994
f 983/574/995 982/573/995 997/596/995
f 975/572/996 990/597/996 991/599/996
f 984/576/997 983/574/997 998/598/997
f 976/575/998 991/599/998 992/601/998
f 985/578/999 984/576/999 999/600/999
f 977/577/1413 992/601/1413 993/589/1413
f 998/598/1003 997/596/1003 1012/606/1003
f 990/597/1004 1005/622/1004 1006/608/1004
f 999/600/1005 998/598/1005 1013/607/1005
f 991/599/1006 1006/608/1006 1007/610/1006
f 1000/602/1007 999/600/1007 1014/609/1007
f 992/601/1008 1007/610/1008 1008/612/1008
f 994/590/1011 993/589/1011 1008/612/1011
f 986/604/1012 1001/614/1012 1002/617/1012
f 995/592/1013 994/590/1013 1009/616/1013
f 987/591/1014 1002/617/1014 1003/619/1014
f 996/594/1015 995/592/1015 1010/618/1015
f 988/593/1016 1003/619/1016 1004/621/1016
f 997/596/1017 996/594/1017 1011/620/1017
f 989/595/1018 1004/621/1018 1005/622/1018
f 1010/618/1019 1009/616/1019 1024/623/1019
f 1002/617/1020 1017/639/1020 1018/625/1020
f 1011/620/1021 1010/618/1021 1025/624/1021
f 1003/619/1022 1018/625/1022 1019/627/1022
f 1012/606/1023 1011/620/1023 1026/626/1023
f 1004/621/1024 1019/627/1024 1020/629/1024
f 1013/607/1025 1012/606/1025 1027/628/1025
f 1005/622/1026 1020/629/1026 1021/631/1026
f 1014/609/1027 1013/607/1027 1028/630/1027
f 1006/608/1028 1021/631/1028 1022/633/1028
f 1015/611/1029 1014/609/1029 1029/632/1029
f 1007/610/1030 1022/633/1030 1023/635/1030
f 1009/616/1033 1008/612/1033 1023/635/1033
f 1001/614/1034 1016/637/1034 1017/639/1034
f 1029/632/1414 1028/630/1414 1043/640/1414
f 1021/631/1036 1036/656/1036 1037/642/1036
f 1030/634/1037 1029/632/1037 1044/641/1037
f 1022/633/1038 1037/642/1038 1038/644/1038
f 1024/623/1041 1023/635/1041 1038/644/1041
f 1016/637/1042 1031/646/1042 1032/649/1042
f 1025/624/1043 1024/623/1043 1039/648/1043
f 1017/639/1415 1032/649/1415 1033/651/1415
f 1026/626/1045 1025/624/1045 1040/650/1045
f 1018/625/1046 1033/651/1046 1034/653/1046
f 1027/628/1047 1026/626/1047 1041/652/1047
f 1019/627/1048 1034/653/1048 1035/655/1048
f 1028/630/1049 1027/628/1049 1042/654/1049
f 1020/629/1050 1035/655/1050 1036/656/1050
f 1033/651/1051 1032/649/1051 1047/657/1051
f 1040/650/1052 1055/673/1052 1056/659/1052
f 1034/653/1053 1033/651/1053 1048/658/1053
f 1041/652/1054 1056/659/1054 1057/661/1054
f 1035/655/1055 1034/653/1055 1049/660/1055
f 1042/654/1056 1057/661/1056 1058/663/1056
f 1036/656/1057 1035/655/1057 1050/662/1057
f 1043/640/1058 1058/663/1058 1059/665/1058
f 1037/642/1059 1036/656/1059 1051/664/1059
f 1044/641/1060 1059/665/1060 1060/667/1060
f 1038/644/1061 1037/642/1061 1052/666/1061
f 1038/644/1064 1053/668/1064 1054/672/1064
f 1032/649/1065 1031/646/1065 1046/670/1065
f 1039/648/1066 1054/672/1066 1055/673/1066
f 1052/666/1067 1051/664/1067 1066/674/1067
f 1059/665/1068 1074/690/1068 1075/676/1068
f 1053/668/1069 1052/666/1069 1067/675/1069
f 1053/668/1072 1068/677/1072 1069/681/1072
f 1047/657/1073 1046/670/1073 1061/679/1073
f 1054/672/1074 1069/681/1074 1070/683/1074
f 1048/658/1075 1047/657/1075 1062/682/1075
f 1055/673/1076 1070/683/1076 1071/685/1076
f 1049/660/1077 1048/658/1077 1063/684/1077
f 1056/659/1078 1071/685/1078 1072/687/1078
f 1050/662/1079 1049/660/1079 1064/686/1079
f 1057/661/1080 1072/687/1080 1073/689/1080
f 1051/664/1081 1050/662/1081 1065/688/1081
f 1058/663/1082 1073/689/1082 1074/690/1082
f 1070/683/1083 1085/707/1083 1086/691/1083
f 1064/686/1084 1063/684/1084 1078/692/1084
f 1071/685/1085 1086/691/1085 1087/694/1085
f 1065/688/1086 1064/686/1086 1079/693/1086
f 1072/687/1087 1087/694/1087 1088/696/1087
f 1066/674/1088 1065/688/1088 1080/695/1088
f 1073/689/1089 1088/696/1089 1089/698/1089
f 1067/675/1090 1066/674/1090 1081/697/1090
f 1074/690/1091 1089/698/1091 1090/700/1091
f 1068/677/1092 1067/675/1092 1082/699/1092
f 1068/677/1095 1083/701/1095 1084/705/1095
f 1062/682/1096 1061/679/1096 1076/703/1096
f 1069/681/1097 1084/705/1097 1085/707/1097
f 1063/684/1098 1062/682/1098 1077/706/1098
f 1089/698/1099 1104/724/1099 1105/708/1099
f 1083/701/1100 1082/699/1100 1097/709/1100
f 1083/701/1103 1098/710/1103 1099/714/1103
f 1077/706/1104 1076/703/1104 1091/712/1104
f 1084/705/1105 1099/714/1105 1100/716/1105
f 1078/692/1106 1077/706/1106 1092/715/1106
f 1085/707/1107 1100/716/1107 1101/718/1107
f 1079/693/1108 1078/692/1108 1093/717/1108
f 1086/691/1109 1101/718/1109 1102/720/1109
f 1080/695/1416 1079/693/1416 1094/719/1416
f 1087/694/1111 1102/720/1111 1103/722/1111
f 1081/697/1112 1080/695/1112 1095/721/1112
f 1088/696/1113 1103/722/1113 1104/724/1113
f 1082/699/1114 1081/697/1114 1096/723/1114
f 1094/719/1115 1093/717/1115 1108/725/1115
f 1101/718/1417 1116/741/1417 1117/727/1417
f 1095/721/1418 1094/719/1418 1109/726/1418
f 1102/720/1118 1117/727/1118 1118/729/1118
f 1096/723/1119 1095/721/1119 1110/728/1119
f 1103/722/1419 1118/729/1419 1119/731/1419
f 1097/709/1121 1096/723/1121 1111/730/1121
f 1104/724/1122 1119/731/1122 1120/733/1122
f 1098/710/1420 1097/709/1420 1112/732/1420
f 1098/710/1421 1113/734/1421 1114/738/1421
f 1092/715/1127 1091/712/1127 1106/736/1127
f 1099/714/1128 1114/738/1128 1115/740/1128
f 1093/717/1422 1092/715/1422 1107/739/1422
f 1100/716/1130 1115/740/1130 1116/741/1130
f 1113/734/1131 1112/732/1131 1127/742/1131
f 1113/734/1134 1128/743/1134 1129/748/1134
f 1107/739/1135 1106/736/1135 1121/745/1135
f 1114/738/1136 1129/748/1136 1130/750/1136
f 1108/725/1137 1107/739/1137 1122/749/1137
f 1115/740/1138 1130/750/1138 1131/752/1138
f 1109/726/1139 1108/725/1139 1123/751/1139
f 1116/741/1140 1131/752/1140 1132/754/1140
f 1110/728/1141 1109/726/1141 1124/753/1141
f 1117/727/1142 1132/754/1142 1133/756/1142
f 1111/730/1143 1110/728/1143 1125/755/1143
f 1118/729/1144 1133/756/1144 1134/758/1144
f 1112/732/1145 1111/730/1145 1126/757/1145
f 1119/731/1146 1134/758/1146 1135/747/1146
f 1131/752/1147 1146/775/1147 1147/759/1147
f 1125/755/1148 1124/753/1148 1139/760/1148
f 1132/754/1423 1147/759/1423 1148/762/1423
f 1126/757/1150 1125/755/1150 1140/761/1150
f 1133/756/1151 1148/762/1151 1149/764/1151
f 1127/742/1424 1126/757/1424 1141/763/1424
f 1134/758/1153 1149/764/1153 1150/766/1153
f 1128/743/1154 1127/742/1154 1142/765/1154
f 1128/743/1157 1143/767/1157 1144/771/1157
f 1122/749/1158 1121/745/1158 1136/769/1158
f 1129/748/1425 1144/771/1425 1145/773/1425
f 1123/751/1160 1122/749/1160 1137/772/1160
f 1130/750/1161 1145/773/1161 1146/775/1161
f 1124/753/1426 1123/751/1426 1138/774/1426
f 1143/767/1164 1158/791/1164 1159/778/1164
f 1137/772/1165 1136/769/1165 1151/779/1165
f 1144/771/1427 1159/778/1427 1160/781/1427
f 1138/774/1167 1137/772/1167 1152/780/1167
f 1145/773/1168 1160/781/1168 1161/783/1168
f 1139/760/1169 1138/774/1169 1153/782/1169
f 1146/775/1170 1161/783/1170 1162/785/1170
f 1140/761/1171 1139/760/1171 1154/784/1171
f 1147/759/1172 1162/785/1172 1163/787/1172
f 1141/763/1173 1140/761/1173 1155/786/1173
f 1148/762/1174 1163/787/1174 1164/789/1174
f 1142/765/1428 1141/763/1428 1156/788/1428
f 1149/764/1176 1164/789/1176 1165/777/1176
f 1143/767/1177 1142/765/1177 1157/790/1177
f 1163/793/1429 1162/823/1429 1177/794/1429
f 1155/796/1180 1170/824/1180 1171/797/1180
f 1164/799/1181 1163/793/1181 1178/795/1181
f 1156/798/1430 1171/797/1430 1172/801/1430
f 1165/803/1183 1164/799/1183 1179/800/1183
f 1157/802/1184 1172/801/1184 1173/805/1184
f 1159/811/1187 1158/806/1187 1173/805/1187
f 1151/807/1188 1166/809/1188 1167/813/1188
f 1160/815/1431 1159/811/1431 1174/812/1431
f 1152/814/1190 1167/813/1190 1168/817/1190
f 1161/819/1191 1160/815/1191 1175/816/1191
f 1153/818/1432 1168/817/1432 1169/821/1432
f 1162/823/1193 1161/819/1193 1176/820/1193
f 1154/822/1194 1169/821/1194 1170/824/1194
f 1166/809/1195 1181/840/1195 1182/825/1195
f 1175/816/1196 1174/812/1196 1189/826/1196
f 1167/813/1197 1182/825/1197 1183/828/1197
f 1176/820/1198 1175/816/1198 1190/827/1198
f 1168/817/1199 1183/828/1199 1184/830/1199
f 1177/794/1200 1176/820/1200 1191/829/1200
f 1169/821/1201 1184/830/1201 1185/832/1201
f 1178/795/1202 1177/794/1202 1192/831/1202
f 1170/824/1203 1185/832/1203 1186/834/1203
f 1179/800/1204 1178/795/1204 1193/833/1204
f 1171/797/1205 1186/834/1205 1187/836/1205
f 1180/804/1206 1179/800/1206 1194/835/1206
f 1172/801/1207 1187/836/1207 1188/838/1207
f 1174/812/1210 1173/805/1210 1188/838/1210
f 1185/832/1211 1200/858/1211 1201/842/1211
f 1194/835/1212 1193/833/1212 1208/843/1212
f 1186/834/1213 1201/842/1213 1202/845/1213
f 1195/837/1214 1194/835/1214 1209/844/1214
f 1187/836/1215 1202/845/1215 1203/847/1215
f 1189/826/1218 1188/838/1218 1203/847/1218
f 1181/840/1219 1196/849/1219 1197/852/1219
f 1190/827/1220 1189/826/1220 1204/851/1220
f 1182/825/1221 1197/852/1221 1198/854/1221
f 1191/829/1222 1190/827/1222 1205/853/1222
f 1183/828/1223 1198/854/1223 1199/856/1223
f 1192/831/1224 1191/829/1224 1206/855/1224
f 1184/830/1225 1199/856/1225 1200/858/1225
f 1193/833/1226 1192/831/1226 1207/857/1226
f 1205/853/1227 1204/851/1227 1219/859/1227
f 1197/852/1433 1212/875/1433 1213/861/1433
f 1206/855/1229 1205/853/1229 1220/860/1229
f 1198/854/1230 1213/861/1230 1214/863/1230
f 1207/857/1231 1206/855/1231 1221/862/1231
f 1199/856/1232 1214/863/1232 1215/865/1232
f 1208/843/1233 1207/857/1233 1222/864/1233
f 1200/858/1234 1215/865/1234 1216/867/1234
f 1209/844/1434 1208/843/1434 1223/866/1434
f 1201/842/1236 1216/867/1236 1217/869/1236
f 1210/846/1237 1209/844/1237 1224/868/1237
f 1202/845/1238 1217/869/1238 1218/871/1238
f 1204/851/1241 1203/847/1241 1218/871/1241
f 1196/849/1242 1211/873/1242 1212/875/1242
f 1224/868/1243 1223/866/1243 1238/876/1243
f 1216/867/1244 1231/892/1244 1232/878/1244
f 1225/870/1245 1224/868/1245 1239/877/1245
f 1217/869/1246 1232/878/1246 1233/880/1246
f 1219/859/1249 1218/871/1249 1233/880/1249
f 1211/873/1250 1226/882/1250 1227/885/1250
f 1220/860/1251 1219/859/1251 1234/884/1251
f 1212/875/1252 1227/885/1252 1228/887/1252
f 1221/862/1253 1220/860/1253 1235/886/1253
f 1213/861/1254 1228/887/1254 1229/889/1254
f 1222/864/1255 1221/862/1255 1236/888/1255
f 1214/863/1256 1229/889/1256 1230/891/1256
f 1223/866/1257 1222/864/1257 1237/890/1257
f 1215/865/1258 1230/891/1258 1231/892/1258
f 1227/885/1259 1242/909/1259 1243/893/1259
f 1236/888/1260 1235/886/1260 1250/894/1260
f 1228/887/1261 1243/893/1261 1244/896/1261
f 1237/890/1262 1236/888/1262 1251/895/1262
f 1229/889/1263 1244/896/1263 1245/898/1263
f 1238/876/1264 1237/890/1264 1252/897/1264
f 1230/891/1265 1245/898/1265 1246/900/1265
f 1239/877/1266 1238/876/1266 1253/899/1266
f 1231/892/1267 1246/900/1267 1247/902/1267
f 1240/879/1268 1239/877/1268 1254/901/1268
f 1232/878/1435 1247/902/1435 1248/904/1435
f 1234/884/1436 1233/880/1436 1248/904/1436
f 1226/882/1273 1241/906/1273 1242/909/1273
f 1235/886/1274 1234/884/1274 1249/908/1274
f 1246/900/1275 1261/926/1275 1262/910/1275
f 1255/903/1276 1254/901/1276 1269/911/1276
f 1247/902/1277 1262/910/1277 1263/913/1277
f 1249/908/1280 1248/904/1280 1263/913/1280
f 1241/906/1281 1256/915/1281 1257/918/1281
f 1250/894/1282 1249/908/1282 1264/917/1282
f 1242/909/1283 1257/918/1283 1258/920/1283
f 1251/895/1284 1250/894/1284 1265/919/1284
f 1243/893/1285 1258/920/1285 1259/922/1285
f 1252/897/1286 1251/895/1286 1266/921/1286
f 1244/896/1287 1259/922/1287 1260/924/1287
f 1253/899/1288 1252/897/1288 1267/923/1288
f 1245/898/1289 1260/924/1289 1261/926/1289
f 1254/901/1290 1253/899/1290 1268/925/1290
f 1266/921/1291 1265/919/1291 1275/370/1291
f 1258/920/1292 799/401/1292 1273/373/1292
f 1267/923/1293 1266/921/1293 804/372/1293
f 1259/922/1294 1273/373/1294 800/378/1294
f 1268/925/1295 1267/923/1295 1276/377/1295
f 1260/924/1296 800/378/1296 1274/382/1296
f 1269/911/1297 1268/925/1297 1277/381/1297
f 1261/926/1298 1274/382/1298 801/386/1298
f 1270/912/1299 1269/911/1299 1278/385/1299
f 1262/910/1300 801/386/1300 802/390/1300
f 1264/917/1303 1263/913/1303 802/390/1303
f 1256/915/1304 1271/392/1304 1272/398/1304
f 1265/919/1305 1264/917/1305 803/397/1305
f 1257/918/1306 1272/398/1306 799/401/1306
