# Blender 5.0.1
# www.blender.org
mtllib Ttile_Bat.mtl
o テキスト
v -12.780264 0.582635 -0.392039
v -12.756849 0.628795 -0.392039
v -12.742775 0.655850 -0.392039
v -12.727627 0.684293 -0.392039
v -12.711588 0.713732 -0.392039
v -12.694839 0.743778 -0.392039
v -12.677567 0.774041 -0.392039
v -12.659950 0.804130 -0.392039
v -12.642176 0.833654 -0.392039
v -12.624434 0.862219 -0.392039
v -12.606913 0.889428 -0.392039
v -12.589809 0.914875 -0.392039
v -12.555683 0.963083 -0.392039
v -12.731808 1.039513 -0.392039
v -12.759153 0.999420 -0.392039
v -12.776070 0.973854 -0.392039
v -12.793636 0.946606 -0.392039
v -12.811647 0.918029 -0.392039
v -12.829885 0.888479 -0.392039
v -12.848133 0.858314 -0.392039
v -12.866175 0.827894 -0.392039
v -12.883793 0.797575 -0.392039
v -12.900772 0.767718 -0.392039
v -12.916893 0.738677 -0.392039
v -12.931948 0.710805 -0.392039
v -12.957701 0.661496 -0.392039
v -13.054960 0.683038 -0.392039
v -13.030315 0.730543 -0.392039
v -13.015438 0.758455 -0.392039
v -12.999710 0.787225 -0.392039
v -12.983271 0.816555 -0.392039
v -12.966259 0.846152 -0.392039
v -12.948816 0.875718 -0.392039
v -12.931082 0.904959 -0.392039
v -12.913202 0.933578 -0.392039
v -12.895315 0.961277 -0.392039
v -12.877571 0.987754 -0.392039
v -12.860117 1.012706 -0.392039
v -12.824696 1.060868 -0.392039
v -13.001192 1.137462 -0.392039
v -13.029270 1.096954 -0.392039
v -13.046999 1.070739 -0.392039
v -13.065456 1.042843 -0.392039
v -13.084368 1.013679 -0.392039
v -13.103445 0.983664 -0.392039
v -13.122408 0.953215 -0.392039
v -13.140968 0.922749 -0.392039
v -13.158848 0.892680 -0.392039
v -13.175758 0.863417 -0.392039
v -13.191423 0.835367 -0.392039
v -13.205570 0.808918 -0.392039
v -13.229269 0.761971 -0.392039
v -11.941046 0.621831 -0.392039
v -12.563597 0.621831 -0.392039
v -12.579523 0.621981 -0.392039
v -12.594788 0.622426 -0.392039
v -12.609488 0.623165 -0.392039
v -12.623617 0.624195 -0.392039
v -12.637157 0.625513 -0.392039
v -12.650099 0.627116 -0.392039
v -12.662426 0.628998 -0.392039
v -12.674124 0.631153 -0.392039
v -12.685183 0.633573 -0.392039
v -12.695583 0.636250 -0.392039
v -12.705313 0.639172 -0.392039
v -12.725811 0.646316 -0.392039
v -12.917545 0.530113 -0.392039
v -12.901272 0.500730 -0.392039
v -12.896374 0.491390 -0.392039
v -12.891350 0.481346 -0.392039
v -12.886272 0.470751 -0.392039
v -12.881214 0.459759 -0.392039
v -12.876236 0.448517 -0.392039
v -12.871407 0.437174 -0.392039
v -12.866791 0.425879 -0.392039
v -12.862452 0.414780 -0.392039
v -12.858452 0.404028 -0.392039
v -12.854855 0.393783 -0.392039
v -12.851767 0.384317 -0.392039
v -12.833498 0.320799 -0.392039
v -12.811550 0.253520 -0.392039
v -12.786221 0.183836 -0.392039
v -12.757557 0.112239 -0.392039
v -12.725605 0.039227 -0.392039
v -12.690411 -0.034702 -0.392039
v -12.652020 -0.109045 -0.392039
v -12.610476 -0.183299 -0.392039
v -12.565823 -0.256962 -0.392039
v -12.518103 -0.329527 -0.392039
v -12.467356 -0.400490 -0.392039
v -12.413624 -0.469340 -0.392039
v -12.355642 -0.537131 -0.392039
v -12.294344 -0.602843 -0.392039
v -12.229374 -0.666489 -0.392039
v -12.160421 -0.728046 -0.392039
v -12.087173 -0.787493 -0.392039
v -12.009315 -0.844810 -0.392039
v -11.926542 -0.899981 -0.392039
v -11.838543 -0.952991 -0.392039
v -11.745003 -1.003830 -0.392039
v -11.645617 -1.052490 -0.392039
v -11.540068 -1.098965 -0.392039
v -11.414295 -1.148682 -0.392039
v -11.192503 -0.948156 -0.392039
v -11.342344 -0.900516 -0.392039
v -11.445192 -0.862511 -0.392039
v -11.542431 -0.821218 -0.392039
v -11.634283 -0.776799 -0.392039
v -11.720974 -0.729413 -0.392039
v -11.802727 -0.679219 -0.392039
v -11.879766 -0.626373 -0.392039
v -11.952314 -0.571028 -0.392039
v -12.020597 -0.513336 -0.392039
v -12.084827 -0.453448 -0.392039
v -12.145227 -0.391514 -0.392039
v -12.201965 -0.327737 -0.392039
v -12.247599 -0.271023 -0.392039
v -12.291569 -0.210944 -0.392039
v -12.333635 -0.148160 -0.392039
v -12.373547 -0.083351 -0.392039
v -12.411058 -0.017194 -0.392039
v -12.445927 0.049631 -0.392039
v -12.477909 0.116442 -0.392039
v -12.506773 0.182558 -0.392039
v -12.532276 0.247288 -0.392039
v -12.554192 0.309937 -0.392039
v -12.572279 0.369796 -0.392039
v -12.578909 0.396408 -0.392039
v -11.796909 0.396408 -0.392039
v -11.765568 0.353879 -0.392039
v -11.724388 0.300901 -0.392039
v -11.680853 0.247864 -0.392039
v -11.634912 0.194949 -0.392039
v -11.586523 0.142334 -0.392039
v -11.535643 0.090200 -0.392039
v -11.482225 0.038729 -0.392039
v -11.426229 -0.011900 -0.392039
v -11.367609 -0.061505 -0.392039
v -11.306324 -0.109905 -0.392039
v -11.242331 -0.156917 -0.392039
v -11.161686 -0.211821 -0.392039
v -10.947184 -0.055542 -0.392039
v -11.079029 0.028523 -0.392039
v -11.172562 0.096366 -0.392039
v -11.258898 0.166874 -0.392039
v -11.338209 0.239208 -0.392039
v -11.410673 0.312527 -0.392039
v -11.476458 0.385988 -0.392039
v -11.535738 0.458745 -0.392039
v -11.588684 0.529949 -0.392039
v -11.635464 0.598750 -0.392039
v -11.676252 0.664293 -0.392039
v -11.711210 0.725720 -0.392039
v -11.740797 0.782715 -0.392039
v -11.747072 0.794457 -0.392039
v -11.753553 0.807422 -0.392039
v -11.760361 0.821826 -0.392039
v -11.767349 0.837395 -0.392039
v -11.774391 0.853867 -0.392039
v -11.781353 0.870986 -0.392039
v -11.788113 0.888495 -0.392039
v -11.794548 0.906141 -0.392039
v -11.800531 0.923664 -0.392039
v -11.805941 0.940799 -0.392039
v -11.810652 0.957273 -0.392039
v -11.821125 0.999006 -0.392039
v -12.100677 0.904809 -0.392039
v -12.074989 0.862465 -0.392039
v -12.065105 0.845761 -0.392039
v -12.055161 0.828610 -0.392039
v -12.045250 0.811225 -0.392039
v -12.035460 0.793811 -0.392039
v -12.025873 0.776577 -0.392039
v -12.016581 0.759729 -0.392039
v -12.007669 0.743472 -0.392039
v -11.999220 0.728005 -0.392039
v -11.991316 0.713529 -0.392039
v -11.984035 0.700242 -0.392039
v -11.977516 0.688434 -0.392039
v -9.424875 0.148527 -0.392039
v -9.373484 0.200255 -0.392039
v -9.332998 0.239060 -0.392039
v -9.286915 0.281663 -0.392039
v -9.236345 0.327071 -0.392039
v -9.182383 0.374309 -0.392039
v -9.126116 0.422407 -0.392039
v -9.068632 0.470403 -0.392039
v -9.011013 0.517333 -0.392039
v -8.954350 0.562232 -0.392039
v -8.899734 0.604130 -0.392039
v -8.848284 0.642053 -0.392039
v -8.777637 0.691435 -0.392039
v -8.950935 0.876895 -0.392039
v -9.014742 0.833335 -0.392039
v -9.066078 0.796575 -0.392039
v -9.120951 0.755836 -0.392039
v -9.178301 0.711990 -0.392039
v -9.237051 0.665916 -0.392039
v -9.296120 0.618494 -0.392039
v -9.354420 0.570610 -0.392039
v -9.410872 0.523146 -0.392039
v -9.464390 0.476980 -0.392039
v -9.513897 0.432985 -0.392039
v -9.558332 0.392017 -0.392039
v -9.614231 0.337881 -0.392039
v -9.802378 -0.357196 -0.392039
v -9.890505 -0.291460 -0.392039
v -9.974903 -0.221818 -0.392039
v -10.055292 -0.148917 -0.392039
v -10.131386 -0.073407 -0.392039
v -10.202902 0.004059 -0.392039
v -10.269554 0.082827 -0.392039
v -10.331064 0.162239 -0.392039
v -10.387150 0.241633 -0.392039
v -10.437531 0.320342 -0.392039
v -10.481930 0.397693 -0.392039
v -10.541075 0.514476 -0.392039
v -10.688051 0.254207 -0.392039
v -10.636732 0.164606 -0.392039
v -10.587175 0.086003 -0.392039
v -10.532854 0.007204 -0.392039
v -10.473886 -0.071356 -0.392039
v -10.410398 -0.149243 -0.392039
v -10.342508 -0.226021 -0.392039
v -10.270346 -0.301252 -0.392039
v -10.194025 -0.374495 -0.392039
v -10.113672 -0.445310 -0.392039
v -10.029404 -0.513254 -0.392039
v -9.941345 -0.577882 -0.392039
v -9.849762 -0.638655 -0.392039
v -9.786482 -0.677490 -0.392039
v -9.720428 -0.715813 -0.392039
v -9.651367 -0.753462 -0.392039
v -9.579197 -0.790193 -0.392039
v -9.503820 -0.825764 -0.392039
v -9.425138 -0.859930 -0.392039
v -9.343052 -0.892450 -0.392039
v -9.257462 -0.923081 -0.392039
v -9.168270 -0.951580 -0.392039
v -9.075382 -0.977707 -0.392039
v -8.978701 -1.001220 -0.392039
v -8.862143 -1.025161 -0.392039
v -8.702963 -0.778887 -0.392039
v -8.844147 -0.755122 -0.392039
v -8.943632 -0.734395 -0.392039
v -9.038710 -0.710757 -0.392039
v -9.129475 -0.684519 -0.392039
v -9.216013 -0.655994 -0.392039
v -9.298416 -0.625491 -0.392039
v -9.376772 -0.593321 -0.392039
v -9.451168 -0.559795 -0.392039
v -9.521696 -0.525221 -0.392039
v -9.588446 -0.489909 -0.392039
v -9.651501 -0.454168 -0.392039
v -9.710724 -0.418442 -0.392039
v -7.173611 0.108122 -0.392039
v -7.230371 0.146505 -0.392039
v -7.286226 0.186633 -0.392039
v -7.340837 0.228142 -0.392039
v -7.393875 0.270670 -0.392039
v -7.445004 0.313852 -0.392039
v -7.493891 0.357325 -0.392039
v -7.540205 0.400720 -0.392039
v -7.583612 0.443667 -0.392039
v -7.623777 0.485791 -0.392039
v -7.660360 0.526710 -0.392039
v -7.710247 0.586765 -0.392039
v -7.898481 0.404603 -0.392039
v -7.849407 0.352205 -0.392039
v -7.813271 0.315635 -0.392039
v -7.774090 0.277824 -0.392039
v -7.732098 0.239029 -0.392039
v -7.687531 0.199512 -0.392039
v -7.640631 0.159535 -0.392039
v -7.591637 0.119366 -0.392039
v -7.540791 0.079270 -0.392039
v -7.488331 0.039516 -0.392039
v -7.434500 0.000373 -0.392039
v -7.379539 -0.037890 -0.392039
v -7.334864 -0.067577 -0.392039
v -7.334866 -0.926696 -0.392039
v -7.334919 -0.946042 -0.392039
v -7.335091 -0.966066 -0.392039
v -7.335398 -0.986496 -0.392039
v -7.335855 -1.007030 -0.392039
v -7.336481 -1.027361 -0.392039
v -7.337290 -1.047178 -0.392039
v -7.338295 -1.066167 -0.392039
v -7.339510 -1.084003 -0.392039
v -7.340944 -1.100345 -0.392039
v -7.342596 -1.114820 -0.392039
v -7.344439 -1.126988 -0.392039
v -7.352751 -1.166856 -0.392039
v -7.069824 -1.166856 -0.392039
v -7.074030 -1.128870 -0.392039
v -7.075197 -1.115997 -0.392039
v -7.076347 -1.101055 -0.392039
v -7.077452 -1.084391 -0.392039
v -7.078493 -1.066330 -0.392039
v -7.079453 -1.047185 -0.392039
v -7.080309 -1.027266 -0.392039
v -7.081049 -1.006876 -0.392039
v -7.081654 -0.986322 -0.392039
v -7.082106 -0.965909 -0.392039
v -7.082390 -0.945945 -0.392039
v -7.082489 -0.926668 -0.392039
v -7.082489 -0.217519 -0.392039
v -7.065193 -0.226613 -0.392039
v -7.008865 -0.255173 -0.392039
v -6.949873 -0.284032 -0.392039
v -6.888508 -0.312987 -0.392039
v -6.825060 -0.341836 -0.392039
v -6.759827 -0.370378 -0.392039
v -6.693098 -0.398409 -0.392039
v -6.625172 -0.425727 -0.392039
v -6.556335 -0.452128 -0.392039
v -6.486883 -0.477409 -0.392039
v -6.417109 -0.501366 -0.392039
v -6.327761 -0.530074 -0.392039
v -6.211134 -0.302955 -0.392040
v -6.321938 -0.274548 -0.392040
v -6.403477 -0.250412 -0.392039
v -6.485270 -0.223294 -0.392039
v -6.566605 -0.193695 -0.392039
v -6.646772 -0.162118 -0.392039
v -6.725071 -0.129066 -0.392039
v -6.800797 -0.095046 -0.392039
v -6.873245 -0.060563 -0.392039
v -6.941715 -0.026126 -0.392039
v -7.005499 0.007754 -0.392039
v -7.063887 0.040560 -0.392039
v -7.116209 0.071797 -0.392039
v -4.002660 0.259193 -0.392040
v -4.102918 0.259193 -0.392040
v -4.236169 0.259193 -0.392040
v -4.394101 0.259193 -0.392040
v -4.568402 0.259193 -0.392040
v -4.750761 0.259193 -0.392040
v -4.932863 0.259193 -0.392040
v -5.106400 0.259193 -0.392040
v -5.263056 0.259193 -0.392040
v -5.394522 0.259193 -0.392040
v -5.492481 0.259193 -0.392040
v -5.548578 0.259193 -0.392040
v -5.561880 0.259247 -0.392040
v -5.576176 0.259417 -0.392040
v -5.591330 0.259722 -0.392040
v -5.607159 0.260178 -0.392040
v -5.623478 0.260801 -0.392040
v -5.640102 0.261608 -0.392040
v -5.656847 0.262614 -0.392040
v -5.673527 0.263834 -0.392040
v -5.689945 0.265282 -0.392040
v -5.705915 0.266971 -0.392040
v -5.721233 0.268912 -0.392040
v -5.764250 0.275450 -0.392040
v -5.764250 0.017972 -0.392040
v -5.724754 0.019701 -0.392040
v -5.709997 0.020301 -0.392040
v -5.694527 0.020884 -0.392040
v -5.678493 0.021441 -0.392040
v -5.662052 0.021965 -0.392040
v -5.645359 0.022446 -0.392040
v -5.628569 0.022877 -0.392040
v -5.611837 0.023248 -0.392040
v -5.595322 0.023551 -0.392040
v -5.579176 0.023777 -0.392040
v -5.563560 0.023919 -0.392040
v -5.548586 0.023969 -0.392040
v -4.905733 0.023969 -0.392040
v -4.904112 -0.018048 -0.392040
v -4.900137 -0.082206 -0.392040
v -4.894629 -0.144696 -0.392040
v -4.887480 -0.205522 -0.392040
v -4.878595 -0.264685 -0.392040
v -4.867872 -0.322187 -0.392040
v -4.855207 -0.378028 -0.392040
v -4.840498 -0.432204 -0.392040
v -4.823641 -0.484710 -0.392040
v -4.804531 -0.535539 -0.392040
v -4.783069 -0.584679 -0.392040
v -4.759136 -0.632145 -0.392040
v -4.734320 -0.674715 -0.392040
v -4.705621 -0.717428 -0.392040
v -4.673380 -0.759929 -0.392040
v -4.637859 -0.801976 -0.392040
v -4.599313 -0.843316 -0.392040
v -4.558000 -0.883689 -0.392040
v -4.514173 -0.922833 -0.392040
v -4.468083 -0.960478 -0.392040
v -4.419988 -0.996354 -0.392040
v -4.370133 -1.030188 -0.392040
v -4.318771 -1.061702 -0.392040
v -4.252903 -1.097897 -0.392040
v -4.025167 -0.928633 -0.392040
v -4.110571 -0.891006 -0.392040
v -4.156085 -0.868172 -0.392040
v -4.200580 -0.843079 -0.392040
v -4.243815 -0.815906 -0.392040
v -4.285551 -0.786839 -0.392040
v -4.325547 -0.756063 -0.392040
v -4.363567 -0.723768 -0.392040
v -4.399373 -0.690143 -0.392040
v -4.432732 -0.655385 -0.392040
v -4.463409 -0.619691 -0.392040
v -4.491178 -0.583262 -0.392040
v -4.515862 -0.546234 -0.392040
v -4.540361 -0.504028 -0.392040
v -4.561790 -0.460508 -0.392040
v -4.580406 -0.415576 -0.392040
v -4.596419 -0.369238 -0.392040
v -4.610022 -0.321508 -0.392040
v -4.621409 -0.272405 -0.392040
v -4.630780 -0.221957 -0.392040
v -4.638327 -0.170194 -0.392040
v -4.644250 -0.117152 -0.392040
v -4.648750 -0.062868 -0.392040
v -4.652030 -0.007381 -0.392040
v -4.653284 0.023969 -0.392040
v -3.943712 0.023969 -0.392040
v -3.925399 0.023966 -0.392040
v -3.907209 0.023946 -0.392040
v -3.889146 0.023892 -0.392040
v -3.871207 0.023788 -0.392040
v -3.853396 0.023616 -0.392040
v -3.835712 0.023360 -0.392040
v -3.818154 0.023003 -0.392040
v -3.800725 0.022528 -0.392040
v -3.783422 0.021920 -0.392040
v -3.766249 0.021162 -0.392040
v -3.749204 0.020237 -0.392040
v -3.706035 0.017412 -0.392040
v -3.706035 0.274126 -0.392040
v -3.750150 0.269536 -0.392040
v -3.767166 0.267878 -0.392040
v -3.784218 0.266338 -0.392040
v -3.801332 0.264927 -0.392040
v -3.818535 0.263650 -0.392040
v -3.835855 0.262517 -0.392040
v -3.853316 0.261536 -0.392040
v -3.870948 0.260715 -0.392040
v -3.888777 0.260062 -0.392040
v -3.906828 0.259585 -0.392040
v -3.925129 0.259293 -0.392040
v -3.943775 0.259193 -0.392040
v -4.291897 0.871757 -0.392040
v -4.358585 0.871757 -0.392040
v -4.441150 0.871757 -0.392040
v -4.535582 0.871757 -0.392040
v -4.637877 0.871757 -0.392040
v -4.744024 0.871757 -0.392040
v -4.850019 0.871757 -0.392040
v -4.951853 0.871757 -0.392040
v -5.045521 0.871757 -0.392040
v -5.127012 0.871757 -0.392040
v -5.192324 0.871757 -0.392040
v -5.237373 0.871757 -0.392040
v -5.254707 0.871858 -0.392040
v -5.272673 0.872160 -0.392040
v -5.291214 0.872664 -0.392040
v -5.310194 0.873369 -0.392040
v -5.329483 0.874277 -0.392040
v -5.348946 0.875386 -0.392040
v -5.368450 0.876696 -0.392040
v -5.387867 0.878207 -0.392040
v -5.407061 0.879917 -0.392040
v -5.425900 0.881826 -0.392040
v -5.444246 0.883930 -0.392040
v -5.489820 0.889843 -0.392040
v -5.489822 0.632438 -0.392040
v -5.445765 0.635302 -0.392040
v -5.427370 0.636364 -0.392040
v -5.408552 0.637326 -0.392040
v -5.389418 0.638187 -0.392040
v -5.370071 0.638948 -0.392040
v -5.350616 0.639607 -0.392040
v -5.331156 0.640165 -0.392040
v -5.311798 0.640622 -0.392040
v -5.292643 0.640977 -0.392040
v -5.273796 0.641230 -0.392040
v -5.255363 0.641382 -0.392040
v -5.237410 0.641433 -0.392040
v -5.192324 0.641433 -0.392040
v -5.127024 0.641433 -0.392040
v -5.045559 0.641433 -0.392040
v -4.951944 0.641433 -0.392040
v -4.850197 0.641433 -0.392040
v -4.744330 0.641433 -0.392040
v -4.638363 0.641433 -0.392040
v -4.536308 0.641433 -0.392040
v -4.442183 0.641433 -0.392040
v -4.360003 0.641433 -0.392040
v -4.293785 0.641433 -0.392040
v -4.247572 0.641433 -0.392040
v -4.227462 0.641383 -0.392040
v -4.207453 0.641230 -0.392040
v -4.187581 0.640977 -0.392040
v -4.167918 0.640622 -0.392040
v -4.148534 0.640166 -0.392040
v -4.129495 0.639608 -0.392040
v -4.110876 0.638950 -0.392040
v -4.092743 0.638191 -0.392040
v -4.075170 0.637332 -0.392040
v -4.058228 0.636373 -0.392040
v -4.041988 0.635316 -0.392040
v -4.000066 0.632183 -0.392040
v -4.000065 0.889201 -0.392040
v -4.044379 0.884491 -0.392040
v -4.061755 0.882692 -0.392040
v -4.079303 0.880947 -0.392040
v -4.097022 0.879280 -0.392040
v -4.114915 0.877717 -0.392040
v -4.132981 0.876283 -0.392040
v -4.151223 0.875002 -0.392040
v -4.169641 0.873900 -0.392040
v -4.188235 0.872999 -0.392040
v -4.207006 0.872326 -0.392040
v -4.225956 0.871904 -0.392040
v -4.245184 0.871757 -0.392040
v -2.226439 -0.164719 -0.392040
v -2.211181 -0.108058 -0.392040
v -2.199730 -0.070140 -0.392040
v -2.185622 -0.026441 -0.392040
v -2.169418 0.021546 -0.392040
v -2.151667 0.072379 -0.392040
v -2.132911 0.124639 -0.392040
v -2.113692 0.176911 -0.392040
v -2.094552 0.227787 -0.392040
v -2.076034 0.275855 -0.392040
v -2.058683 0.319693 -0.392040
v -2.043055 0.357861 -0.392040
v -2.019164 0.413474 -0.392040
v -2.244834 0.490759 -0.392040
v -2.265640 0.440375 -0.392040
v -2.280376 0.403328 -0.392040
v -2.297188 0.360031 -0.392040
v -2.315517 0.311972 -0.392040
v -2.334792 0.260661 -0.392040
v -2.354440 0.207619 -0.392040
v -2.373883 0.154367 -0.392040
v -2.392550 0.102426 -0.392040
v -2.409865 0.053312 -0.392040
v -2.425261 0.008527 -0.392040
v -2.438177 -0.030458 -0.392040
v -2.454967 -0.084425 -0.392040
v -3.087487 0.126739 -0.392040
v -3.068188 0.059323 -0.392040
v -3.047002 -0.007590 -0.392040
v -3.023813 -0.073880 -0.392040
v -2.998507 -0.139428 -0.392040
v -2.970969 -0.204111 -0.392040
v -2.941083 -0.267807 -0.392040
v -2.908733 -0.330395 -0.392040
v -2.873807 -0.391750 -0.392040
v -2.836186 -0.451747 -0.392040
v -2.795761 -0.510259 -0.392040
v -2.752491 -0.567061 -0.392040
v -2.693954 -0.638120 -0.392040
v -2.632540 -0.705130 -0.392040
v -2.568730 -0.767999 -0.392040
v -2.502869 -0.826788 -0.392040
v -2.435300 -0.881560 -0.392040
v -2.366369 -0.932380 -0.392040
v -2.296420 -0.979311 -0.392040
v -2.225793 -1.022418 -0.392040
v -2.154829 -1.061765 -0.392040
v -2.083864 -1.097415 -0.392040
v -2.013238 -1.129433 -0.392040
v -1.928546 -1.163875 -0.392040
v -1.727386 -0.959666 -0.392040
v -1.836266 -0.924737 -0.392040
v -1.907351 -0.898040 -0.392040
v -1.978656 -0.867350 -0.392040
v -2.049687 -0.832798 -0.392040
v -2.119959 -0.794515 -0.392040
v -2.188981 -0.752637 -0.392040
v -2.256271 -0.707301 -0.392040
v -2.321346 -0.658646 -0.392040
v -2.383726 -0.606813 -0.392040
v -2.442931 -0.551943 -0.392040
v -2.498487 -0.494182 -0.392040
v -2.550057 -0.433520 -0.392040
v -2.591775 -0.379254 -0.392040
v -2.631437 -0.321304 -0.392040
v -2.668951 -0.259905 -0.392040
v -2.704147 -0.195397 -0.392040
v -2.736859 -0.128117 -0.392040
v -2.766924 -0.058406 -0.392040
v -2.794183 0.013399 -0.392040
v -2.818477 0.086955 -0.392040
v -2.839648 0.161924 -0.392040
v -2.857546 0.237966 -0.392040
v -2.872016 0.314738 -0.392040
v -2.887026 0.421088 -0.392040
v -3.148993 0.338843 -0.392040
v -3.137150 0.302752 -0.392040
v -3.133355 0.290831 -0.392040
v -3.129807 0.279368 -0.392040
v -3.126480 0.268341 -0.392040
v -3.123348 0.257727 -0.392040
v -3.120384 0.247506 -0.392040
v -3.117562 0.237657 -0.392040
v -3.114857 0.228155 -0.392040
v -3.112238 0.218979 -0.392040
v -3.109680 0.210103 -0.392040
v -3.107156 0.201507 -0.392040
v -3.104816 0.193772 -0.392040
v -1.683497 -0.316689 -0.392040
v -1.664834 -0.256325 -0.392040
v -1.650440 -0.213669 -0.392040
v -1.633211 -0.165293 -0.392040
v -1.613811 -0.112882 -0.392040
v -1.592902 -0.058082 -0.392040
v -1.571136 -0.002525 -0.392040
v -1.549170 0.052164 -0.392040
v -1.527658 0.104355 -0.392040
v -1.507257 0.152414 -0.392040
v -1.488640 0.194681 -0.392040
v -1.472519 0.229425 -0.392040
v -1.447176 0.279527 -0.392040
v -1.675281 0.368919 -0.392040
v -1.698726 0.316905 -0.392040
v -1.715353 0.278468 -0.392040
v -1.734097 0.233985 -0.392040
v -1.754428 0.184829 -0.392040
v -1.775802 0.132399 -0.392040
v -1.797669 0.078104 -0.392040
v -1.819486 0.023357 -0.392040
v -1.840695 -0.030428 -0.392040
v -1.860750 -0.081838 -0.392040
v -1.879102 -0.129462 -0.392040
v -1.895205 -0.171898 -0.392040
v -1.917011 -0.230657 -0.392040
v 0.379936 0.667336 -0.392040
v 0.390524 0.628527 -0.392040
v 0.394439 0.614146 -0.392040
v 0.398449 0.599313 -0.392040
v 0.402503 0.584148 -0.392040
v 0.406550 0.568771 -0.392040
v 0.410541 0.553302 -0.392040
v 0.414422 0.537864 -0.392040
v 0.418143 0.522580 -0.392040
v 0.421652 0.507575 -0.392040
v 0.424897 0.492980 -0.392040
v 0.427827 0.478924 -0.392040
v 0.430516 0.464883 -0.392040
v 0.440254 0.422218 -0.392040
v 0.451940 0.372240 -0.392040
v 0.465538 0.315703 -0.392040
v 0.480931 0.253730 -0.392040
v 0.498000 0.187439 -0.392040
v 0.516629 0.117948 -0.392040
v 0.536703 0.046375 -0.392040
v 0.558105 -0.026168 -0.392040
v 0.580725 -0.098570 -0.392040
v 0.604452 -0.169727 -0.392040
v 0.629184 -0.238540 -0.392040
v 0.654744 -0.303719 -0.392040
v 0.678430 -0.361006 -0.392040
v 0.703728 -0.419117 -0.392040
v 0.730507 -0.477756 -0.392040
v 0.758641 -0.536640 -0.392040
v 0.788007 -0.595485 -0.392040
v 0.818477 -0.654007 -0.392040
v 0.849930 -0.711921 -0.392040
v 0.882238 -0.768944 -0.392040
v 0.915281 -0.824791 -0.392040
v 0.948936 -0.879179 -0.392040
v 0.983077 -0.931824 -0.392040
v 1.028728 -0.998778 -0.392040
v 1.284062 -0.890637 -0.392040
v 1.227651 -0.814013 -0.392040
v 1.190634 -0.760753 -0.392040
v 1.154528 -0.705942 -0.392040
v 1.119460 -0.649954 -0.392040
v 1.085557 -0.593161 -0.392040
v 1.052941 -0.535933 -0.392040
v 1.021740 -0.478643 -0.392040
v 0.992073 -0.421662 -0.392040
v 0.964065 -0.365362 -0.392040
v 0.937837 -0.310116 -0.392040
v 0.913512 -0.256299 -0.392040
v 0.891230 -0.204319 -0.392040
v 0.865204 -0.139405 -0.392040
v 0.839501 -0.070209 -0.392040
v 0.814348 0.002590 -0.392040
v 0.789989 0.078250 -0.392040
v 0.766672 0.156034 -0.392040
v 0.744638 0.235206 -0.392040
v 0.724126 0.315029 -0.392040
v 0.705380 0.394767 -0.392040
v 0.688641 0.473682 -0.392040
v 0.674143 0.551032 -0.392040
v 0.662127 0.626072 -0.392040
v 0.649361 0.724854 -0.392040
v -0.528807 0.531102 -0.392040
v -0.505499 0.578001 -0.392040
v -0.491453 0.605345 -0.392040
v -0.476325 0.633958 -0.392040
v -0.460299 0.663478 -0.392040
v -0.443559 0.693549 -0.392040
v -0.426287 0.723812 -0.392040
v -0.408667 0.753913 -0.392040
v -0.390882 0.783493 -0.392040
v -0.373120 0.812195 -0.392040
v -0.355568 0.839658 -0.392040
v -0.338417 0.865518 -0.392040
v -0.304404 0.914604 -0.392040
v -0.480485 0.987695 -0.392040
v -0.507771 0.948697 -0.392040
v -0.524842 0.923426 -0.392040
v -0.542611 0.896324 -0.392040
v -0.560845 0.867768 -0.392040
v -0.579306 0.838135 -0.392040
v -0.597753 0.807808 -0.392040
v -0.615943 0.777169 -0.392040
v -0.633638 0.746601 -0.392040
v -0.650595 0.716482 -0.392040
v -0.666574 0.687190 -0.392040
v -0.681338 0.659095 -0.392040
v -0.706031 0.609868 -0.392040
v -0.803415 0.631642 -0.392040
v -0.778979 0.679792 -0.392040
v -0.764231 0.708035 -0.392040
v -0.748684 0.736995 -0.392040
v -0.732455 0.766411 -0.392040
v -0.715657 0.796022 -0.392040
v -0.698402 0.825568 -0.392040
v -0.680810 0.854786 -0.392040
v -0.662992 0.883416 -0.392040
v -0.645068 0.911193 -0.392040
v -0.627161 0.937852 -0.392040
v -0.609392 0.963124 -0.392040
v -0.573003 1.012228 -0.392040
v -0.749639 1.085549 -0.392040
v -0.778222 1.046415 -0.392040
v -0.796413 1.020373 -0.392040
v -0.815165 0.992542 -0.392040
v -0.834238 0.963351 -0.392040
v -0.853391 0.933236 -0.392040
v -0.872375 0.902636 -0.392040
v -0.890944 0.871993 -0.392040
v -0.908849 0.841746 -0.392040
v -0.925837 0.812337 -0.392040
v -0.941664 0.784204 -0.392040
v -0.956082 0.757775 -0.392040
v -0.980906 0.710527 -0.392040
v -0.191862 0.749585 -0.392040
v -0.227417 0.684004 -0.392040
v -0.255307 0.630440 -0.392040
v -0.284830 0.571865 -0.392040
v -0.315607 0.509091 -0.392040
v -0.347254 0.442938 -0.392040
v -0.379386 0.374229 -0.392040
v -0.411615 0.303790 -0.392040
v -0.443554 0.232449 -0.392040
v -0.474814 0.161031 -0.392040
v -0.505006 0.090365 -0.392040
v -0.533742 0.021273 -0.392040
v -0.560566 -0.045249 -0.392040
v -0.586284 -0.108593 -0.392040
v -0.612948 -0.176596 -0.392040
v -0.640157 -0.248084 -0.392040
v -0.667585 -0.322075 -0.392040
v -0.694903 -0.397583 -0.392040
v -0.721783 -0.473619 -0.392040
v -0.747894 -0.549194 -0.392040
v -0.772910 -0.623320 -0.392040
v -0.796500 -0.695009 -0.392040
v -0.818334 -0.763277 -0.392040
v -0.838086 -0.827144 -0.392040
v -0.862157 -0.908334 -0.392040
v -0.596537 -0.994884 -0.392040
v -0.573768 -0.905663 -0.392040
v -0.555588 -0.839103 -0.392040
v -0.535680 -0.770162 -0.392040
v -0.514258 -0.699372 -0.392040
v -0.491538 -0.627260 -0.392040
v -0.467733 -0.554352 -0.392040
v -0.443060 -0.481174 -0.392040
v -0.417729 -0.408249 -0.392040
v -0.391955 -0.336101 -0.392040
v -0.365954 -0.265253 -0.392040
v -0.339938 -0.196228 -0.392040
v -0.314108 -0.129510 -0.392040
v -0.288655 -0.064892 -0.392040
v -0.261395 0.002511 -0.392040
v -0.232637 0.071876 -0.392040
v -0.202708 0.142337 -0.392040
v -0.171934 0.213028 -0.392040
v -0.140644 0.283081 -0.392040
v -0.109162 0.351629 -0.392040
v -0.077821 0.417802 -0.392040
v -0.046950 0.480725 -0.392040
v -0.016889 0.539519 -0.392040
v 0.012015 0.593291 -0.392040
v 0.054480 0.667471 -0.392040
v 2.826406 0.148527 -0.392040
v 2.877798 0.200255 -0.392040
v 2.918285 0.239059 -0.392040
v 2.964369 0.281663 -0.392040
v 3.014939 0.327071 -0.392040
v 3.068900 0.374309 -0.392040
v 3.125167 0.422407 -0.392040
v 3.182652 0.470403 -0.392040
v 3.240270 0.517333 -0.392040
v 3.296934 0.562232 -0.392040
v 3.351546 0.604130 -0.392040
v 3.402998 0.642053 -0.392040
v 3.473646 0.691434 -0.392040
v 3.300347 0.876895 -0.392040
v 3.236537 0.833335 -0.392040
v 3.185201 0.796575 -0.392040
v 3.130328 0.755836 -0.392040
v 3.072979 0.711990 -0.392040
v 3.014230 0.665916 -0.392040
v 2.955162 0.618494 -0.392040
v 2.896859 0.570610 -0.392040
v 2.840408 0.523146 -0.392040
v 2.786892 0.476980 -0.392040
v 2.737385 0.432985 -0.392040
v 2.692949 0.392017 -0.392040
v 2.637051 0.337881 -0.392040
v 2.448903 -0.357196 -0.392040
v 2.360776 -0.291460 -0.392040
v 2.276376 -0.221818 -0.392040
v 2.195986 -0.148917 -0.392040
v 2.119893 -0.073407 -0.392040
v 2.048379 0.004059 -0.392040
v 1.981726 0.082827 -0.392040
v 1.920217 0.162239 -0.392040
v 1.864132 0.241633 -0.392040
v 1.813750 0.320342 -0.392040
v 1.769352 0.397693 -0.392040
v 1.710207 0.514476 -0.392040
v 1.563231 0.254207 -0.392040
v 1.614551 0.164606 -0.392040
v 1.664105 0.086003 -0.392040
v 1.718428 0.007204 -0.392040
v 1.777395 -0.071356 -0.392040
v 1.840884 -0.149243 -0.392040
v 1.908772 -0.226021 -0.392040
v 1.980938 -0.301252 -0.392040
v 2.057258 -0.374495 -0.392040
v 2.137611 -0.445310 -0.392040
v 2.221878 -0.513253 -0.392040
v 2.309936 -0.577882 -0.392040
v 2.401520 -0.638655 -0.392040
v 2.464800 -0.677490 -0.392040
v 2.530853 -0.715813 -0.392040
v 2.599916 -0.753462 -0.392040
v 2.672084 -0.790193 -0.392040
v 2.747460 -0.825764 -0.392040
v 2.826142 -0.859930 -0.392040
v 2.908229 -0.892450 -0.392040
v 2.993818 -0.923081 -0.392040
v 3.083009 -0.951580 -0.392040
v 3.175899 -0.977707 -0.392040
v 3.272583 -1.001220 -0.392040
v 3.389139 -1.025161 -0.392040
v 3.548316 -0.778887 -0.392040
v 3.407139 -0.755122 -0.392040
v 3.307655 -0.734395 -0.392040
v 3.212576 -0.710757 -0.392040
v 3.121812 -0.684519 -0.392040
v 3.035273 -0.655994 -0.392040
v 2.952870 -0.625491 -0.392040
v 2.874514 -0.593321 -0.392040
v 2.800115 -0.559795 -0.392040
v 2.729586 -0.525221 -0.392040
v 2.662838 -0.489909 -0.392040
v 2.599784 -0.454168 -0.392040
v 2.540560 -0.418442 -0.392040
v 5.651705 0.121979 -0.392041
v 5.562923 0.121979 -0.392041
v 5.451952 0.121979 -0.392041
v 5.324340 0.121979 -0.392041
v 5.185634 0.121979 -0.392041
v 5.041381 0.121979 -0.392040
v 4.897128 0.121979 -0.392040
v 4.758421 0.121979 -0.392040
v 4.630809 0.121979 -0.392040
v 4.519839 0.121979 -0.392040
v 4.431056 0.121979 -0.392040
v 4.370070 0.121979 -0.392040
v 4.340337 0.122125 -0.392040
v 4.312090 0.122542 -0.392040
v 4.285267 0.123194 -0.392040
v 4.259866 0.124048 -0.392040
v 4.235886 0.125071 -0.392040
v 4.213325 0.126229 -0.392040
v 4.192181 0.127488 -0.392040
v 4.172452 0.128815 -0.392040
v 4.154134 0.130175 -0.392040
v 4.137224 0.131537 -0.392040
v 4.121712 0.132866 -0.392040
v 4.080880 0.136522 -0.392040
v 4.080880 -0.156327 -0.392040
v 4.120216 -0.154099 -0.392040
v 4.135794 -0.153087 -0.392040
v 4.153196 -0.151894 -0.392040
v 4.172291 -0.150578 -0.392040
v 4.192934 -0.149198 -0.392040
v 4.214970 -0.147811 -0.392040
v 4.238245 -0.146478 -0.392040
v 4.262597 -0.145255 -0.392040
v 4.287867 -0.144202 -0.392040
v 4.313892 -0.143378 -0.392040
v 4.340509 -0.142841 -0.392040
v 4.367647 -0.142649 -0.392040
v 4.429122 -0.142649 -0.392040
v 4.518250 -0.142649 -0.392040
v 4.629431 -0.142649 -0.392040
v 4.757150 -0.142649 -0.392040
v 4.895896 -0.142649 -0.392040
v 5.040155 -0.142649 -0.392040
v 5.184414 -0.142649 -0.392041
v 5.323160 -0.142649 -0.392041
v 5.450880 -0.142649 -0.392041
v 5.562060 -0.142649 -0.392041
v 5.651188 -0.142649 -0.392041
v 5.712714 -0.142649 -0.392041
v 5.746166 -0.142749 -0.392041
v 5.779207 -0.143044 -0.392041
v 5.811704 -0.143526 -0.392041
v 5.843484 -0.144185 -0.392041
v 5.874374 -0.145013 -0.392041
v 5.904202 -0.146002 -0.392041
v 5.932793 -0.147142 -0.392041
v 5.959970 -0.148425 -0.392041
v 5.985559 -0.149841 -0.392041
v 6.009379 -0.151381 -0.392041
v 6.031244 -0.153033 -0.392041
v 6.077839 -0.157175 -0.392041
v 6.077839 0.135877 -0.392041
v 6.032264 0.132911 -0.392041
v 6.010651 0.131577 -0.392041
v 5.987040 0.130210 -0.392041
v 5.961599 0.128843 -0.392041
v 5.934502 0.127511 -0.392041
v 5.905917 0.126246 -0.392041
v 5.876014 0.125083 -0.392041
v 5.844967 0.124055 -0.392041
v 5.812945 0.123197 -0.392041
v 5.780122 0.122543 -0.392041
v 5.746668 0.122126 -0.392041
v 5.712698 0.121979 -0.392041
v 8.172971 -0.218210 -0.392041
v 8.159504 -0.149161 -0.392041
v 8.148306 -0.071952 -0.392041
v 8.139214 0.011589 -0.392041
v 8.132026 0.099697 -0.392041
v 8.126528 0.190636 -0.392041
v 8.122498 0.282690 -0.392041
v 8.119712 0.374155 -0.392041
v 8.117943 0.463331 -0.392041
v 8.116962 0.548529 -0.392041
v 8.116542 0.628062 -0.392041
v 8.116452 0.700152 -0.392041
v 8.116600 0.717803 -0.392041
v 8.117029 0.734599 -0.392041
v 8.117723 0.750691 -0.392041
v 8.118663 0.766142 -0.392041
v 8.119834 0.781017 -0.392041
v 8.121220 0.795381 -0.392041
v 8.122804 0.809301 -0.392041
v 8.124571 0.822842 -0.392041
v 8.126507 0.836070 -0.392041
v 8.128594 0.849050 -0.392041
v 8.130822 0.861849 -0.392041
v 8.138565 0.903611 -0.392041
v 7.856827 0.903611 -0.392041
v 7.860044 0.868515 -0.392041
v 7.861061 0.858440 -0.392041
v 7.862253 0.846960 -0.392041
v 7.863564 0.834186 -0.392041
v 7.864936 0.820249 -0.392041
v 7.866314 0.805294 -0.392041
v 7.867638 0.789468 -0.392041
v 7.868850 0.772924 -0.392041
v 7.869892 0.755817 -0.392041
v 7.870707 0.738304 -0.392041
v 7.871236 0.720546 -0.392041
v 7.871427 0.702521 -0.392041
v 7.871658 0.629586 -0.392041
v 7.872461 0.547798 -0.392041
v 7.873997 0.459163 -0.392041
v 7.876429 0.365519 -0.392041
v 7.879920 0.268704 -0.392041
v 7.884634 0.170551 -0.392041
v 7.890734 0.072890 -0.392041
v 7.898389 -0.022461 -0.392041
v 7.907771 -0.113695 -0.392041
v 7.919062 -0.199031 -0.392041
v 7.932465 -0.276740 -0.392041
v 7.948212 -0.345045 -0.392041
v 7.968756 -0.411562 -0.392041
v 7.992634 -0.476711 -0.392041
v 8.019797 -0.540561 -0.392041
v 8.050125 -0.602944 -0.392041
v 8.083498 -0.663691 -0.392041
v 8.119797 -0.722636 -0.392041
v 8.158905 -0.779610 -0.392041
v 8.200703 -0.834444 -0.392041
v 8.245075 -0.886969 -0.392041
v 8.291905 -0.937014 -0.392041
v 8.341078 -0.984410 -0.392041
v 8.406088 -1.040785 -0.392041
v 8.634002 -0.888842 -0.392041
v 8.556993 -0.830261 -0.392041
v 8.510364 -0.790211 -0.392041
v 8.466208 -0.747597 -0.392041
v 8.424576 -0.702592 -0.392041
v 8.385524 -0.655369 -0.392041
v 8.349104 -0.606103 -0.392041
v 8.315372 -0.554971 -0.392041
v 8.284378 -0.502148 -0.392041
v 8.256180 -0.447812 -0.392041
v 8.230827 -0.392143 -0.392041
v 8.208374 -0.335320 -0.392041
v 8.188922 -0.277665 -0.392041
v 7.479386 -0.712956 -0.392041
v 7.479386 -0.625428 -0.392041
v 7.479386 -0.507392 -0.392041
v 7.479386 -0.366257 -0.392041
v 7.479386 -0.209434 -0.392041
v 7.479386 -0.044332 -0.392041
v 7.479386 0.121637 -0.392041
v 7.479386 0.281064 -0.392041
v 7.479386 0.426538 -0.392041
v 7.479386 0.550649 -0.392041
v 7.479386 0.645986 -0.392041
v 7.479386 0.705036 -0.392041
v 7.479577 0.727481 -0.392041
v 7.480110 0.748734 -0.392041
v 7.480927 0.768820 -0.392041
v 7.481971 0.787652 -0.392041
v 7.483180 0.805146 -0.392041
v 7.484499 0.821218 -0.392041
v 7.485867 0.835783 -0.392041
v 7.487226 0.848761 -0.392041
v 7.488520 0.860074 -0.392041
v 7.489690 0.869652 -0.392041
v 7.490684 0.877448 -0.392041
v 7.494971 0.910961 -0.392041
v 7.214097 0.910961 -0.392041
v 7.218077 0.877748 -0.392041
v 7.218922 0.870104 -0.392041
v 7.219888 0.860587 -0.392041
v 7.220932 0.849287 -0.392041
v 7.222012 0.836293 -0.392041
v 7.223084 0.821691 -0.392041
v 7.224108 0.805567 -0.392041
v 7.225040 0.788009 -0.392041
v 7.225839 0.769101 -0.392041
v 7.226460 0.748930 -0.392041
v 7.226865 0.727582 -0.392041
v 7.227009 0.705061 -0.392041
v 7.227009 0.646345 -0.392041
v 7.227009 0.552090 -0.392041
v 7.227009 0.429792 -0.392041
v 7.227009 0.286872 -0.392041
v 7.227009 0.130748 -0.392041
v 7.227009 -0.031162 -0.392041
v 7.227009 -0.191438 -0.392041
v 7.227009 -0.342662 -0.392041
v 7.227009 -0.477415 -0.392041
v 7.227009 -0.588278 -0.392041
v 7.227009 -0.667832 -0.392041
v 7.227009 -0.669455 -0.392041
v 7.204930 -0.658692 -0.392041
v 7.145550 -0.626251 -0.392041
v 7.084229 -0.589271 -0.392041
v 7.021654 -0.547990 -0.392041
v 6.958502 -0.502651 -0.392041
v 6.895446 -0.453494 -0.392041
v 6.833153 -0.400762 -0.392041
v 6.772288 -0.344700 -0.392041
v 6.713514 -0.285553 -0.392041
v 6.657489 -0.223571 -0.392041
v 6.604870 -0.159005 -0.392041
v 6.535547 -0.063510 -0.392041
v 6.390486 -0.273384 -0.392041
v 6.457224 -0.358994 -0.392041
v 6.518069 -0.429126 -0.392041
v 6.582996 -0.497165 -0.392041
v 6.651365 -0.562862 -0.392041
v 6.722533 -0.625963 -0.392041
v 6.795862 -0.686214 -0.392041
v 6.870714 -0.743354 -0.392041
v 6.946451 -0.797124 -0.392041
v 7.022440 -0.847260 -0.392041
v 7.098048 -0.893500 -0.392041
v 7.172647 -0.935580 -0.392041
v 7.244706 -0.972765 -0.392041
v 7.253639 -0.977875 -0.392041
v 7.262374 -0.983041 -0.392041
v 7.270614 -0.988081 -0.392041
v 7.278364 -0.992984 -0.392041
v 7.285636 -0.997743 -0.392041
v 7.292436 -1.002347 -0.392041
v 7.298772 -1.006787 -0.392041
v 7.304653 -1.011055 -0.392041
v 7.310087 -1.015140 -0.392041
v 7.315080 -1.019031 -0.392041
v 7.319640 -1.022720 -0.392041
v 7.339626 -1.039514 -0.392041
v 7.496904 -0.908943 -0.392041
v 7.491167 -0.884498 -0.392041
v 7.489150 -0.874742 -0.392041
v 7.487314 -0.864601 -0.392041
v 7.485663 -0.854117 -0.392041
v 7.484200 -0.843330 -0.392041
v 7.482928 -0.832278 -0.392041
v 7.481849 -0.821001 -0.392041
v 7.480964 -0.809537 -0.392041
v 7.480275 -0.797924 -0.392041
v 7.479782 -0.786199 -0.392041
v 7.479486 -0.774400 -0.392041
v 7.479386 -0.762461 -0.392041
v 10.180962 0.667336 -0.392041
v 10.191550 0.628528 -0.392041
v 10.195465 0.614146 -0.392041
v 10.199474 0.599313 -0.392041
v 10.203528 0.584148 -0.392041
v 10.207577 0.568771 -0.392041
v 10.211567 0.553302 -0.392041
v 10.215448 0.537864 -0.392041
v 10.219169 0.522580 -0.392041
v 10.222678 0.507576 -0.392041
v 10.225923 0.492980 -0.392041
v 10.228852 0.478924 -0.392041
v 10.231542 0.464883 -0.392041
v 10.241281 0.422218 -0.392041
v 10.252966 0.372240 -0.392041
v 10.266563 0.315703 -0.392041
v 10.281956 0.253730 -0.392041
v 10.299026 0.187438 -0.392041
v 10.317655 0.117948 -0.392041
v 10.337728 0.046375 -0.392041
v 10.359131 -0.026168 -0.392041
v 10.381750 -0.098570 -0.392041
v 10.405478 -0.169727 -0.392041
v 10.430209 -0.238540 -0.392041
v 10.455770 -0.303719 -0.392041
v 10.479454 -0.361006 -0.392041
v 10.504751 -0.419117 -0.392041
v 10.531530 -0.477756 -0.392041
v 10.559665 -0.536640 -0.392041
v 10.589030 -0.595485 -0.392041
v 10.619501 -0.654007 -0.392041
v 10.650953 -0.711921 -0.392041
v 10.683263 -0.768944 -0.392041
v 10.716306 -0.824791 -0.392041
v 10.749959 -0.879179 -0.392041
v 10.784103 -0.931824 -0.392041
v 10.829754 -0.998778 -0.392041
v 11.085088 -0.890637 -0.392041
v 11.028674 -0.814013 -0.392041
v 10.991658 -0.760753 -0.392041
v 10.955553 -0.705942 -0.392041
v 10.920485 -0.649954 -0.392041
v 10.886581 -0.593161 -0.392041
v 10.853967 -0.535933 -0.392041
v 10.822764 -0.478643 -0.392041
v 10.793097 -0.421662 -0.392041
v 10.765089 -0.365362 -0.392041
v 10.738861 -0.310116 -0.392041
v 10.714538 -0.256299 -0.392041
v 10.692254 -0.204319 -0.392041
v 10.666230 -0.139405 -0.392041
v 10.640528 -0.070209 -0.392041
v 10.615374 0.002590 -0.392041
v 10.591016 0.078250 -0.392041
v 10.567698 0.156035 -0.392041
v 10.545662 0.235206 -0.392041
v 10.525151 0.315029 -0.392041
v 10.506406 0.394767 -0.392041
v 10.489665 0.473682 -0.392041
v 10.475168 0.551032 -0.392041
v 10.463151 0.626072 -0.392041
v 10.450387 0.724854 -0.392041
v 9.272218 0.531102 -0.392041
v 9.295527 0.578001 -0.392041
v 9.309574 0.605345 -0.392041
v 9.324702 0.633958 -0.392041
v 9.340728 0.663479 -0.392041
v 9.357468 0.693549 -0.392041
v 9.374740 0.723813 -0.392041
v 9.392359 0.753913 -0.392041
v 9.410143 0.783493 -0.392041
v 9.427905 0.812195 -0.392041
v 9.445457 0.839659 -0.392041
v 9.462608 0.865518 -0.392041
v 9.496620 0.914604 -0.392041
v 9.320540 0.987694 -0.392041
v 9.293252 0.948697 -0.392041
v 9.276181 0.923425 -0.392041
v 9.258412 0.896324 -0.392041
v 9.240178 0.867768 -0.392041
v 9.221719 0.838135 -0.392041
v 9.203272 0.807808 -0.392041
v 9.185081 0.777169 -0.392041
v 9.167387 0.746600 -0.392041
v 9.150431 0.716482 -0.392041
v 9.134451 0.687190 -0.392041
v 9.119688 0.659095 -0.392041
v 9.094995 0.609868 -0.392041
v 8.997610 0.631642 -0.392041
v 9.022047 0.679792 -0.392041
v 9.036795 0.708035 -0.392041
v 9.052341 0.736995 -0.392041
v 9.068570 0.766411 -0.392041
v 9.085369 0.796022 -0.392041
v 9.102623 0.825568 -0.392041
v 9.120216 0.854786 -0.392041
v 9.138034 0.883416 -0.392041
v 9.155956 0.911193 -0.392041
v 9.173865 0.937851 -0.392041
v 9.191634 0.963124 -0.392041
v 9.228023 1.012228 -0.392041
v 9.051387 1.085549 -0.392041
v 9.022804 1.046415 -0.392041
v 9.004612 1.020373 -0.392041
v 8.985861 0.992542 -0.392041
v 8.966787 0.963351 -0.392041
v 8.947636 0.933236 -0.392041
v 8.928651 0.902636 -0.392041
v 8.910082 0.871993 -0.392041
v 8.892179 0.841746 -0.392041
v 8.875189 0.812338 -0.392041
v 8.859363 0.784204 -0.392041
v 8.844944 0.757775 -0.392041
v 8.820120 0.710527 -0.392041
v 9.609163 0.749585 -0.392041
v 9.573609 0.684004 -0.392041
v 9.545718 0.630440 -0.392041
v 9.516196 0.571865 -0.392041
v 9.485419 0.509091 -0.392041
v 9.453773 0.442938 -0.392041
v 9.421640 0.374229 -0.392041
v 9.389411 0.303790 -0.392041
v 9.357471 0.232449 -0.392041
v 9.326212 0.161031 -0.392041
v 9.296020 0.090365 -0.392041
v 9.267282 0.021274 -0.392041
v 9.240458 -0.045249 -0.392041
v 9.214742 -0.108593 -0.392041
v 9.188078 -0.176596 -0.392041
v 9.160870 -0.248084 -0.392041
v 9.133442 -0.322075 -0.392041
v 9.106124 -0.397583 -0.392041
v 9.079244 -0.473619 -0.392041
v 9.053131 -0.549194 -0.392041
v 9.028115 -0.623320 -0.392041
v 9.004526 -0.695009 -0.392041
v 8.982692 -0.763277 -0.392041
v 8.962940 -0.827144 -0.392041
v 8.938869 -0.908334 -0.392041
v 9.204490 -0.994884 -0.392041
v 9.227256 -0.905663 -0.392041
v 9.245437 -0.839103 -0.392041
v 9.265345 -0.770162 -0.392041
v 9.286766 -0.699372 -0.392041
v 9.309485 -0.627259 -0.392041
v 9.333289 -0.554352 -0.392041
v 9.357964 -0.481174 -0.392041
v 9.383295 -0.408249 -0.392041
v 9.409069 -0.336101 -0.392041
v 9.435070 -0.265253 -0.392041
v 9.461086 -0.196228 -0.392041
v 9.486917 -0.129510 -0.392041
v 9.512371 -0.064892 -0.392041
v 9.539631 0.002511 -0.392041
v 9.568388 0.071877 -0.392041
v 9.598316 0.142337 -0.392041
v 9.629090 0.213028 -0.392041
v 9.660381 0.283081 -0.392041
v 9.691863 0.351629 -0.392041
v 9.723206 0.417802 -0.392041
v 9.754075 0.480725 -0.392041
v 9.784136 0.539519 -0.392041
v 9.813041 0.593291 -0.392041
v 9.855506 0.667471 -0.392041
v -12.780264 0.582635 0.392043
v -12.756849 0.628795 0.392043
v -12.742775 0.655850 0.392043
v -12.727627 0.684293 0.392043
v -12.711588 0.713732 0.392043
v -12.694839 0.743778 0.392043
v -12.677567 0.774041 0.392043
v -12.659950 0.804130 0.392043
v -12.642176 0.833654 0.392043
v -12.624434 0.862219 0.392043
v -12.606913 0.889428 0.392043
v -12.589809 0.914875 0.392043
v -12.555683 0.963083 0.392043
v -12.731808 1.039513 0.392043
v -12.759153 0.999420 0.392043
v -12.776070 0.973854 0.392043
v -12.793636 0.946606 0.392043
v -12.811647 0.918029 0.392043
v -12.829885 0.888479 0.392043
v -12.848133 0.858314 0.392043
v -12.866175 0.827894 0.392043
v -12.883793 0.797575 0.392043
v -12.900772 0.767718 0.392043
v -12.916893 0.738677 0.392043
v -12.931948 0.710805 0.392043
v -12.957701 0.661496 0.392043
v -13.054960 0.683038 0.392043
v -13.030315 0.730543 0.392043
v -13.015438 0.758455 0.392043
v -12.999710 0.787225 0.392043
v -12.983271 0.816555 0.392043
v -12.966259 0.846152 0.392043
v -12.948816 0.875718 0.392043
v -12.931082 0.904959 0.392043
v -12.913202 0.933578 0.392043
v -12.895315 0.961277 0.392043
v -12.877571 0.987754 0.392043
v -12.860117 1.012706 0.392043
v -12.824696 1.060868 0.392043
v -13.001192 1.137462 0.392043
v -13.029270 1.096954 0.392043
v -13.046999 1.070739 0.392043
v -13.065456 1.042843 0.392043
v -13.084368 1.013679 0.392043
v -13.103445 0.983664 0.392043
v -13.122408 0.953215 0.392043
v -13.140968 0.922749 0.392043
v -13.158848 0.892680 0.392043
v -13.175758 0.863417 0.392043
v -13.191423 0.835367 0.392043
v -13.205570 0.808918 0.392043
v -13.229269 0.761971 0.392043
v -11.941046 0.621831 0.392043
v -12.563597 0.621831 0.392043
v -12.579523 0.621981 0.392043
v -12.594788 0.622426 0.392043
v -12.609488 0.623165 0.392043
v -12.623617 0.624195 0.392043
v -12.637157 0.625513 0.392043
v -12.650099 0.627116 0.392043
v -12.662426 0.628998 0.392043
v -12.674124 0.631153 0.392043
v -12.685183 0.633573 0.392043
v -12.695583 0.636250 0.392043
v -12.705313 0.639172 0.392043
v -12.725811 0.646316 0.392043
v -12.917545 0.530113 0.392043
v -12.901272 0.500730 0.392043
v -12.896374 0.491390 0.392043
v -12.891350 0.481346 0.392043
v -12.886272 0.470751 0.392043
v -12.881214 0.459759 0.392043
v -12.876236 0.448517 0.392043
v -12.871407 0.437174 0.392043
v -12.866791 0.425879 0.392043
v -12.862452 0.414780 0.392043
v -12.858452 0.404028 0.392043
v -12.854855 0.393783 0.392043
v -12.851767 0.384317 0.392043
v -12.833498 0.320799 0.392043
v -12.811550 0.253520 0.392043
v -12.786221 0.183836 0.392043
v -12.757557 0.112239 0.392043
v -12.725605 0.039227 0.392043
v -12.690411 -0.034702 0.392043
v -12.652020 -0.109045 0.392043
v -12.610476 -0.183299 0.392043
v -12.565823 -0.256962 0.392043
v -12.518103 -0.329527 0.392043
v -12.467356 -0.400490 0.392043
v -12.413624 -0.469340 0.392043
v -12.355642 -0.537131 0.392043
v -12.294344 -0.602843 0.392043
v -12.229374 -0.666489 0.392043
v -12.160421 -0.728046 0.392043
v -12.087173 -0.787493 0.392043
v -12.009315 -0.844810 0.392043
v -11.926542 -0.899981 0.392043
v -11.838543 -0.952991 0.392043
v -11.745003 -1.003830 0.392043
v -11.645617 -1.052490 0.392043
v -11.540068 -1.098965 0.392043
v -11.414295 -1.148682 0.392043
v -11.192503 -0.948156 0.392043
v -11.342344 -0.900516 0.392043
v -11.445192 -0.862511 0.392043
v -11.542431 -0.821218 0.392043
v -11.634283 -0.776799 0.392043
v -11.720974 -0.729413 0.392043
v -11.802727 -0.679219 0.392043
v -11.879766 -0.626373 0.392043
v -11.952314 -0.571028 0.392043
v -12.020597 -0.513336 0.392043
v -12.084827 -0.453448 0.392043
v -12.145227 -0.391514 0.392043
v -12.201965 -0.327737 0.392043
v -12.247599 -0.271023 0.392043
v -12.291569 -0.210944 0.392043
v -12.333635 -0.148160 0.392043
v -12.373547 -0.083351 0.392043
v -12.411058 -0.017194 0.392043
v -12.445927 0.049631 0.392043
v -12.477909 0.116442 0.392043
v -12.506773 0.182558 0.392043
v -12.532276 0.247288 0.392043
v -12.554192 0.309937 0.392043
v -12.572279 0.369796 0.392043
v -12.578909 0.396408 0.392043
v -11.796909 0.396408 0.392043
v -11.765568 0.353879 0.392043
v -11.724388 0.300901 0.392043
v -11.680853 0.247864 0.392043
v -11.634912 0.194949 0.392043
v -11.586523 0.142334 0.392043
v -11.535643 0.090200 0.392043
v -11.482225 0.038729 0.392043
v -11.426229 -0.011900 0.392043
v -11.367609 -0.061505 0.392043
v -11.306324 -0.109905 0.392043
v -11.242331 -0.156917 0.392043
v -11.161686 -0.211821 0.392043
v -10.947184 -0.055542 0.392043
v -11.079029 0.028523 0.392043
v -11.172562 0.096366 0.392043
v -11.258898 0.166874 0.392043
v -11.338209 0.239208 0.392043
v -11.410673 0.312527 0.392043
v -11.476458 0.385988 0.392043
v -11.535738 0.458745 0.392043
v -11.588684 0.529949 0.392043
v -11.635464 0.598750 0.392043
v -11.676252 0.664293 0.392043
v -11.711210 0.725720 0.392043
v -11.740797 0.782715 0.392043
v -11.747072 0.794457 0.392043
v -11.753553 0.807422 0.392043
v -11.760361 0.821826 0.392043
v -11.767349 0.837395 0.392043
v -11.774391 0.853867 0.392043
v -11.781353 0.870986 0.392043
v -11.788113 0.888495 0.392043
v -11.794548 0.906141 0.392043
v -11.800531 0.923664 0.392043
v -11.805941 0.940799 0.392043
v -11.810652 0.957273 0.392043
v -11.821125 0.999006 0.392043
v -12.100677 0.904809 0.392043
v -12.074989 0.862465 0.392043
v -12.065105 0.845761 0.392043
v -12.055161 0.828610 0.392043
v -12.045250 0.811225 0.392043
v -12.035460 0.793811 0.392043
v -12.025873 0.776577 0.392043
v -12.016581 0.759729 0.392043
v -12.007669 0.743472 0.392043
v -11.999220 0.728005 0.392043
v -11.991316 0.713529 0.392043
v -11.984035 0.700242 0.392043
v -11.977516 0.688434 0.392043
v -9.424875 0.148527 0.392043
v -9.373484 0.200255 0.392043
v -9.332998 0.239060 0.392043
v -9.286915 0.281663 0.392043
v -9.236345 0.327071 0.392043
v -9.182383 0.374309 0.392043
v -9.126116 0.422407 0.392043
v -9.068632 0.470403 0.392043
v -9.011013 0.517333 0.392043
v -8.954350 0.562232 0.392043
v -8.899734 0.604130 0.392043
v -8.848284 0.642053 0.392043
v -8.777637 0.691435 0.392043
v -8.950935 0.876895 0.392043
v -9.014742 0.833335 0.392043
v -9.066078 0.796575 0.392043
v -9.120951 0.755836 0.392043
v -9.178301 0.711990 0.392043
v -9.237051 0.665916 0.392043
v -9.296120 0.618494 0.392043
v -9.354420 0.570610 0.392043
v -9.410872 0.523146 0.392043
v -9.464390 0.476980 0.392043
v -9.513897 0.432985 0.392043
v -9.558332 0.392017 0.392043
v -9.614231 0.337881 0.392043
v -9.802378 -0.357196 0.392043
v -9.890505 -0.291460 0.392043
v -9.974903 -0.221818 0.392043
v -10.055292 -0.148917 0.392043
v -10.131386 -0.073407 0.392043
v -10.202902 0.004059 0.392043
v -10.269554 0.082827 0.392043
v -10.331064 0.162239 0.392043
v -10.387150 0.241633 0.392043
v -10.437531 0.320342 0.392043
v -10.481930 0.397693 0.392043
v -10.541075 0.514476 0.392043
v -10.688051 0.254207 0.392043
v -10.636732 0.164606 0.392043
v -10.587175 0.086003 0.392043
v -10.532854 0.007204 0.392043
v -10.473886 -0.071356 0.392043
v -10.410398 -0.149243 0.392043
v -10.342508 -0.226021 0.392043
v -10.270346 -0.301252 0.392043
v -10.194025 -0.374495 0.392043
v -10.113672 -0.445310 0.392043
v -10.029404 -0.513253 0.392043
v -9.941345 -0.577882 0.392043
v -9.849762 -0.638655 0.392043
v -9.786482 -0.677490 0.392043
v -9.720428 -0.715813 0.392043
v -9.651367 -0.753462 0.392043
v -9.579197 -0.790193 0.392043
v -9.503820 -0.825764 0.392043
v -9.425138 -0.859930 0.392043
v -9.343052 -0.892450 0.392043
v -9.257462 -0.923081 0.392043
v -9.168270 -0.951580 0.392043
v -9.075382 -0.977707 0.392043
v -8.978701 -1.001220 0.392043
v -8.862143 -1.025161 0.392043
v -8.702963 -0.778887 0.392043
v -8.844147 -0.755122 0.392043
v -8.943632 -0.734395 0.392043
v -9.038710 -0.710757 0.392043
v -9.129475 -0.684519 0.392043
v -9.216013 -0.655994 0.392043
v -9.298416 -0.625491 0.392043
v -9.376772 -0.593321 0.392043
v -9.451168 -0.559795 0.392043
v -9.521696 -0.525221 0.392043
v -9.588446 -0.489909 0.392043
v -9.651501 -0.454168 0.392043
v -9.710724 -0.418442 0.392043
v -7.173611 0.108122 0.392043
v -7.230371 0.146505 0.392043
v -7.286226 0.186633 0.392043
v -7.340837 0.228142 0.392043
v -7.393875 0.270670 0.392043
v -7.445004 0.313852 0.392043
v -7.493891 0.357325 0.392043
v -7.540205 0.400720 0.392043
v -7.583612 0.443667 0.392043
v -7.623777 0.485791 0.392043
v -7.660360 0.526710 0.392043
v -7.710247 0.586765 0.392043
v -7.898481 0.404603 0.392043
v -7.849407 0.352205 0.392043
v -7.813271 0.315635 0.392043
v -7.774090 0.277824 0.392043
v -7.732098 0.239029 0.392043
v -7.687531 0.199512 0.392043
v -7.640631 0.159535 0.392043
v -7.591637 0.119366 0.392043
v -7.540791 0.079270 0.392043
v -7.488331 0.039516 0.392043
v -7.434500 0.000373 0.392043
v -7.379539 -0.037890 0.392043
v -7.334864 -0.067577 0.392043
v -7.334866 -0.926696 0.392043
v -7.334919 -0.946042 0.392043
v -7.335091 -0.966066 0.392043
v -7.335398 -0.986496 0.392043
v -7.335855 -1.007030 0.392043
v -7.336481 -1.027361 0.392043
v -7.337290 -1.047178 0.392043
v -7.338295 -1.066167 0.392043
v -7.339510 -1.084003 0.392043
v -7.340944 -1.100345 0.392043
v -7.342596 -1.114820 0.392043
v -7.344439 -1.126988 0.392043
v -7.352751 -1.166856 0.392043
v -7.069824 -1.166856 0.392043
v -7.074030 -1.128870 0.392043
v -7.075197 -1.115997 0.392043
v -7.076347 -1.101055 0.392043
v -7.077452 -1.084391 0.392043
v -7.078493 -1.066330 0.392043
v -7.079453 -1.047185 0.392043
v -7.080309 -1.027266 0.392043
v -7.081049 -1.006876 0.392043
v -7.081654 -0.986322 0.392043
v -7.082106 -0.965909 0.392043
v -7.082390 -0.945945 0.392043
v -7.082489 -0.926668 0.392043
v -7.082489 -0.217519 0.392043
v -7.065193 -0.226613 0.392043
v -7.008865 -0.255173 0.392043
v -6.949873 -0.284032 0.392043
v -6.888508 -0.312987 0.392043
v -6.825060 -0.341836 0.392043
v -6.759827 -0.370378 0.392043
v -6.693098 -0.398409 0.392043
v -6.625172 -0.425727 0.392043
v -6.556335 -0.452128 0.392043
v -6.486883 -0.477409 0.392043
v -6.417109 -0.501366 0.392043
v -6.327761 -0.530074 0.392043
v -6.211134 -0.302955 0.392042
v -6.321938 -0.274548 0.392042
v -6.403477 -0.250412 0.392043
v -6.485270 -0.223294 0.392043
v -6.566605 -0.193695 0.392043
v -6.646772 -0.162118 0.392043
v -6.725071 -0.129066 0.392043
v -6.800797 -0.095046 0.392043
v -6.873245 -0.060563 0.392043
v -6.941715 -0.026126 0.392043
v -7.005499 0.007754 0.392043
v -7.063887 0.040560 0.392043
v -7.116209 0.071797 0.392043
v -4.002660 0.259193 0.392042
v -4.102918 0.259193 0.392042
v -4.236169 0.259193 0.392042
v -4.394101 0.259193 0.392042
v -4.568402 0.259193 0.392042
v -4.750761 0.259193 0.392042
v -4.932863 0.259193 0.392042
v -5.106400 0.259193 0.392042
v -5.263056 0.259193 0.392042
v -5.394522 0.259193 0.392042
v -5.492481 0.259193 0.392042
v -5.548578 0.259193 0.392042
v -5.561880 0.259247 0.392042
v -5.576176 0.259417 0.392042
v -5.591330 0.259722 0.392042
v -5.607159 0.260178 0.392042
v -5.623478 0.260801 0.392042
v -5.640102 0.261608 0.392042
v -5.656847 0.262614 0.392042
v -5.673527 0.263834 0.392042
v -5.689945 0.265282 0.392042
v -5.705915 0.266971 0.392042
v -5.721233 0.268912 0.392042
v -5.764250 0.275450 0.392042
v -5.764250 0.017972 0.392042
v -5.724754 0.019701 0.392042
v -5.709997 0.020301 0.392042
v -5.694527 0.020884 0.392042
v -5.678493 0.021441 0.392042
v -5.662052 0.021965 0.392042
v -5.645359 0.022446 0.392042
v -5.628569 0.022877 0.392042
v -5.611837 0.023248 0.392042
v -5.595322 0.023551 0.392042
v -5.579176 0.023777 0.392042
v -5.563560 0.023919 0.392042
v -5.548586 0.023969 0.392042
v -4.905733 0.023969 0.392042
v -4.904112 -0.018048 0.392042
v -4.900137 -0.082206 0.392042
v -4.894629 -0.144696 0.392042
v -4.887480 -0.205522 0.392042
v -4.878595 -0.264685 0.392042
v -4.867872 -0.322187 0.392042
v -4.855207 -0.378028 0.392042
v -4.840498 -0.432204 0.392042
v -4.823641 -0.484710 0.392042
v -4.804531 -0.535539 0.392042
v -4.783069 -0.584679 0.392042
v -4.759136 -0.632145 0.392042
v -4.734320 -0.674715 0.392042
v -4.705621 -0.717428 0.392042
v -4.673380 -0.759929 0.392042
v -4.637859 -0.801976 0.392042
v -4.599313 -0.843316 0.392042
v -4.558000 -0.883689 0.392042
v -4.514173 -0.922833 0.392042
v -4.468083 -0.960478 0.392042
v -4.419988 -0.996354 0.392042
v -4.370133 -1.030188 0.392042
v -4.318771 -1.061702 0.392042
v -4.252903 -1.097897 0.392042
v -4.025167 -0.928633 0.392042
v -4.110571 -0.891006 0.392042
v -4.156085 -0.868172 0.392042
v -4.200580 -0.843079 0.392042
v -4.243815 -0.815906 0.392042
v -4.285551 -0.786839 0.392042
v -4.325547 -0.756063 0.392042
v -4.363567 -0.723768 0.392042
v -4.399373 -0.690143 0.392042
v -4.432732 -0.655385 0.392042
v -4.463409 -0.619690 0.392042
v -4.491178 -0.583262 0.392042
v -4.515862 -0.546234 0.392042
v -4.540361 -0.504028 0.392042
v -4.561790 -0.460508 0.392042
v -4.580406 -0.415576 0.392042
v -4.596419 -0.369238 0.392042
v -4.610022 -0.321508 0.392042
v -4.621409 -0.272405 0.392042
v -4.630780 -0.221957 0.392042
v -4.638327 -0.170194 0.392042
v -4.644250 -0.117152 0.392042
v -4.648750 -0.062868 0.392042
v -4.652030 -0.007381 0.392042
v -4.653284 0.023969 0.392042
v -3.943712 0.023969 0.392042
v -3.925399 0.023966 0.392042
v -3.907209 0.023946 0.392042
v -3.889146 0.023892 0.392042
v -3.871207 0.023788 0.392042
v -3.853396 0.023616 0.392042
v -3.835712 0.023360 0.392042
v -3.818154 0.023003 0.392042
v -3.800725 0.022528 0.392042
v -3.783422 0.021920 0.392042
v -3.766249 0.021162 0.392042
v -3.749204 0.020237 0.392042
v -3.706035 0.017412 0.392042
v -3.706035 0.274126 0.392042
v -3.750150 0.269536 0.392042
v -3.767166 0.267878 0.392042
v -3.784218 0.266338 0.392042
v -3.801332 0.264927 0.392042
v -3.818535 0.263650 0.392042
v -3.835855 0.262517 0.392042
v -3.853316 0.261536 0.392042
v -3.870948 0.260715 0.392042
v -3.888777 0.260062 0.392042
v -3.906828 0.259585 0.392042
v -3.925129 0.259293 0.392042
v -3.943775 0.259193 0.392042
v -4.291897 0.871757 0.392042
v -4.358585 0.871757 0.392042
v -4.441150 0.871757 0.392042
v -4.535582 0.871757 0.392042
v -4.637877 0.871757 0.392042
v -4.744024 0.871757 0.392042
v -4.850019 0.871757 0.392042
v -4.951853 0.871757 0.392042
v -5.045521 0.871757 0.392042
v -5.127012 0.871757 0.392042
v -5.192324 0.871757 0.392042
v -5.237373 0.871757 0.392042
v -5.254707 0.871858 0.392042
v -5.272673 0.872160 0.392042
v -5.291214 0.872664 0.392042
v -5.310194 0.873369 0.392042
v -5.329483 0.874277 0.392042
v -5.348946 0.875386 0.392042
v -5.368450 0.876696 0.392042
v -5.387867 0.878207 0.392042
v -5.407061 0.879917 0.392042
v -5.425900 0.881826 0.392042
v -5.444246 0.883930 0.392042
v -5.489820 0.889843 0.392042
v -5.489822 0.632438 0.392042
v -5.445765 0.635302 0.392042
v -5.427370 0.636364 0.392042
v -5.408552 0.637326 0.392042
v -5.389418 0.638187 0.392042
v -5.370071 0.638948 0.392042
v -5.350616 0.639607 0.392042
v -5.331156 0.640165 0.392042
v -5.311798 0.640622 0.392042
v -5.292643 0.640977 0.392042
v -5.273796 0.641230 0.392042
v -5.255363 0.641382 0.392042
v -5.237410 0.641433 0.392042
v -5.192324 0.641433 0.392042
v -5.127024 0.641433 0.392042
v -5.045559 0.641433 0.392042
v -4.951944 0.641433 0.392042
v -4.850197 0.641433 0.392042
v -4.744330 0.641433 0.392042
v -4.638363 0.641433 0.392042
v -4.536308 0.641433 0.392042
v -4.442183 0.641433 0.392042
v -4.360003 0.641433 0.392042
v -4.293785 0.641433 0.392042
v -4.247572 0.641433 0.392042
v -4.227462 0.641383 0.392042
v -4.207453 0.641230 0.392042
v -4.187581 0.640977 0.392042
v -4.167918 0.640622 0.392042
v -4.148534 0.640166 0.392042
v -4.129495 0.639608 0.392042
v -4.110876 0.638950 0.392042
v -4.092743 0.638191 0.392042
v -4.075170 0.637332 0.392042
v -4.058228 0.636373 0.392042
v -4.041988 0.635316 0.392042
v -4.000066 0.632183 0.392042
v -4.000065 0.889201 0.392042
v -4.044379 0.884491 0.392042
v -4.061755 0.882692 0.392042
v -4.079303 0.880947 0.392042
v -4.097022 0.879280 0.392042
v -4.114915 0.877717 0.392042
v -4.132981 0.876283 0.392042
v -4.151223 0.875002 0.392042
v -4.169641 0.873900 0.392042
v -4.188235 0.872999 0.392042
v -4.207006 0.872326 0.392042
v -4.225956 0.871904 0.392042
v -4.245184 0.871757 0.392042
v -2.226439 -0.164719 0.392042
v -2.211181 -0.108058 0.392042
v -2.199730 -0.070140 0.392042
v -2.185622 -0.026441 0.392042
v -2.169418 0.021546 0.392042
v -2.151667 0.072379 0.392042
v -2.132911 0.124639 0.392042
v -2.113692 0.176911 0.392042
v -2.094552 0.227787 0.392042
v -2.076034 0.275855 0.392042
v -2.058683 0.319693 0.392042
v -2.043055 0.357861 0.392042
v -2.019164 0.413474 0.392042
v -2.244834 0.490759 0.392042
v -2.265640 0.440375 0.392042
v -2.280376 0.403328 0.392042
v -2.297188 0.360031 0.392042
v -2.315517 0.311972 0.392042
v -2.334792 0.260661 0.392042
v -2.354440 0.207619 0.392042
v -2.373883 0.154367 0.392042
v -2.392550 0.102426 0.392042
v -2.409865 0.053312 0.392042
v -2.425261 0.008527 0.392042
v -2.438177 -0.030458 0.392042
v -2.454967 -0.084425 0.392042
v -3.087487 0.126739 0.392042
v -3.068188 0.059323 0.392042
v -3.047002 -0.007590 0.392042
v -3.023813 -0.073880 0.392042
v -2.998507 -0.139428 0.392042
v -2.970969 -0.204111 0.392042
v -2.941083 -0.267807 0.392042
v -2.908733 -0.330395 0.392042
v -2.873807 -0.391750 0.392042
v -2.836186 -0.451747 0.392042
v -2.795761 -0.510258 0.392042
v -2.752491 -0.567061 0.392042
v -2.693954 -0.638120 0.392042
v -2.632540 -0.705130 0.392042
v -2.568730 -0.767999 0.392042
v -2.502869 -0.826788 0.392042
v -2.435300 -0.881560 0.392042
v -2.366369 -0.932380 0.392042
v -2.296420 -0.979311 0.392042
v -2.225793 -1.022418 0.392042
v -2.154829 -1.061764 0.392042
v -2.083864 -1.097415 0.392042
v -2.013238 -1.129433 0.392042
v -1.928546 -1.163875 0.392042
v -1.727386 -0.959666 0.392042
v -1.836266 -0.924737 0.392042
v -1.907351 -0.898040 0.392042
v -1.978656 -0.867350 0.392042
v -2.049687 -0.832798 0.392042
v -2.119959 -0.794515 0.392042
v -2.188981 -0.752637 0.392042
v -2.256271 -0.707301 0.392042
v -2.321346 -0.658646 0.392042
v -2.383726 -0.606812 0.392042
v -2.442931 -0.551943 0.392042
v -2.498487 -0.494182 0.392042
v -2.550057 -0.433520 0.392042
v -2.591775 -0.379254 0.392042
v -2.631437 -0.321304 0.392042
v -2.668951 -0.259905 0.392042
v -2.704147 -0.195397 0.392042
v -2.736859 -0.128117 0.392042
v -2.766924 -0.058406 0.392042
v -2.794183 0.013399 0.392042
v -2.818477 0.086955 0.392042
v -2.839648 0.161924 0.392042
v -2.857546 0.237966 0.392042
v -2.872016 0.314738 0.392042
v -2.887026 0.421088 0.392042
v -3.148993 0.338843 0.392042
v -3.137150 0.302752 0.392042
v -3.133355 0.290831 0.392042
v -3.129807 0.279368 0.392042
v -3.126480 0.268341 0.392042
v -3.123348 0.257727 0.392042
v -3.120384 0.247506 0.392042
v -3.117562 0.237657 0.392042
v -3.114857 0.228155 0.392042
v -3.112238 0.218979 0.392042
v -3.109680 0.210103 0.392042
v -3.107156 0.201507 0.392042
v -3.104816 0.193772 0.392042
v -1.683497 -0.316689 0.392042
v -1.664834 -0.256325 0.392042
v -1.650440 -0.213669 0.392042
v -1.633211 -0.165293 0.392042
v -1.613811 -0.112882 0.392042
v -1.592902 -0.058082 0.392042
v -1.571136 -0.002525 0.392042
v -1.549170 0.052164 0.392042
v -1.527658 0.104355 0.392042
v -1.507257 0.152414 0.392042
v -1.488640 0.194681 0.392042
v -1.472519 0.229425 0.392042
v -1.447176 0.279527 0.392042
v -1.675281 0.368919 0.392042
v -1.698726 0.316905 0.392042
v -1.715353 0.278468 0.392042
v -1.734097 0.233985 0.392042
v -1.754428 0.184829 0.392042
v -1.775802 0.132399 0.392042
v -1.797669 0.078104 0.392042
v -1.819486 0.023357 0.392042
v -1.840695 -0.030428 0.392042
v -1.860750 -0.081838 0.392042
v -1.879102 -0.129462 0.392042
v -1.895205 -0.171898 0.392042
v -1.917011 -0.230657 0.392042
v 0.379936 0.667336 0.392042
v 0.390524 0.628527 0.392042
v 0.394439 0.614146 0.392042
v 0.398449 0.599313 0.392042
v 0.402503 0.584148 0.392042
v 0.406550 0.568771 0.392042
v 0.410541 0.553302 0.392042
v 0.414422 0.537864 0.392042
v 0.418143 0.522580 0.392042
v 0.421652 0.507575 0.392042
v 0.424897 0.492980 0.392042
v 0.427827 0.478924 0.392042
v 0.430516 0.464883 0.392042
v 0.440254 0.422218 0.392042
v 0.451940 0.372240 0.392042
v 0.465538 0.315703 0.392042
v 0.480931 0.253730 0.392042
v 0.498000 0.187439 0.392042
v 0.516629 0.117948 0.392042
v 0.536703 0.046375 0.392042
v 0.558105 -0.026168 0.392042
v 0.580725 -0.098570 0.392042
v 0.604452 -0.169727 0.392042
v 0.629184 -0.238540 0.392042
v 0.654744 -0.303719 0.392042
v 0.678430 -0.361006 0.392042
v 0.703728 -0.419117 0.392042
v 0.730507 -0.477756 0.392042
v 0.758641 -0.536640 0.392042
v 0.788007 -0.595485 0.392042
v 0.818477 -0.654007 0.392042
v 0.849930 -0.711921 0.392042
v 0.882238 -0.768944 0.392042
v 0.915281 -0.824791 0.392042
v 0.948936 -0.879179 0.392042
v 0.983077 -0.931824 0.392042
v 1.028728 -0.998778 0.392042
v 1.284062 -0.890637 0.392042
v 1.227651 -0.814013 0.392042
v 1.190634 -0.760753 0.392042
v 1.154528 -0.705942 0.392042
v 1.119460 -0.649954 0.392042
v 1.085557 -0.593160 0.392042
v 1.052941 -0.535933 0.392042
v 1.021740 -0.478643 0.392042
v 0.992073 -0.421662 0.392042
v 0.964065 -0.365362 0.392042
v 0.937837 -0.310116 0.392042
v 0.913512 -0.256299 0.392042
v 0.891230 -0.204319 0.392042
v 0.865204 -0.139405 0.392042
v 0.839501 -0.070209 0.392042
v 0.814348 0.002590 0.392042
v 0.789989 0.078250 0.392042
v 0.766672 0.156034 0.392042
v 0.744638 0.235206 0.392042
v 0.724126 0.315029 0.392042
v 0.705380 0.394767 0.392042
v 0.688641 0.473682 0.392042
v 0.674143 0.551032 0.392042
v 0.662127 0.626072 0.392042
v 0.649361 0.724854 0.392042
v -0.528807 0.531102 0.392042
v -0.505499 0.578001 0.392042
v -0.491453 0.605345 0.392042
v -0.476325 0.633958 0.392042
v -0.460299 0.663478 0.392042
v -0.443559 0.693549 0.392042
v -0.426287 0.723812 0.392042
v -0.408667 0.753913 0.392042
v -0.390882 0.783493 0.392042
v -0.373120 0.812195 0.392042
v -0.355568 0.839658 0.392042
v -0.338417 0.865518 0.392042
v -0.304404 0.914604 0.392042
v -0.480485 0.987695 0.392042
v -0.507771 0.948697 0.392042
v -0.524842 0.923426 0.392042
v -0.542611 0.896324 0.392042
v -0.560845 0.867768 0.392042
v -0.579306 0.838135 0.392042
v -0.597753 0.807808 0.392042
v -0.615943 0.777169 0.392042
v -0.633638 0.746601 0.392042
v -0.650595 0.716482 0.392042
v -0.666574 0.687190 0.392042
v -0.681338 0.659095 0.392042
v -0.706031 0.609868 0.392042
v -0.803415 0.631642 0.392042
v -0.778979 0.679792 0.392042
v -0.764231 0.708035 0.392042
v -0.748684 0.736995 0.392042
v -0.732455 0.766411 0.392042
v -0.715657 0.796022 0.392042
v -0.698402 0.825568 0.392042
v -0.680810 0.854786 0.392042
v -0.662992 0.883416 0.392042
v -0.645068 0.911193 0.392042
v -0.627161 0.937852 0.392042
v -0.609392 0.963124 0.392042
v -0.573003 1.012228 0.392042
v -0.749639 1.085549 0.392042
v -0.778222 1.046415 0.392042
v -0.796413 1.020373 0.392042
v -0.815165 0.992542 0.392042
v -0.834238 0.963351 0.392042
v -0.853391 0.933236 0.392042
v -0.872375 0.902636 0.392042
v -0.890944 0.871993 0.392042
v -0.908849 0.841746 0.392042
v -0.925837 0.812337 0.392042
v -0.941664 0.784204 0.392042
v -0.956082 0.757775 0.392042
v -0.980906 0.710527 0.392042
v -0.191862 0.749585 0.392042
v -0.227417 0.684004 0.392042
v -0.255307 0.630440 0.392042
v -0.284830 0.571865 0.392042
v -0.315607 0.509091 0.392042
v -0.347254 0.442938 0.392042
v -0.379386 0.374229 0.392042
v -0.411615 0.303790 0.392042
v -0.443554 0.232449 0.392042
v -0.474814 0.161031 0.392042
v -0.505006 0.090365 0.392042
v -0.533742 0.021273 0.392042
v -0.560566 -0.045249 0.392042
v -0.586284 -0.108593 0.392042
v -0.612948 -0.176596 0.392042
v -0.640157 -0.248084 0.392042
v -0.667585 -0.322075 0.392042
v -0.694903 -0.397583 0.392042
v -0.721783 -0.473619 0.392042
v -0.747894 -0.549194 0.392042
v -0.772910 -0.623320 0.392042
v -0.796500 -0.695009 0.392042
v -0.818334 -0.763277 0.392042
v -0.838086 -0.827144 0.392042
v -0.862157 -0.908334 0.392042
v -0.596537 -0.994884 0.392042
v -0.573768 -0.905663 0.392042
v -0.555588 -0.839103 0.392042
v -0.535680 -0.770162 0.392042
v -0.514258 -0.699372 0.392042
v -0.491538 -0.627259 0.392042
v -0.467733 -0.554352 0.392042
v -0.443060 -0.481174 0.392042
v -0.417729 -0.408249 0.392042
v -0.391955 -0.336101 0.392042
v -0.365954 -0.265253 0.392042
v -0.339938 -0.196228 0.392042
v -0.314108 -0.129510 0.392042
v -0.288655 -0.064892 0.392042
v -0.261395 0.002511 0.392042
v -0.232637 0.071876 0.392042
v -0.202708 0.142337 0.392042
v -0.171934 0.213028 0.392042
v -0.140644 0.283081 0.392042
v -0.109162 0.351629 0.392042
v -0.077821 0.417802 0.392042
v -0.046950 0.480725 0.392042
v -0.016889 0.539519 0.392042
v 0.012015 0.593291 0.392042
v 0.054480 0.667471 0.392042
v 2.826406 0.148527 0.392042
v 2.877798 0.200255 0.392042
v 2.918285 0.239059 0.392042
v 2.964369 0.281663 0.392042
v 3.014939 0.327071 0.392042
v 3.068900 0.374309 0.392042
v 3.125167 0.422407 0.392042
v 3.182652 0.470403 0.392042
v 3.240270 0.517333 0.392042
v 3.296934 0.562232 0.392042
v 3.351546 0.604130 0.392042
v 3.402998 0.642053 0.392042
v 3.473646 0.691434 0.392042
v 3.300347 0.876895 0.392042
v 3.236537 0.833335 0.392042
v 3.185201 0.796575 0.392042
v 3.130328 0.755836 0.392042
v 3.072979 0.711990 0.392042
v 3.014230 0.665916 0.392042
v 2.955162 0.618494 0.392042
v 2.896859 0.570610 0.392042
v 2.840408 0.523146 0.392042
v 2.786892 0.476980 0.392042
v 2.737385 0.432985 0.392042
v 2.692949 0.392017 0.392042
v 2.637051 0.337881 0.392042
v 2.448903 -0.357196 0.392042
v 2.360776 -0.291460 0.392042
v 2.276376 -0.221818 0.392042
v 2.195986 -0.148917 0.392042
v 2.119893 -0.073407 0.392042
v 2.048379 0.004059 0.392042
v 1.981726 0.082827 0.392042
v 1.920217 0.162239 0.392042
v 1.864132 0.241633 0.392042
v 1.813750 0.320342 0.392042
v 1.769352 0.397693 0.392042
v 1.710207 0.514476 0.392042
v 1.563231 0.254207 0.392042
v 1.614551 0.164606 0.392042
v 1.664105 0.086003 0.392042
v 1.718428 0.007204 0.392042
v 1.777395 -0.071356 0.392042
v 1.840884 -0.149243 0.392042
v 1.908772 -0.226021 0.392042
v 1.980938 -0.301252 0.392042
v 2.057258 -0.374495 0.392042
v 2.137611 -0.445310 0.392042
v 2.221878 -0.513253 0.392042
v 2.309936 -0.577882 0.392042
v 2.401520 -0.638655 0.392042
v 2.464800 -0.677490 0.392042
v 2.530853 -0.715813 0.392042
v 2.599916 -0.753462 0.392042
v 2.672084 -0.790193 0.392042
v 2.747460 -0.825764 0.392042
v 2.826142 -0.859930 0.392042
v 2.908229 -0.892450 0.392042
v 2.993818 -0.923081 0.392042
v 3.083009 -0.951580 0.392042
v 3.175899 -0.977707 0.392042
v 3.272583 -1.001220 0.392042
v 3.389139 -1.025161 0.392042
v 3.548316 -0.778887 0.392042
v 3.407139 -0.755122 0.392042
v 3.307655 -0.734395 0.392042
v 3.212576 -0.710757 0.392042
v 3.121812 -0.684519 0.392042
v 3.035273 -0.655994 0.392042
v 2.952870 -0.625491 0.392042
v 2.874514 -0.593321 0.392042
v 2.800115 -0.559795 0.392042
v 2.729586 -0.525221 0.392042
v 2.662838 -0.489909 0.392042
v 2.599784 -0.454168 0.392042
v 2.540560 -0.418442 0.392042
v 5.651705 0.121979 0.392041
v 5.562923 0.121979 0.392041
v 5.451952 0.121979 0.392041
v 5.324340 0.121979 0.392041
v 5.185634 0.121979 0.392041
v 5.041381 0.121979 0.392042
v 4.897128 0.121979 0.392042
v 4.758421 0.121979 0.392042
v 4.630809 0.121979 0.392042
v 4.519839 0.121979 0.392042
v 4.431056 0.121979 0.392042
v 4.370070 0.121979 0.392042
v 4.340337 0.122125 0.392042
v 4.312090 0.122542 0.392042
v 4.285267 0.123194 0.392042
v 4.259866 0.124048 0.392042
v 4.235886 0.125071 0.392042
v 4.213325 0.126229 0.392042
v 4.192181 0.127488 0.392042
v 4.172452 0.128815 0.392042
v 4.154134 0.130175 0.392042
v 4.137224 0.131537 0.392042
v 4.121712 0.132866 0.392042
v 4.080880 0.136522 0.392042
v 4.080880 -0.156327 0.392042
v 4.120216 -0.154099 0.392042
v 4.135794 -0.153087 0.392042
v 4.153196 -0.151894 0.392042
v 4.172291 -0.150578 0.392042
v 4.192934 -0.149198 0.392042
v 4.214970 -0.147811 0.392042
v 4.238245 -0.146478 0.392042
v 4.262597 -0.145255 0.392042
v 4.287867 -0.144202 0.392042
v 4.313892 -0.143378 0.392042
v 4.340509 -0.142841 0.392042
v 4.367647 -0.142649 0.392042
v 4.429122 -0.142649 0.392042
v 4.518250 -0.142649 0.392042
v 4.629431 -0.142649 0.392042
v 4.757150 -0.142649 0.392042
v 4.895896 -0.142649 0.392042
v 5.040155 -0.142649 0.392042
v 5.184414 -0.142649 0.392041
v 5.323160 -0.142649 0.392041
v 5.450880 -0.142649 0.392041
v 5.562060 -0.142649 0.392041
v 5.651188 -0.142649 0.392041
v 5.712714 -0.142649 0.392041
v 5.746166 -0.142749 0.392041
v 5.779207 -0.143044 0.392041
v 5.811704 -0.143526 0.392041
v 5.843484 -0.144185 0.392041
v 5.874374 -0.145013 0.392041
v 5.904202 -0.146002 0.392041
v 5.932793 -0.147142 0.392041
v 5.959970 -0.148425 0.392041
v 5.985559 -0.149841 0.392041
v 6.009379 -0.151381 0.392041
v 6.031244 -0.153033 0.392041
v 6.077839 -0.157175 0.392041
v 6.077839 0.135877 0.392041
v 6.032264 0.132911 0.392041
v 6.010651 0.131577 0.392041
v 5.987040 0.130210 0.392041
v 5.961599 0.128843 0.392041
v 5.934502 0.127511 0.392041
v 5.905917 0.126246 0.392041
v 5.876014 0.125083 0.392041
v 5.844967 0.124055 0.392041
v 5.812945 0.123197 0.392041
v 5.780122 0.122543 0.392041
v 5.746668 0.122126 0.392041
v 5.712698 0.121979 0.392041
v 8.172971 -0.218210 0.392041
v 8.159504 -0.149161 0.392041
v 8.148306 -0.071952 0.392041
v 8.139214 0.011589 0.392041
v 8.132026 0.099697 0.392041
v 8.126528 0.190636 0.392041
v 8.122498 0.282690 0.392041
v 8.119712 0.374155 0.392041
v 8.117943 0.463331 0.392041
v 8.116962 0.548529 0.392041
v 8.116542 0.628062 0.392041
v 8.116452 0.700152 0.392041
v 8.116600 0.717803 0.392041
v 8.117029 0.734599 0.392041
v 8.117723 0.750691 0.392041
v 8.118663 0.766142 0.392041
v 8.119834 0.781017 0.392041
v 8.121220 0.795381 0.392041
v 8.122804 0.809301 0.392041
v 8.124571 0.822842 0.392041
v 8.126507 0.836070 0.392041
v 8.128594 0.849050 0.392041
v 8.130822 0.861849 0.392041
v 8.138565 0.903611 0.392041
v 7.856827 0.903611 0.392041
v 7.860044 0.868515 0.392041
v 7.861061 0.858440 0.392041
v 7.862253 0.846960 0.392041
v 7.863564 0.834186 0.392041
v 7.864936 0.820249 0.392041
v 7.866314 0.805294 0.392041
v 7.867638 0.789468 0.392041
v 7.868850 0.772924 0.392041
v 7.869892 0.755817 0.392041
v 7.870707 0.738304 0.392041
v 7.871236 0.720546 0.392041
v 7.871427 0.702521 0.392041
v 7.871658 0.629586 0.392041
v 7.872461 0.547798 0.392041
v 7.873997 0.459163 0.392041
v 7.876429 0.365519 0.392041
v 7.879920 0.268704 0.392041
v 7.884634 0.170551 0.392041
v 7.890734 0.072890 0.392041
v 7.898389 -0.022461 0.392041
v 7.907771 -0.113695 0.392041
v 7.919062 -0.199031 0.392041
v 7.932465 -0.276740 0.392041
v 7.948212 -0.345045 0.392041
v 7.968756 -0.411562 0.392041
v 7.992634 -0.476711 0.392041
v 8.019797 -0.540561 0.392041
v 8.050125 -0.602944 0.392041
v 8.083498 -0.663691 0.392041
v 8.119797 -0.722636 0.392041
v 8.158905 -0.779610 0.392041
v 8.200703 -0.834444 0.392041
v 8.245075 -0.886969 0.392041
v 8.291905 -0.937014 0.392041
v 8.341078 -0.984410 0.392041
v 8.406088 -1.040785 0.392041
v 8.634002 -0.888842 0.392041
v 8.556993 -0.830261 0.392041
v 8.510364 -0.790211 0.392041
v 8.466208 -0.747597 0.392041
v 8.424576 -0.702592 0.392041
v 8.385524 -0.655369 0.392041
v 8.349104 -0.606103 0.392041
v 8.315372 -0.554970 0.392041
v 8.284378 -0.502148 0.392041
v 8.256180 -0.447812 0.392041
v 8.230827 -0.392143 0.392041
v 8.208374 -0.335320 0.392041
v 8.188922 -0.277665 0.392041
v 7.479386 -0.712955 0.392041
v 7.479386 -0.625428 0.392041
v 7.479386 -0.507392 0.392041
v 7.479386 -0.366257 0.392041
v 7.479386 -0.209434 0.392041
v 7.479386 -0.044332 0.392041
v 7.479386 0.121637 0.392041
v 7.479386 0.281064 0.392041
v 7.479386 0.426538 0.392041
v 7.479386 0.550649 0.392041
v 7.479386 0.645986 0.392041
v 7.479386 0.705036 0.392041
v 7.479577 0.727481 0.392041
v 7.480110 0.748734 0.392041
v 7.480927 0.768820 0.392041
v 7.481971 0.787652 0.392041
v 7.483180 0.805146 0.392041
v 7.484499 0.821218 0.392041
v 7.485867 0.835783 0.392041
v 7.487226 0.848761 0.392041
v 7.488520 0.860074 0.392041
v 7.489690 0.869652 0.392041
v 7.490684 0.877448 0.392041
v 7.494971 0.910961 0.392041
v 7.214097 0.910961 0.392041
v 7.218077 0.877748 0.392041
v 7.218922 0.870104 0.392041
v 7.219888 0.860587 0.392041
v 7.220932 0.849287 0.392041
v 7.222012 0.836293 0.392041
v 7.223084 0.821691 0.392041
v 7.224108 0.805567 0.392041
v 7.225040 0.788009 0.392041
v 7.225839 0.769101 0.392041
v 7.226460 0.748930 0.392041
v 7.226865 0.727582 0.392041
v 7.227009 0.705061 0.392041
v 7.227009 0.646345 0.392041
v 7.227009 0.552090 0.392041
v 7.227009 0.429792 0.392041
v 7.227009 0.286872 0.392041
v 7.227009 0.130748 0.392041
v 7.227009 -0.031162 0.392041
v 7.227009 -0.191438 0.392041
v 7.227009 -0.342662 0.392041
v 7.227009 -0.477415 0.392041
v 7.227009 -0.588278 0.392041
v 7.227009 -0.667832 0.392041
v 7.227009 -0.669455 0.392041
v 7.204930 -0.658692 0.392041
v 7.145550 -0.626251 0.392041
v 7.084229 -0.589271 0.392041
v 7.021654 -0.547990 0.392041
v 6.958502 -0.502651 0.392041
v 6.895446 -0.453494 0.392041
v 6.833153 -0.400762 0.392041
v 6.772288 -0.344700 0.392041
v 6.713514 -0.285553 0.392041
v 6.657489 -0.223571 0.392041
v 6.604870 -0.159005 0.392041
v 6.535547 -0.063510 0.392041
v 6.390486 -0.273384 0.392041
v 6.457224 -0.358994 0.392041
v 6.518069 -0.429126 0.392041
v 6.582996 -0.497165 0.392041
v 6.651365 -0.562862 0.392041
v 6.722533 -0.625963 0.392041
v 6.795862 -0.686214 0.392041
v 6.870714 -0.743354 0.392041
v 6.946451 -0.797124 0.392041
v 7.022440 -0.847260 0.392041
v 7.098048 -0.893500 0.392041
v 7.172647 -0.935580 0.392041
v 7.244706 -0.972765 0.392041
v 7.253639 -0.977875 0.392041
v 7.262374 -0.983041 0.392041
v 7.270614 -0.988081 0.392041
v 7.278364 -0.992984 0.392041
v 7.285636 -0.997743 0.392041
v 7.292436 -1.002347 0.392041
v 7.298772 -1.006787 0.392041
v 7.304653 -1.011055 0.392041
v 7.310087 -1.015140 0.392041
v 7.315080 -1.019031 0.392041
v 7.319640 -1.022720 0.392041
v 7.339626 -1.039514 0.392041
v 7.496904 -0.908943 0.392041
v 7.491167 -0.884498 0.392041
v 7.489150 -0.874742 0.392041
v 7.487314 -0.864601 0.392041
v 7.485663 -0.854117 0.392041
v 7.484200 -0.843330 0.392041
v 7.482928 -0.832278 0.392041
v 7.481849 -0.821001 0.392041
v 7.480964 -0.809537 0.392041
v 7.480275 -0.797924 0.392041
v 7.479782 -0.786199 0.392041
v 7.479486 -0.774400 0.392041
v 7.479386 -0.762461 0.392041
v 10.180962 0.667336 0.392041
v 10.191550 0.628528 0.392041
v 10.195465 0.614146 0.392041
v 10.199474 0.599313 0.392041
v 10.203528 0.584148 0.392041
v 10.207577 0.568771 0.392041
v 10.211567 0.553302 0.392041
v 10.215448 0.537864 0.392041
v 10.219170 0.522580 0.392041
v 10.222678 0.507576 0.392041
v 10.225924 0.492980 0.392041
v 10.228852 0.478924 0.392041
v 10.231543 0.464883 0.392041
v 10.241281 0.422218 0.392041
v 10.252966 0.372240 0.392041
v 10.266563 0.315703 0.392041
v 10.281957 0.253730 0.392041
v 10.299026 0.187438 0.392041
v 10.317655 0.117948 0.392041
v 10.337728 0.046375 0.392041
v 10.359131 -0.026168 0.392041
v 10.381750 -0.098570 0.392041
v 10.405478 -0.169727 0.392041
v 10.430209 -0.238540 0.392041
v 10.455770 -0.303719 0.392041
v 10.479454 -0.361006 0.392041
v 10.504751 -0.419117 0.392041
v 10.531530 -0.477756 0.392041
v 10.559665 -0.536640 0.392041
v 10.589030 -0.595485 0.392041
v 10.619501 -0.654007 0.392041
v 10.650953 -0.711921 0.392041
v 10.683263 -0.768944 0.392041
v 10.716306 -0.824791 0.392041
v 10.749959 -0.879179 0.392041
v 10.784103 -0.931824 0.392041
v 10.829754 -0.998778 0.392041
v 11.085088 -0.890637 0.392041
v 11.028674 -0.814013 0.392041
v 10.991658 -0.760753 0.392041
v 10.955553 -0.705942 0.392041
v 10.920485 -0.649954 0.392041
v 10.886581 -0.593160 0.392041
v 10.853967 -0.535933 0.392041
v 10.822764 -0.478643 0.392041
v 10.793097 -0.421662 0.392041
v 10.765089 -0.365362 0.392041
v 10.738861 -0.310116 0.392041
v 10.714538 -0.256299 0.392041
v 10.692254 -0.204319 0.392041
v 10.666230 -0.139405 0.392041
v 10.640528 -0.070209 0.392041
v 10.615375 0.002590 0.392041
v 10.591016 0.078250 0.392041
v 10.567698 0.156035 0.392041
v 10.545662 0.235206 0.392041
v 10.525152 0.315029 0.392041
v 10.506406 0.394767 0.392041
v 10.489665 0.473682 0.392041
v 10.475168 0.551032 0.392041
v 10.463151 0.626072 0.392041
v 10.450387 0.724854 0.392041
v 9.272218 0.531102 0.392041
v 9.295527 0.578001 0.392041
v 9.309574 0.605345 0.392041
v 9.324702 0.633958 0.392041
v 9.340728 0.663479 0.392041
v 9.357468 0.693549 0.392041
v 9.374740 0.723813 0.392041
v 9.392359 0.753913 0.392041
v 9.410143 0.783493 0.392041
v 9.427905 0.812195 0.392041
v 9.445457 0.839659 0.392041
v 9.462608 0.865518 0.392041
v 9.496620 0.914604 0.392041
v 9.320540 0.987694 0.392041
v 9.293252 0.948697 0.392041
v 9.276181 0.923425 0.392041
v 9.258412 0.896324 0.392041
v 9.240178 0.867768 0.392041
v 9.221719 0.838135 0.392041
v 9.203272 0.807808 0.392041
v 9.185081 0.777169 0.392041
v 9.167387 0.746600 0.392041
v 9.150431 0.716482 0.392041
v 9.134451 0.687190 0.392041
v 9.119688 0.659095 0.392041
v 9.094995 0.609868 0.392041
v 8.997610 0.631642 0.392041
v 9.022047 0.679792 0.392041
v 9.036795 0.708035 0.392041
v 9.052341 0.736995 0.392041
v 9.068570 0.766411 0.392041
v 9.085369 0.796022 0.392041
v 9.102623 0.825568 0.392041
v 9.120216 0.854786 0.392041
v 9.138034 0.883416 0.392041
v 9.155956 0.911193 0.392041
v 9.173865 0.937851 0.392041
v 9.191634 0.963124 0.392041
v 9.228023 1.012228 0.392041
v 9.051387 1.085549 0.392041
v 9.022804 1.046415 0.392041
v 9.004612 1.020373 0.392041
v 8.985861 0.992542 0.392041
v 8.966787 0.963351 0.392041
v 8.947636 0.933236 0.392041
v 8.928651 0.902636 0.392041
v 8.910082 0.871993 0.392041
v 8.892179 0.841746 0.392041
v 8.875189 0.812338 0.392041
v 8.859363 0.784204 0.392041
v 8.844944 0.757775 0.392041
v 8.820120 0.710527 0.392041
v 9.609163 0.749585 0.392041
v 9.573609 0.684004 0.392041
v 9.545718 0.630440 0.392041
v 9.516196 0.571865 0.392041
v 9.485419 0.509091 0.392041
v 9.453773 0.442938 0.392041
v 9.421640 0.374229 0.392041
v 9.389411 0.303790 0.392041
v 9.357471 0.232449 0.392041
v 9.326212 0.161031 0.392041
v 9.296020 0.090365 0.392041
v 9.267282 0.021274 0.392041
v 9.240458 -0.045249 0.392041
v 9.214742 -0.108593 0.392041
v 9.188078 -0.176596 0.392041
v 9.160870 -0.248084 0.392041
v 9.133442 -0.322075 0.392041
v 9.106124 -0.397583 0.392041
v 9.079244 -0.473619 0.392041
v 9.053131 -0.549194 0.392041
v 9.028115 -0.623320 0.392041
v 9.004526 -0.695009 0.392041
v 8.982692 -0.763277 0.392041
v 8.962940 -0.827144 0.392041
v 8.938869 -0.908334 0.392041
v 9.204490 -0.994884 0.392041
v 9.227256 -0.905663 0.392041
v 9.245437 -0.839103 0.392041
v 9.265345 -0.770162 0.392041
v 9.286766 -0.699372 0.392041
v 9.309485 -0.627259 0.392041
v 9.333289 -0.554352 0.392041
v 9.357964 -0.481174 0.392041
v 9.383295 -0.408249 0.392041
v 9.409069 -0.336101 0.392041
v 9.435070 -0.265253 0.392041
v 9.461086 -0.196228 0.392041
v 9.486917 -0.129510 0.392041
v 9.512371 -0.064892 0.392041
v 9.539631 0.002511 0.392041
v 9.568388 0.071877 0.392041
v 9.598316 0.142337 0.392041
v 9.629090 0.213028 0.392041
v 9.660381 0.283081 0.392041
v 9.691863 0.351629 0.392041
v 9.723206 0.417802 0.392041
v 9.754075 0.480725 0.392041
v 9.784136 0.539519 0.392041
v 9.813041 0.593291 0.392041
v 9.855506 0.667471 0.392041
v 9.272218 0.531102 0.392041
v 9.272218 0.531102 -0.392041
v 9.295527 0.578001 0.392041
v 9.295527 0.578001 -0.392041
v 9.309574 0.605345 0.392041
v 9.309574 0.605345 -0.392041
v 9.324702 0.633958 0.392041
v 9.324702 0.633958 -0.392041
v 9.340728 0.663479 0.392041
v 9.340728 0.663479 -0.392041
v 9.357468 0.693549 0.392041
v 9.357468 0.693549 -0.392041
v 9.374740 0.723813 0.392041
v 9.374740 0.723813 -0.392041
v 9.392359 0.753913 0.392041
v 9.392359 0.753913 -0.392041
v 9.410143 0.783493 0.392041
v 9.410143 0.783493 -0.392041
v 9.427905 0.812195 0.392041
v 9.427905 0.812195 -0.392041
v 9.445457 0.839659 0.392041
v 9.445457 0.839659 -0.392041
v 9.462608 0.865518 0.392041
v 9.462608 0.865518 -0.392041
v 9.496620 0.914604 0.392041
v 9.496620 0.914604 -0.392041
v 9.320540 0.987694 0.392041
v 9.320540 0.987694 -0.392041
v 9.293252 0.948697 0.392041
v 9.293252 0.948697 -0.392041
v 9.276181 0.923425 0.392041
v 9.276181 0.923425 -0.392041
v 9.258412 0.896324 0.392041
v 9.258412 0.896324 -0.392041
v 9.240178 0.867768 0.392041
v 9.240178 0.867768 -0.392041
v 9.221719 0.838135 0.392041
v 9.221719 0.838135 -0.392041
v 9.203272 0.807808 0.392041
v 9.203272 0.807808 -0.392041
v 9.185081 0.777169 0.392041
v 9.185081 0.777169 -0.392041
v 9.167387 0.746600 0.392041
v 9.167387 0.746600 -0.392041
v 9.150431 0.716482 0.392041
v 9.150431 0.716482 -0.392041
v 9.134451 0.687190 0.392041
v 9.134451 0.687190 -0.392041
v 9.119688 0.659095 0.392041
v 9.119688 0.659095 -0.392041
v 9.094995 0.609868 0.392041
v 9.094995 0.609868 -0.392041
v 8.997610 0.631642 0.392041
v 8.997610 0.631642 -0.392041
v 9.022047 0.679792 0.392041
v 9.022047 0.679792 -0.392041
v 9.036795 0.708035 0.392041
v 9.036795 0.708035 -0.392041
v 9.052341 0.736995 0.392041
v 9.052341 0.736995 -0.392041
v 9.068570 0.766411 0.392041
v 9.068570 0.766411 -0.392041
v 9.085369 0.796022 0.392041
v 9.085369 0.796022 -0.392041
v 9.102623 0.825568 0.392041
v 9.102623 0.825568 -0.392041
v 9.120216 0.854786 0.392041
v 9.120216 0.854786 -0.392041
v 9.138034 0.883416 0.392041
v 9.138034 0.883416 -0.392041
v 9.155956 0.911193 0.392041
v 9.155956 0.911193 -0.392041
v 9.173865 0.937851 0.392041
v 9.173865 0.937851 -0.392041
v 9.191634 0.963124 0.392041
v 9.191634 0.963124 -0.392041
v 9.228023 1.012228 0.392041
v 9.228023 1.012228 -0.392041
v 9.051387 1.085549 0.392041
v 9.051387 1.085549 -0.392041
v 9.022804 1.046415 0.392041
v 9.022804 1.046415 -0.392041
v 9.004612 1.020373 0.392041
v 9.004612 1.020373 -0.392041
v 8.985861 0.992542 0.392041
v 8.985861 0.992542 -0.392041
v 8.966787 0.963351 0.392041
v 8.966787 0.963351 -0.392041
v 8.947636 0.933236 0.392041
v 8.947636 0.933236 -0.392041
v 8.928651 0.902636 0.392041
v 8.928651 0.902636 -0.392041
v 8.910082 0.871993 0.392041
v 8.910082 0.871993 -0.392041
v 8.892179 0.841746 0.392041
v 8.892179 0.841746 -0.392041
v 8.875189 0.812338 0.392041
v 8.875189 0.812338 -0.392041
v 8.859363 0.784204 0.392041
v 8.859363 0.784204 -0.392041
v 8.844944 0.757775 0.392041
v 8.844944 0.757775 -0.392041
v 8.820120 0.710527 0.392041
v 8.820120 0.710527 -0.392041
v 10.180962 0.667336 0.392041
v 10.180962 0.667336 -0.392041
v 10.191550 0.628528 0.392041
v 10.191550 0.628528 -0.392041
v 10.195465 0.614146 0.392041
v 10.195465 0.614146 -0.392041
v 10.199474 0.599313 0.392041
v 10.199474 0.599313 -0.392041
v 10.203528 0.584148 0.392041
v 10.203528 0.584148 -0.392041
v 10.207577 0.568771 0.392041
v 10.207577 0.568771 -0.392041
v 10.211567 0.553302 0.392041
v 10.211567 0.553302 -0.392041
v 10.215448 0.537864 0.392041
v 10.215448 0.537864 -0.392041
v 10.219170 0.522580 0.392041
v 10.219169 0.522580 -0.392041
v 10.222678 0.507576 0.392041
v 10.222678 0.507576 -0.392041
v 10.225924 0.492980 0.392041
v 10.225923 0.492980 -0.392041
v 10.228852 0.478924 0.392041
v 10.228852 0.478924 -0.392041
v 10.231543 0.464883 0.392041
v 10.231542 0.464883 -0.392041
v 10.241281 0.422218 0.392041
v 10.241281 0.422218 -0.392041
v 10.252966 0.372240 0.392041
v 10.252966 0.372240 -0.392041
v 10.266563 0.315703 0.392041
v 10.266563 0.315703 -0.392041
v 10.281957 0.253730 0.392041
v 10.281956 0.253730 -0.392041
v 10.299026 0.187438 0.392041
v 10.299026 0.187438 -0.392041
v 10.317655 0.117948 0.392041
v 10.317655 0.117948 -0.392041
v 10.337728 0.046375 0.392041
v 10.337728 0.046375 -0.392041
v 10.359131 -0.026168 0.392041
v 10.359131 -0.026168 -0.392041
v 10.381750 -0.098570 0.392041
v 10.381750 -0.098570 -0.392041
v 10.405478 -0.169727 0.392041
v 10.405478 -0.169727 -0.392041
v 10.430209 -0.238540 0.392041
v 10.430209 -0.238540 -0.392041
v 10.455770 -0.303719 0.392041
v 10.455770 -0.303719 -0.392041
v 10.479454 -0.361006 0.392041
v 10.479454 -0.361006 -0.392041
v 10.504751 -0.419117 0.392041
v 10.504751 -0.419117 -0.392041
v 10.531530 -0.477756 0.392041
v 10.531530 -0.477756 -0.392041
v 10.559665 -0.536640 0.392041
v 10.559665 -0.536640 -0.392041
v 10.589030 -0.595485 0.392041
v 10.589030 -0.595485 -0.392041
v 10.619501 -0.654007 0.392041
v 10.619501 -0.654007 -0.392041
v 10.650953 -0.711921 0.392041
v 10.650953 -0.711921 -0.392041
v 10.683263 -0.768944 0.392041
v 10.683263 -0.768944 -0.392041
v 10.716306 -0.824791 0.392041
v 10.716306 -0.824791 -0.392041
v 10.749959 -0.879179 0.392041
v 10.749959 -0.879179 -0.392041
v 10.784103 -0.931824 0.392041
v 10.784103 -0.931824 -0.392041
v 10.829754 -0.998778 0.392041
v 10.829754 -0.998778 -0.392041
v 11.085088 -0.890637 0.392041
v 11.085088 -0.890637 -0.392041
v 11.028674 -0.814013 0.392041
v 11.028674 -0.814013 -0.392041
v 10.991658 -0.760753 0.392041
v 10.991658 -0.760753 -0.392041
v 10.955553 -0.705942 0.392041
v 10.955553 -0.705942 -0.392041
v 10.920485 -0.649954 0.392041
v 10.920485 -0.649954 -0.392041
v 10.886581 -0.593160 0.392041
v 10.886581 -0.593161 -0.392041
v 10.853967 -0.535933 0.392041
v 10.853967 -0.535933 -0.392041
v 10.822764 -0.478643 0.392041
v 10.822764 -0.478643 -0.392041
v 10.793097 -0.421662 0.392041
v 10.793097 -0.421662 -0.392041
v 10.765089 -0.365362 0.392041
v 10.765089 -0.365362 -0.392041
v 10.738861 -0.310116 0.392041
v 10.738861 -0.310116 -0.392041
v 10.714538 -0.256299 0.392041
v 10.714538 -0.256299 -0.392041
v 10.692254 -0.204319 0.392041
v 10.692254 -0.204319 -0.392041
v 10.666230 -0.139405 0.392041
v 10.666230 -0.139405 -0.392041
v 10.640528 -0.070209 0.392041
v 10.640528 -0.070209 -0.392041
v 10.615375 0.002590 0.392041
v 10.615374 0.002590 -0.392041
v 10.591016 0.078250 0.392041
v 10.591016 0.078250 -0.392041
v 10.567698 0.156035 0.392041
v 10.567698 0.156035 -0.392041
v 10.545662 0.235206 0.392041
v 10.545662 0.235206 -0.392041
v 10.525152 0.315029 0.392041
v 10.525151 0.315029 -0.392041
v 10.506406 0.394767 0.392041
v 10.506406 0.394767 -0.392041
v 10.489665 0.473682 0.392041
v 10.489665 0.473682 -0.392041
v 10.475168 0.551032 0.392041
v 10.475168 0.551032 -0.392041
v 10.463151 0.626072 0.392041
v 10.463151 0.626072 -0.392041
v 10.450387 0.724854 0.392041
v 10.450387 0.724854 -0.392041
v 9.609163 0.749585 0.392041
v 9.609163 0.749585 -0.392041
v 9.573609 0.684004 0.392041
v 9.573609 0.684004 -0.392041
v 9.545718 0.630440 0.392041
v 9.545718 0.630440 -0.392041
v 9.516196 0.571865 0.392041
v 9.516196 0.571865 -0.392041
v 9.485419 0.509091 0.392041
v 9.485419 0.509091 -0.392041
v 9.453773 0.442938 0.392041
v 9.453773 0.442938 -0.392041
v 9.421640 0.374229 0.392041
v 9.421640 0.374229 -0.392041
v 9.389411 0.303790 0.392041
v 9.389411 0.303790 -0.392041
v 9.357471 0.232449 0.392041
v 9.357471 0.232449 -0.392041
v 9.326212 0.161031 0.392041
v 9.326212 0.161031 -0.392041
v 9.296020 0.090365 0.392041
v 9.296020 0.090365 -0.392041
v 9.267282 0.021274 0.392041
v 9.267282 0.021274 -0.392041
v 9.240458 -0.045249 0.392041
v 9.240458 -0.045249 -0.392041
v 9.214742 -0.108593 0.392041
v 9.214742 -0.108593 -0.392041
v 9.188078 -0.176596 0.392041
v 9.188078 -0.176596 -0.392041
v 9.160870 -0.248084 0.392041
v 9.160870 -0.248084 -0.392041
v 9.133442 -0.322075 0.392041
v 9.133442 -0.322075 -0.392041
v 9.106124 -0.397583 0.392041
v 9.106124 -0.397583 -0.392041
v 9.079244 -0.473619 0.392041
v 9.079244 -0.473619 -0.392041
v 9.053131 -0.549194 0.392041
v 9.053131 -0.549194 -0.392041
v 9.028115 -0.623320 0.392041
v 9.028115 -0.623320 -0.392041
v 9.004526 -0.695009 0.392041
v 9.004526 -0.695009 -0.392041
v 8.982692 -0.763277 0.392041
v 8.982692 -0.763277 -0.392041
v 8.962940 -0.827144 0.392041
v 8.962940 -0.827144 -0.392041
v 8.938869 -0.908334 0.392041
v 8.938869 -0.908334 -0.392041
v 9.204490 -0.994884 0.392041
v 9.204490 -0.994884 -0.392041
v 9.227256 -0.905663 0.392041
v 9.227256 -0.905663 -0.392041
v 9.245437 -0.839103 0.392041
v 9.245437 -0.839103 -0.392041
v 9.265345 -0.770162 0.392041
v 9.265345 -0.770162 -0.392041
v 9.286766 -0.699372 0.392041
v 9.286766 -0.699372 -0.392041
v 9.309485 -0.627259 0.392041
v 9.309485 -0.627259 -0.392041
v 9.333289 -0.554352 0.392041
v 9.333289 -0.554352 -0.392041
v 9.357964 -0.481174 0.392041
v 9.357964 -0.481174 -0.392041
v 9.383295 -0.408249 0.392041
v 9.383295 -0.408249 -0.392041
v 9.409069 -0.336101 0.392041
v 9.409069 -0.336101 -0.392041
v 9.435070 -0.265253 0.392041
v 9.435070 -0.265253 -0.392041
v 9.461086 -0.196228 0.392041
v 9.461086 -0.196228 -0.392041
v 9.486917 -0.129510 0.392041
v 9.486917 -0.129510 -0.392041
v 9.512371 -0.064892 0.392041
v 9.512371 -0.064892 -0.392041
v 9.539631 0.002511 0.392041
v 9.539631 0.002511 -0.392041
v 9.568388 0.071877 0.392041
v 9.568388 0.071877 -0.392041
v 9.598316 0.142337 0.392041
v 9.598316 0.142337 -0.392041
v 9.629090 0.213028 0.392041
v 9.629090 0.213028 -0.392041
v 9.660381 0.283081 0.392041
v 9.660381 0.283081 -0.392041
v 9.691863 0.351629 0.392041
v 9.691863 0.351629 -0.392041
v 9.723206 0.417802 0.392041
v 9.723206 0.417802 -0.392041
v 9.754075 0.480725 0.392041
v 9.754075 0.480725 -0.392041
v 9.784136 0.539519 0.392041
v 9.784136 0.539519 -0.392041
v 9.813041 0.593291 0.392041
v 9.813041 0.593291 -0.392041
v 9.855506 0.667471 0.392041
v 9.855506 0.667471 -0.392041
v 7.479386 -0.712955 0.392041
v 7.479386 -0.712956 -0.392041
v 7.479386 -0.625428 0.392041
v 7.479386 -0.625428 -0.392041
v 7.479386 -0.507392 0.392041
v 7.479386 -0.507392 -0.392041
v 7.479386 -0.366257 0.392041
v 7.479386 -0.366257 -0.392041
v 7.479386 -0.209434 0.392041
v 7.479386 -0.209434 -0.392041
v 7.479386 -0.044332 0.392041
v 7.479386 -0.044332 -0.392041
v 7.479386 0.121637 0.392041
v 7.479386 0.121637 -0.392041
v 7.479386 0.281064 0.392041
v 7.479386 0.281064 -0.392041
v 7.479386 0.426538 0.392041
v 7.479386 0.426538 -0.392041
v 7.479386 0.550649 0.392041
v 7.479386 0.550649 -0.392041
v 7.479386 0.645986 0.392041
v 7.479386 0.645986 -0.392041
v 7.479386 0.705036 0.392041
v 7.479386 0.705036 -0.392041
v 7.479577 0.727481 0.392041
v 7.479577 0.727481 -0.392041
v 7.480110 0.748734 0.392041
v 7.480110 0.748734 -0.392041
v 7.480927 0.768820 0.392041
v 7.480927 0.768820 -0.392041
v 7.481971 0.787652 0.392041
v 7.481971 0.787652 -0.392041
v 7.483180 0.805146 0.392041
v 7.483180 0.805146 -0.392041
v 7.484499 0.821218 0.392041
v 7.484499 0.821218 -0.392041
v 7.485867 0.835783 0.392041
v 7.485867 0.835783 -0.392041
v 7.487226 0.848761 0.392041
v 7.487226 0.848761 -0.392041
v 7.488520 0.860074 0.392041
v 7.488520 0.860074 -0.392041
v 7.489690 0.869652 0.392041
v 7.489690 0.869652 -0.392041
v 7.490684 0.877448 0.392041
v 7.490684 0.877448 -0.392041
v 7.494971 0.910961 0.392041
v 7.494971 0.910961 -0.392041
v 7.214097 0.910961 0.392041
v 7.214097 0.910961 -0.392041
v 7.218077 0.877748 0.392041
v 7.218077 0.877748 -0.392041
v 7.218922 0.870104 0.392041
v 7.218922 0.870104 -0.392041
v 7.219888 0.860587 0.392041
v 7.219888 0.860587 -0.392041
v 7.220932 0.849287 0.392041
v 7.220932 0.849287 -0.392041
v 7.222012 0.836293 0.392041
v 7.222012 0.836293 -0.392041
v 7.223084 0.821691 0.392041
v 7.223084 0.821691 -0.392041
v 7.224108 0.805567 0.392041
v 7.224108 0.805567 -0.392041
v 7.225040 0.788009 0.392041
v 7.225040 0.788009 -0.392041
v 7.225839 0.769101 0.392041
v 7.225839 0.769101 -0.392041
v 7.226460 0.748930 0.392041
v 7.226460 0.748930 -0.392041
v 7.226865 0.727582 0.392041
v 7.226865 0.727582 -0.392041
v 7.227009 0.705061 0.392041
v 7.227009 0.705061 -0.392041
v 7.227009 0.646345 0.392041
v 7.227009 0.646345 -0.392041
v 7.227009 0.552090 0.392041
v 7.227009 0.552090 -0.392041
v 7.227009 0.429792 0.392041
v 7.227009 0.429792 -0.392041
v 7.227009 0.286872 0.392041
v 7.227009 0.286872 -0.392041
v 7.227009 0.130748 0.392041
v 7.227009 0.130748 -0.392041
v 7.227009 -0.031162 0.392041
v 7.227009 -0.031162 -0.392041
v 7.227009 -0.191438 0.392041
v 7.227009 -0.191438 -0.392041
v 7.227009 -0.342662 0.392041
v 7.227009 -0.342662 -0.392041
v 7.227009 -0.477415 0.392041
v 7.227009 -0.477415 -0.392041
v 7.227009 -0.588278 0.392041
v 7.227009 -0.588278 -0.392041
v 7.227009 -0.667832 0.392041
v 7.227009 -0.667832 -0.392041
v 7.227009 -0.669455 0.392041
v 7.227009 -0.669455 -0.392041
v 7.204930 -0.658692 0.392041
v 7.204930 -0.658692 -0.392041
v 7.145550 -0.626251 0.392041
v 7.145550 -0.626251 -0.392041
v 7.084229 -0.589271 0.392041
v 7.084229 -0.589271 -0.392041
v 7.021654 -0.547990 0.392041
v 7.021654 -0.547990 -0.392041
v 6.958502 -0.502651 0.392041
v 6.958502 -0.502651 -0.392041
v 6.895446 -0.453494 0.392041
v 6.895446 -0.453494 -0.392041
v 6.833153 -0.400762 0.392041
v 6.833153 -0.400762 -0.392041
v 6.772288 -0.344700 0.392041
v 6.772288 -0.344700 -0.392041
v 6.713514 -0.285553 0.392041
v 6.713514 -0.285553 -0.392041
v 6.657489 -0.223571 0.392041
v 6.657489 -0.223571 -0.392041
v 6.604870 -0.159005 0.392041
v 6.604870 -0.159005 -0.392041
v 6.535547 -0.063510 0.392041
v 6.535547 -0.063510 -0.392041
v 6.390486 -0.273384 0.392041
v 6.390486 -0.273384 -0.392041
v 6.457224 -0.358994 0.392041
v 6.457224 -0.358994 -0.392041
v 6.518069 -0.429126 0.392041
v 6.518069 -0.429126 -0.392041
v 6.582996 -0.497165 0.392041
v 6.582996 -0.497165 -0.392041
v 6.651365 -0.562862 0.392041
v 6.651365 -0.562862 -0.392041
v 6.722533 -0.625963 0.392041
v 6.722533 -0.625963 -0.392041
v 6.795862 -0.686214 0.392041
v 6.795862 -0.686214 -0.392041
v 6.870714 -0.743354 0.392041
v 6.870714 -0.743354 -0.392041
v 6.946451 -0.797124 0.392041
v 6.946451 -0.797124 -0.392041
v 7.022440 -0.847260 0.392041
v 7.022440 -0.847260 -0.392041
v 7.098048 -0.893500 0.392041
v 7.098048 -0.893500 -0.392041
v 7.172647 -0.935580 0.392041
v 7.172647 -0.935580 -0.392041
v 7.244706 -0.972765 0.392041
v 7.244706 -0.972765 -0.392041
v 7.253639 -0.977875 0.392041
v 7.253639 -0.977875 -0.392041
v 7.262374 -0.983041 0.392041
v 7.262374 -0.983041 -0.392041
v 7.270614 -0.988081 0.392041
v 7.270614 -0.988081 -0.392041
v 7.278364 -0.992984 0.392041
v 7.278364 -0.992984 -0.392041
v 7.285636 -0.997743 0.392041
v 7.285636 -0.997743 -0.392041
v 7.292436 -1.002347 0.392041
v 7.292436 -1.002347 -0.392041
v 7.298772 -1.006787 0.392041
v 7.298772 -1.006787 -0.392041
v 7.304653 -1.011055 0.392041
v 7.304653 -1.011055 -0.392041
v 7.310087 -1.015140 0.392041
v 7.310087 -1.015140 -0.392041
v 7.315080 -1.019031 0.392041
v 7.315080 -1.019031 -0.392041
v 7.319640 -1.022720 0.392041
v 7.319640 -1.022720 -0.392041
v 7.339626 -1.039514 0.392041
v 7.339626 -1.039514 -0.392041
v 7.496904 -0.908943 0.392041
v 7.496904 -0.908943 -0.392041
v 7.491167 -0.884498 0.392041
v 7.491167 -0.884498 -0.392041
v 7.489150 -0.874742 0.392041
v 7.489150 -0.874742 -0.392041
v 7.487314 -0.864601 0.392041
v 7.487314 -0.864601 -0.392041
v 7.485663 -0.854117 0.392041
v 7.485663 -0.854117 -0.392041
v 7.484200 -0.843330 0.392041
v 7.484200 -0.843330 -0.392041
v 7.482928 -0.832278 0.392041
v 7.482928 -0.832278 -0.392041
v 7.481849 -0.821001 0.392041
v 7.481849 -0.821001 -0.392041
v 7.480964 -0.809537 0.392041
v 7.480964 -0.809537 -0.392041
v 7.480275 -0.797924 0.392041
v 7.480275 -0.797924 -0.392041
v 7.479782 -0.786199 0.392041
v 7.479782 -0.786199 -0.392041
v 7.479486 -0.774400 0.392041
v 7.479486 -0.774400 -0.392041
v 7.479386 -0.762461 0.392041
v 7.479386 -0.762461 -0.392041
v 8.172971 -0.218210 0.392041
v 8.172971 -0.218210 -0.392041
v 8.159504 -0.149161 0.392041
v 8.159504 -0.149161 -0.392041
v 8.148306 -0.071952 0.392041
v 8.148306 -0.071952 -0.392041
v 8.139214 0.011589 0.392041
v 8.139214 0.011589 -0.392041
v 8.132026 0.099697 0.392041
v 8.132026 0.099697 -0.392041
v 8.126528 0.190636 0.392041
v 8.126528 0.190636 -0.392041
v 8.122498 0.282690 0.392041
v 8.122498 0.282690 -0.392041
v 8.119712 0.374155 0.392041
v 8.119712 0.374155 -0.392041
v 8.117943 0.463331 0.392041
v 8.117943 0.463331 -0.392041
v 8.116962 0.548529 0.392041
v 8.116962 0.548529 -0.392041
v 8.116542 0.628062 0.392041
v 8.116542 0.628062 -0.392041
v 8.116452 0.700152 0.392041
v 8.116452 0.700152 -0.392041
v 8.116600 0.717803 0.392041
v 8.116600 0.717803 -0.392041
v 8.117029 0.734599 0.392041
v 8.117029 0.734599 -0.392041
v 8.117723 0.750691 0.392041
v 8.117723 0.750691 -0.392041
v 8.118663 0.766142 0.392041
v 8.118663 0.766142 -0.392041
v 8.119834 0.781017 0.392041
v 8.119834 0.781017 -0.392041
v 8.121220 0.795381 0.392041
v 8.121220 0.795381 -0.392041
v 8.122804 0.809301 0.392041
v 8.122804 0.809301 -0.392041
v 8.124571 0.822842 0.392041
v 8.124571 0.822842 -0.392041
v 8.126507 0.836070 0.392041
v 8.126507 0.836070 -0.392041
v 8.128594 0.849050 0.392041
v 8.128594 0.849050 -0.392041
v 8.130822 0.861849 0.392041
v 8.130822 0.861849 -0.392041
v 8.138565 0.903611 0.392041
v 8.138565 0.903611 -0.392041
v 7.856827 0.903611 0.392041
v 7.856827 0.903611 -0.392041
v 7.860044 0.868515 0.392041
v 7.860044 0.868515 -0.392041
v 7.861061 0.858440 0.392041
v 7.861061 0.858440 -0.392041
v 7.862253 0.846960 0.392041
v 7.862253 0.846960 -0.392041
v 7.863564 0.834186 0.392041
v 7.863564 0.834186 -0.392041
v 7.864936 0.820249 0.392041
v 7.864936 0.820249 -0.392041
v 7.866314 0.805294 0.392041
v 7.866314 0.805294 -0.392041
v 7.867638 0.789468 0.392041
v 7.867638 0.789468 -0.392041
v 7.868850 0.772924 0.392041
v 7.868850 0.772924 -0.392041
v 7.869892 0.755817 0.392041
v 7.869892 0.755817 -0.392041
v 7.870707 0.738304 0.392041
v 7.870707 0.738304 -0.392041
v 7.871236 0.720546 0.392041
v 7.871236 0.720546 -0.392041
v 7.871427 0.702521 0.392041
v 7.871427 0.702521 -0.392041
v 7.871658 0.629586 0.392041
v 7.871658 0.629586 -0.392041
v 7.872461 0.547798 0.392041
v 7.872461 0.547798 -0.392041
v 7.873997 0.459163 0.392041
v 7.873997 0.459163 -0.392041
v 7.876429 0.365519 0.392041
v 7.876429 0.365519 -0.392041
v 7.879920 0.268704 0.392041
v 7.879920 0.268704 -0.392041
v 7.884634 0.170551 0.392041
v 7.884634 0.170551 -0.392041
v 7.890734 0.072890 0.392041
v 7.890734 0.072890 -0.392041
v 7.898389 -0.022461 0.392041
v 7.898389 -0.022461 -0.392041
v 7.907771 -0.113695 0.392041
v 7.907771 -0.113695 -0.392041
v 7.919062 -0.199031 0.392041
v 7.919062 -0.199031 -0.392041
v 7.932465 -0.276740 0.392041
v 7.932465 -0.276740 -0.392041
v 7.948212 -0.345045 0.392041
v 7.948212 -0.345045 -0.392041
v 7.968756 -0.411562 0.392041
v 7.968756 -0.411562 -0.392041
v 7.992634 -0.476711 0.392041
v 7.992634 -0.476711 -0.392041
v 8.019797 -0.540561 0.392041
v 8.019797 -0.540561 -0.392041
v 8.050125 -0.602944 0.392041
v 8.050125 -0.602944 -0.392041
v 8.083498 -0.663691 0.392041
v 8.083498 -0.663691 -0.392041
v 8.119797 -0.722636 0.392041
v 8.119797 -0.722636 -0.392041
v 8.158905 -0.779610 0.392041
v 8.158905 -0.779610 -0.392041
v 8.200703 -0.834444 0.392041
v 8.200703 -0.834444 -0.392041
v 8.245075 -0.886969 0.392041
v 8.245075 -0.886969 -0.392041
v 8.291905 -0.937014 0.392041
v 8.291905 -0.937014 -0.392041
v 8.341078 -0.984410 0.392041
v 8.341078 -0.984410 -0.392041
v 8.406088 -1.040785 0.392041
v 8.406088 -1.040785 -0.392041
v 8.634002 -0.888842 0.392041
v 8.634002 -0.888842 -0.392041
v 8.556993 -0.830261 0.392041
v 8.556993 -0.830261 -0.392041
v 8.510364 -0.790211 0.392041
v 8.510364 -0.790211 -0.392041
v 8.466208 -0.747597 0.392041
v 8.466208 -0.747597 -0.392041
v 8.424576 -0.702592 0.392041
v 8.424576 -0.702592 -0.392041
v 8.385524 -0.655369 0.392041
v 8.385524 -0.655369 -0.392041
v 8.349104 -0.606103 0.392041
v 8.349104 -0.606103 -0.392041
v 8.315372 -0.554970 0.392041
v 8.315372 -0.554971 -0.392041
v 8.284378 -0.502148 0.392041
v 8.284378 -0.502148 -0.392041
v 8.256180 -0.447812 0.392041
v 8.256180 -0.447812 -0.392041
v 8.230827 -0.392143 0.392041
v 8.230827 -0.392143 -0.392041
v 8.208374 -0.335320 0.392041
v 8.208374 -0.335320 -0.392041
v 8.188922 -0.277665 0.392041
v 8.188922 -0.277665 -0.392041
v 5.651705 0.121979 0.392041
v 5.651705 0.121979 -0.392041
v 5.562923 0.121979 0.392041
v 5.562923 0.121979 -0.392041
v 5.451952 0.121979 0.392041
v 5.451952 0.121979 -0.392041
v 5.324340 0.121979 0.392041
v 5.324340 0.121979 -0.392041
v 5.185634 0.121979 0.392041
v 5.185634 0.121979 -0.392041
v 5.041381 0.121979 0.392042
v 5.041381 0.121979 -0.392040
v 4.897128 0.121979 0.392042
v 4.897128 0.121979 -0.392040
v 4.758421 0.121979 0.392042
v 4.758421 0.121979 -0.392040
v 4.630809 0.121979 0.392042
v 4.630809 0.121979 -0.392040
v 4.519839 0.121979 0.392042
v 4.519839 0.121979 -0.392040
v 4.431056 0.121979 0.392042
v 4.431056 0.121979 -0.392040
v 4.370070 0.121979 0.392042
v 4.370070 0.121979 -0.392040
v 4.340337 0.122125 0.392042
v 4.340337 0.122125 -0.392040
v 4.312090 0.122542 0.392042
v 4.312090 0.122542 -0.392040
v 4.285267 0.123194 0.392042
v 4.285267 0.123194 -0.392040
v 4.259866 0.124048 0.392042
v 4.259866 0.124048 -0.392040
v 4.235886 0.125071 0.392042
v 4.235886 0.125071 -0.392040
v 4.213325 0.126229 0.392042
v 4.213325 0.126229 -0.392040
v 4.192181 0.127488 0.392042
v 4.192181 0.127488 -0.392040
v 4.172452 0.128815 0.392042
v 4.172452 0.128815 -0.392040
v 4.154134 0.130175 0.392042
v 4.154134 0.130175 -0.392040
v 4.137224 0.131537 0.392042
v 4.137224 0.131537 -0.392040
v 4.121712 0.132866 0.392042
v 4.121712 0.132866 -0.392040
v 4.080880 0.136522 0.392042
v 4.080880 0.136522 -0.392040
v 4.080880 -0.156327 0.392042
v 4.080880 -0.156327 -0.392040
v 4.120216 -0.154099 0.392042
v 4.120216 -0.154099 -0.392040
v 4.135794 -0.153087 0.392042
v 4.135794 -0.153087 -0.392040
v 4.153196 -0.151894 0.392042
v 4.153196 -0.151894 -0.392040
v 4.172291 -0.150578 0.392042
v 4.172291 -0.150578 -0.392040
v 4.192934 -0.149198 0.392042
v 4.192934 -0.149198 -0.392040
v 4.214970 -0.147811 0.392042
v 4.214970 -0.147811 -0.392040
v 4.238245 -0.146478 0.392042
v 4.238245 -0.146478 -0.392040
v 4.262597 -0.145255 0.392042
v 4.262597 -0.145255 -0.392040
v 4.287867 -0.144202 0.392042
v 4.287867 -0.144202 -0.392040
v 4.313892 -0.143378 0.392042
v 4.313892 -0.143378 -0.392040
v 4.340509 -0.142841 0.392042
v 4.340509 -0.142841 -0.392040
v 4.367647 -0.142649 0.392042
v 4.367647 -0.142649 -0.392040
v 4.429122 -0.142649 0.392042
v 4.429122 -0.142649 -0.392040
v 4.518250 -0.142649 0.392042
v 4.518250 -0.142649 -0.392040
v 4.629431 -0.142649 0.392042
v 4.629431 -0.142649 -0.392040
v 4.757150 -0.142649 0.392042
v 4.757150 -0.142649 -0.392040
v 4.895896 -0.142649 0.392042
v 4.895896 -0.142649 -0.392040
v 5.040155 -0.142649 0.392042
v 5.040155 -0.142649 -0.392040
v 5.184414 -0.142649 0.392041
v 5.184414 -0.142649 -0.392041
v 5.323160 -0.142649 0.392041
v 5.323160 -0.142649 -0.392041
v 5.450880 -0.142649 0.392041
v 5.450880 -0.142649 -0.392041
v 5.562060 -0.142649 0.392041
v 5.562060 -0.142649 -0.392041
v 5.651188 -0.142649 0.392041
v 5.651188 -0.142649 -0.392041
v 5.712714 -0.142649 0.392041
v 5.712714 -0.142649 -0.392041
v 5.746166 -0.142749 0.392041
v 5.746166 -0.142749 -0.392041
v 5.779207 -0.143044 0.392041
v 5.779207 -0.143044 -0.392041
v 5.811704 -0.143526 0.392041
v 5.811704 -0.143526 -0.392041
v 5.843484 -0.144185 0.392041
v 5.843484 -0.144185 -0.392041
v 5.874374 -0.145013 0.392041
v 5.874374 -0.145013 -0.392041
v 5.904202 -0.146002 0.392041
v 5.904202 -0.146002 -0.392041
v 5.932793 -0.147142 0.392041
v 5.932793 -0.147142 -0.392041
v 5.959970 -0.148425 0.392041
v 5.959970 -0.148425 -0.392041
v 5.985559 -0.149841 0.392041
v 5.985559 -0.149841 -0.392041
v 6.009379 -0.151381 0.392041
v 6.009379 -0.151381 -0.392041
v 6.031244 -0.153033 0.392041
v 6.031244 -0.153033 -0.392041
v 6.077839 -0.157175 0.392041
v 6.077839 -0.157175 -0.392041
v 6.077839 0.135877 0.392041
v 6.077839 0.135877 -0.392041
v 6.032264 0.132911 0.392041
v 6.032264 0.132911 -0.392041
v 6.010651 0.131577 0.392041
v 6.010651 0.131577 -0.392041
v 5.987040 0.130210 0.392041
v 5.987040 0.130210 -0.392041
v 5.961599 0.128843 0.392041
v 5.961599 0.128843 -0.392041
v 5.934502 0.127511 0.392041
v 5.934502 0.127511 -0.392041
v 5.905917 0.126246 0.392041
v 5.905917 0.126246 -0.392041
v 5.876014 0.125083 0.392041
v 5.876014 0.125083 -0.392041
v 5.844967 0.124055 0.392041
v 5.844967 0.124055 -0.392041
v 5.812945 0.123197 0.392041
v 5.812945 0.123197 -0.392041
v 5.780122 0.122543 0.392041
v 5.780122 0.122543 -0.392041
v 5.746668 0.122126 0.392041
v 5.746668 0.122126 -0.392041
v 5.712698 0.121979 0.392041
v 5.712698 0.121979 -0.392041
v 2.826406 0.148527 0.392042
v 2.826406 0.148527 -0.392040
v 2.877798 0.200255 0.392042
v 2.877798 0.200255 -0.392040
v 2.918285 0.239059 0.392042
v 2.918285 0.239059 -0.392040
v 2.964369 0.281663 0.392042
v 2.964369 0.281663 -0.392040
v 3.014939 0.327071 0.392042
v 3.014939 0.327071 -0.392040
v 3.068900 0.374309 0.392042
v 3.068900 0.374309 -0.392040
v 3.125167 0.422407 0.392042
v 3.125167 0.422407 -0.392040
v 3.182652 0.470403 0.392042
v 3.182652 0.470403 -0.392040
v 3.240270 0.517333 0.392042
v 3.240270 0.517333 -0.392040
v 3.296934 0.562232 0.392042
v 3.296934 0.562232 -0.392040
v 3.351546 0.604130 0.392042
v 3.351546 0.604130 -0.392040
v 3.402998 0.642053 0.392042
v 3.402998 0.642053 -0.392040
v 3.473646 0.691434 0.392042
v 3.473646 0.691434 -0.392040
v 3.300347 0.876895 0.392042
v 3.300347 0.876895 -0.392040
v 3.236537 0.833335 0.392042
v 3.236537 0.833335 -0.392040
v 3.185201 0.796575 0.392042
v 3.185201 0.796575 -0.392040
v 3.130328 0.755836 0.392042
v 3.130328 0.755836 -0.392040
v 3.072979 0.711990 0.392042
v 3.072979 0.711990 -0.392040
v 3.014230 0.665916 0.392042
v 3.014230 0.665916 -0.392040
v 2.955162 0.618494 0.392042
v 2.955162 0.618494 -0.392040
v 2.896859 0.570610 0.392042
v 2.896859 0.570610 -0.392040
v 2.840408 0.523146 0.392042
v 2.840408 0.523146 -0.392040
v 2.786892 0.476980 0.392042
v 2.786892 0.476980 -0.392040
v 2.737385 0.432985 0.392042
v 2.737385 0.432985 -0.392040
v 2.692949 0.392017 0.392042
v 2.692949 0.392017 -0.392040
v 2.637051 0.337881 0.392042
v 2.637051 0.337881 -0.392040
v 2.448903 -0.357196 0.392042
v 2.448903 -0.357196 -0.392040
v 2.360776 -0.291460 0.392042
v 2.360776 -0.291460 -0.392040
v 2.276376 -0.221818 0.392042
v 2.276376 -0.221818 -0.392040
v 2.195986 -0.148917 0.392042
v 2.195986 -0.148917 -0.392040
v 2.119893 -0.073407 0.392042
v 2.119893 -0.073407 -0.392040
v 2.048379 0.004059 0.392042
v 2.048379 0.004059 -0.392040
v 1.981726 0.082827 0.392042
v 1.981726 0.082827 -0.392040
v 1.920217 0.162239 0.392042
v 1.920217 0.162239 -0.392040
v 1.864132 0.241633 0.392042
v 1.864132 0.241633 -0.392040
v 1.813750 0.320342 0.392042
v 1.813750 0.320342 -0.392040
v 1.769352 0.397693 0.392042
v 1.769352 0.397693 -0.392040
v 1.710207 0.514476 0.392042
v 1.710207 0.514476 -0.392040
v 1.563231 0.254207 0.392042
v 1.563231 0.254207 -0.392040
v 1.614551 0.164606 0.392042
v 1.614551 0.164606 -0.392040
v 1.664105 0.086003 0.392042
v 1.664105 0.086003 -0.392040
v 1.718428 0.007204 0.392042
v 1.718428 0.007204 -0.392040
v 1.777395 -0.071356 0.392042
v 1.777395 -0.071356 -0.392040
v 1.840884 -0.149243 0.392042
v 1.840884 -0.149243 -0.392040
v 1.908772 -0.226021 0.392042
v 1.908772 -0.226021 -0.392040
v 1.980938 -0.301252 0.392042
v 1.980938 -0.301252 -0.392040
v 2.057258 -0.374495 0.392042
v 2.057258 -0.374495 -0.392040
v 2.137611 -0.445310 0.392042
v 2.137611 -0.445310 -0.392040
v 2.221878 -0.513253 0.392042
v 2.221878 -0.513253 -0.392040
v 2.309936 -0.577882 0.392042
v 2.309936 -0.577882 -0.392040
v 2.401520 -0.638655 0.392042
v 2.401520 -0.638655 -0.392040
v 2.464800 -0.677490 0.392042
v 2.464800 -0.677490 -0.392040
v 2.530853 -0.715813 0.392042
v 2.530853 -0.715813 -0.392040
v 2.599916 -0.753462 0.392042
v 2.599916 -0.753462 -0.392040
v 2.672084 -0.790193 0.392042
v 2.672084 -0.790193 -0.392040
v 2.747460 -0.825764 0.392042
v 2.747460 -0.825764 -0.392040
v 2.826142 -0.859930 0.392042
v 2.826142 -0.859930 -0.392040
v 2.908229 -0.892450 0.392042
v 2.908229 -0.892450 -0.392040
v 2.993818 -0.923081 0.392042
v 2.993818 -0.923081 -0.392040
v 3.083009 -0.951580 0.392042
v 3.083009 -0.951580 -0.392040
v 3.175899 -0.977707 0.392042
v 3.175899 -0.977707 -0.392040
v 3.272583 -1.001220 0.392042
v 3.272583 -1.001220 -0.392040
v 3.389139 -1.025161 0.392042
v 3.389139 -1.025161 -0.392040
v 3.548316 -0.778887 0.392042
v 3.548316 -0.778887 -0.392040
v 3.407139 -0.755122 0.392042
v 3.407139 -0.755122 -0.392040
v 3.307655 -0.734395 0.392042
v 3.307655 -0.734395 -0.392040
v 3.212576 -0.710757 0.392042
v 3.212576 -0.710757 -0.392040
v 3.121812 -0.684519 0.392042
v 3.121812 -0.684519 -0.392040
v 3.035273 -0.655994 0.392042
v 3.035273 -0.655994 -0.392040
v 2.952870 -0.625491 0.392042
v 2.952870 -0.625491 -0.392040
v 2.874514 -0.593321 0.392042
v 2.874514 -0.593321 -0.392040
v 2.800115 -0.559795 0.392042
v 2.800115 -0.559795 -0.392040
v 2.729586 -0.525221 0.392042
v 2.729586 -0.525221 -0.392040
v 2.662838 -0.489909 0.392042
v 2.662838 -0.489909 -0.392040
v 2.599784 -0.454168 0.392042
v 2.599784 -0.454168 -0.392040
v 2.540560 -0.418442 0.392042
v 2.540560 -0.418442 -0.392040
v -0.528807 0.531102 0.392042
v -0.528807 0.531102 -0.392040
v -0.505499 0.578001 0.392042
v -0.505499 0.578001 -0.392040
v -0.491453 0.605345 0.392042
v -0.491453 0.605345 -0.392040
v -0.476325 0.633958 0.392042
v -0.476325 0.633958 -0.392040
v -0.460299 0.663478 0.392042
v -0.460299 0.663478 -0.392040
v -0.443559 0.693549 0.392042
v -0.443559 0.693549 -0.392040
v -0.426287 0.723812 0.392042
v -0.426287 0.723812 -0.392040
v -0.408667 0.753913 0.392042
v -0.408667 0.753913 -0.392040
v -0.390882 0.783493 0.392042
v -0.390882 0.783493 -0.392040
v -0.373120 0.812195 0.392042
v -0.373120 0.812195 -0.392040
v -0.355568 0.839658 0.392042
v -0.355568 0.839658 -0.392040
v -0.338417 0.865518 0.392042
v -0.338417 0.865518 -0.392040
v -0.304404 0.914604 0.392042
v -0.304404 0.914604 -0.392040
v -0.480485 0.987695 0.392042
v -0.480485 0.987695 -0.392040
v -0.507771 0.948697 0.392042
v -0.507771 0.948697 -0.392040
v -0.524842 0.923426 0.392042
v -0.524842 0.923426 -0.392040
v -0.542611 0.896324 0.392042
v -0.542611 0.896324 -0.392040
v -0.560845 0.867768 0.392042
v -0.560845 0.867768 -0.392040
v -0.579306 0.838135 0.392042
v -0.579306 0.838135 -0.392040
v -0.597753 0.807808 0.392042
v -0.597753 0.807808 -0.392040
v -0.615943 0.777169 0.392042
v -0.615943 0.777169 -0.392040
v -0.633638 0.746601 0.392042
v -0.633638 0.746601 -0.392040
v -0.650595 0.716482 0.392042
v -0.650595 0.716482 -0.392040
v -0.666574 0.687190 0.392042
v -0.666574 0.687190 -0.392040
v -0.681338 0.659095 0.392042
v -0.681338 0.659095 -0.392040
v -0.706031 0.609868 0.392042
v -0.706031 0.609868 -0.392040
v -0.803415 0.631642 0.392042
v -0.803415 0.631642 -0.392040
v -0.778979 0.679792 0.392042
v -0.778979 0.679792 -0.392040
v -0.764231 0.708035 0.392042
v -0.764231 0.708035 -0.392040
v -0.748684 0.736995 0.392042
v -0.748684 0.736995 -0.392040
v -0.732455 0.766411 0.392042
v -0.732455 0.766411 -0.392040
v -0.715657 0.796022 0.392042
v -0.715657 0.796022 -0.392040
v -0.698402 0.825568 0.392042
v -0.698402 0.825568 -0.392040
v -0.680810 0.854786 0.392042
v -0.680810 0.854786 -0.392040
v -0.662992 0.883416 0.392042
v -0.662992 0.883416 -0.392040
v -0.645068 0.911193 0.392042
v -0.645068 0.911193 -0.392040
v -0.627161 0.937852 0.392042
v -0.627161 0.937852 -0.392040
v -0.609392 0.963124 0.392042
v -0.609392 0.963124 -0.392040
v -0.573003 1.012228 0.392042
v -0.573003 1.012228 -0.392040
v -0.749639 1.085549 0.392042
v -0.749639 1.085549 -0.392040
v -0.778222 1.046415 0.392042
v -0.778222 1.046415 -0.392040
v -0.796413 1.020373 0.392042
v -0.796413 1.020373 -0.392040
v -0.815165 0.992542 0.392042
v -0.815165 0.992542 -0.392040
v -0.834238 0.963351 0.392042
v -0.834238 0.963351 -0.392040
v -0.853391 0.933236 0.392042
v -0.853391 0.933236 -0.392040
v -0.872375 0.902636 0.392042
v -0.872375 0.902636 -0.392040
v -0.890944 0.871993 0.392042
v -0.890944 0.871993 -0.392040
v -0.908849 0.841746 0.392042
v -0.908849 0.841746 -0.392040
v -0.925837 0.812337 0.392042
v -0.925837 0.812337 -0.392040
v -0.941664 0.784204 0.392042
v -0.941664 0.784204 -0.392040
v -0.956082 0.757775 0.392042
v -0.956082 0.757775 -0.392040
v -0.980906 0.710527 0.392042
v -0.980906 0.710527 -0.392040
v 0.379936 0.667336 0.392042
v 0.379936 0.667336 -0.392040
v 0.390524 0.628527 0.392042
v 0.390524 0.628527 -0.392040
v 0.394439 0.614146 0.392042
v 0.394439 0.614146 -0.392040
v 0.398449 0.599313 0.392042
v 0.398449 0.599313 -0.392040
v 0.402503 0.584148 0.392042
v 0.402503 0.584148 -0.392040
v 0.406550 0.568771 0.392042
v 0.406550 0.568771 -0.392040
v 0.410541 0.553302 0.392042
v 0.410541 0.553302 -0.392040
v 0.414422 0.537864 0.392042
v 0.414422 0.537864 -0.392040
v 0.418143 0.522580 0.392042
v 0.418143 0.522580 -0.392040
v 0.421652 0.507575 0.392042
v 0.421652 0.507575 -0.392040
v 0.424897 0.492980 0.392042
v 0.424897 0.492980 -0.392040
v 0.427827 0.478924 0.392042
v 0.427827 0.478924 -0.392040
v 0.430516 0.464883 0.392042
v 0.430516 0.464883 -0.392040
v 0.440254 0.422218 0.392042
v 0.440254 0.422218 -0.392040
v 0.451940 0.372240 0.392042
v 0.451940 0.372240 -0.392040
v 0.465538 0.315703 0.392042
v 0.465538 0.315703 -0.392040
v 0.480931 0.253730 0.392042
v 0.480931 0.253730 -0.392040
v 0.498000 0.187439 0.392042
v 0.498000 0.187439 -0.392040
v 0.516629 0.117948 0.392042
v 0.516629 0.117948 -0.392040
v 0.536703 0.046375 0.392042
v 0.536703 0.046375 -0.392040
v 0.558105 -0.026168 0.392042
v 0.558105 -0.026168 -0.392040
v 0.580725 -0.098570 0.392042
v 0.580725 -0.098570 -0.392040
v 0.604452 -0.169727 0.392042
v 0.604452 -0.169727 -0.392040
v 0.629184 -0.238540 0.392042
v 0.629184 -0.238540 -0.392040
v 0.654744 -0.303719 0.392042
v 0.654744 -0.303719 -0.392040
v 0.678430 -0.361006 0.392042
v 0.678430 -0.361006 -0.392040
v 0.703728 -0.419117 0.392042
v 0.703728 -0.419117 -0.392040
v 0.730507 -0.477756 0.392042
v 0.730507 -0.477756 -0.392040
v 0.758641 -0.536640 0.392042
v 0.758641 -0.536640 -0.392040
v 0.788007 -0.595485 0.392042
v 0.788007 -0.595485 -0.392040
v 0.818477 -0.654007 0.392042
v 0.818477 -0.654007 -0.392040
v 0.849930 -0.711921 0.392042
v 0.849930 -0.711921 -0.392040
v 0.882238 -0.768944 0.392042
v 0.882238 -0.768944 -0.392040
v 0.915281 -0.824791 0.392042
v 0.915281 -0.824791 -0.392040
v 0.948936 -0.879179 0.392042
v 0.948936 -0.879179 -0.392040
v 0.983077 -0.931824 0.392042
v 0.983077 -0.931824 -0.392040
v 1.028728 -0.998778 0.392042
v 1.028728 -0.998778 -0.392040
v 1.284062 -0.890637 0.392042
v 1.284062 -0.890637 -0.392040
v 1.227651 -0.814013 0.392042
v 1.227651 -0.814013 -0.392040
v 1.190634 -0.760753 0.392042
v 1.190634 -0.760753 -0.392040
v 1.154528 -0.705942 0.392042
v 1.154528 -0.705942 -0.392040
v 1.119460 -0.649954 0.392042
v 1.119460 -0.649954 -0.392040
v 1.085557 -0.593160 0.392042
v 1.085557 -0.593161 -0.392040
v 1.052941 -0.535933 0.392042
v 1.052941 -0.535933 -0.392040
v 1.021740 -0.478643 0.392042
v 1.021740 -0.478643 -0.392040
v 0.992073 -0.421662 0.392042
v 0.992073 -0.421662 -0.392040
v 0.964065 -0.365362 0.392042
v 0.964065 -0.365362 -0.392040
v 0.937837 -0.310116 0.392042
v 0.937837 -0.310116 -0.392040
v 0.913512 -0.256299 0.392042
v 0.913512 -0.256299 -0.392040
v 0.891230 -0.204319 0.392042
v 0.891230 -0.204319 -0.392040
v 0.865204 -0.139405 0.392042
v 0.865204 -0.139405 -0.392040
v 0.839501 -0.070209 0.392042
v 0.839501 -0.070209 -0.392040
v 0.814348 0.002590 0.392042
v 0.814348 0.002590 -0.392040
v 0.789989 0.078250 0.392042
v 0.789989 0.078250 -0.392040
v 0.766672 0.156034 0.392042
v 0.766672 0.156034 -0.392040
v 0.744638 0.235206 0.392042
v 0.744638 0.235206 -0.392040
v 0.724126 0.315029 0.392042
v 0.724126 0.315029 -0.392040
v 0.705380 0.394767 0.392042
v 0.705380 0.394767 -0.392040
v 0.688641 0.473682 0.392042
v 0.688641 0.473682 -0.392040
v 0.674143 0.551032 0.392042
v 0.674143 0.551032 -0.392040
v 0.662127 0.626072 0.392042
v 0.662127 0.626072 -0.392040
v 0.649361 0.724854 0.392042
v 0.649361 0.724854 -0.392040
v -0.191862 0.749585 0.392042
v -0.191862 0.749585 -0.392040
v -0.227417 0.684004 0.392042
v -0.227417 0.684004 -0.392040
v -0.255307 0.630440 0.392042
v -0.255307 0.630440 -0.392040
v -0.284830 0.571865 0.392042
v -0.284830 0.571865 -0.392040
v -0.315607 0.509091 0.392042
v -0.315607 0.509091 -0.392040
v -0.347254 0.442938 0.392042
v -0.347254 0.442938 -0.392040
v -0.379386 0.374229 0.392042
v -0.379386 0.374229 -0.392040
v -0.411615 0.303790 0.392042
v -0.411615 0.303790 -0.392040
v -0.443554 0.232449 0.392042
v -0.443554 0.232449 -0.392040
v -0.474814 0.161031 0.392042
v -0.474814 0.161031 -0.392040
v -0.505006 0.090365 0.392042
v -0.505006 0.090365 -0.392040
v -0.533742 0.021273 0.392042
v -0.533742 0.021273 -0.392040
v -0.560566 -0.045249 0.392042
v -0.560566 -0.045249 -0.392040
v -0.586284 -0.108593 0.392042
v -0.586284 -0.108593 -0.392040
v -0.612948 -0.176596 0.392042
v -0.612948 -0.176596 -0.392040
v -0.640157 -0.248084 0.392042
v -0.640157 -0.248084 -0.392040
v -0.667585 -0.322075 0.392042
v -0.667585 -0.322075 -0.392040
v -0.694903 -0.397583 0.392042
v -0.694903 -0.397583 -0.392040
v -0.721783 -0.473619 0.392042
v -0.721783 -0.473619 -0.392040
v -0.747894 -0.549194 0.392042
v -0.747894 -0.549194 -0.392040
v -0.772910 -0.623320 0.392042
v -0.772910 -0.623320 -0.392040
v -0.796500 -0.695009 0.392042
v -0.796500 -0.695009 -0.392040
v -0.818334 -0.763277 0.392042
v -0.818334 -0.763277 -0.392040
v -0.838086 -0.827144 0.392042
v -0.838086 -0.827144 -0.392040
v -0.862157 -0.908334 0.392042
v -0.862157 -0.908334 -0.392040
v -0.596537 -0.994884 0.392042
v -0.596537 -0.994884 -0.392040
v -0.573768 -0.905663 0.392042
v -0.573768 -0.905663 -0.392040
v -0.555588 -0.839103 0.392042
v -0.555588 -0.839103 -0.392040
v -0.535680 -0.770162 0.392042
v -0.535680 -0.770162 -0.392040
v -0.514258 -0.699372 0.392042
v -0.514258 -0.699372 -0.392040
v -0.491538 -0.627259 0.392042
v -0.491538 -0.627260 -0.392040
v -0.467733 -0.554352 0.392042
v -0.467733 -0.554352 -0.392040
v -0.443060 -0.481174 0.392042
v -0.443060 -0.481174 -0.392040
v -0.417729 -0.408249 0.392042
v -0.417729 -0.408249 -0.392040
v -0.391955 -0.336101 0.392042
v -0.391955 -0.336101 -0.392040
v -0.365954 -0.265253 0.392042
v -0.365954 -0.265253 -0.392040
v -0.339938 -0.196228 0.392042
v -0.339938 -0.196228 -0.392040
v -0.314108 -0.129510 0.392042
v -0.314108 -0.129510 -0.392040
v -0.288655 -0.064892 0.392042
v -0.288655 -0.064892 -0.392040
v -0.261395 0.002511 0.392042
v -0.261395 0.002511 -0.392040
v -0.232637 0.071876 0.392042
v -0.232637 0.071876 -0.392040
v -0.202708 0.142337 0.392042
v -0.202708 0.142337 -0.392040
v -0.171934 0.213028 0.392042
v -0.171934 0.213028 -0.392040
v -0.140644 0.283081 0.392042
v -0.140644 0.283081 -0.392040
v -0.109162 0.351629 0.392042
v -0.109162 0.351629 -0.392040
v -0.077821 0.417802 0.392042
v -0.077821 0.417802 -0.392040
v -0.046950 0.480725 0.392042
v -0.046950 0.480725 -0.392040
v -0.016889 0.539519 0.392042
v -0.016889 0.539519 -0.392040
v 0.012015 0.593291 0.392042
v 0.012015 0.593291 -0.392040
v 0.054480 0.667471 0.392042
v 0.054480 0.667471 -0.392040
v -2.226439 -0.164719 0.392042
v -2.226439 -0.164719 -0.392040
v -2.211181 -0.108058 0.392042
v -2.211181 -0.108058 -0.392040
v -2.199730 -0.070140 0.392042
v -2.199730 -0.070140 -0.392040
v -2.185622 -0.026441 0.392042
v -2.185622 -0.026441 -0.392040
v -2.169418 0.021546 0.392042
v -2.169418 0.021546 -0.392040
v -2.151667 0.072379 0.392042
v -2.151667 0.072379 -0.392040
v -2.132911 0.124639 0.392042
v -2.132911 0.124639 -0.392040
v -2.113692 0.176911 0.392042
v -2.113692 0.176911 -0.392040
v -2.094552 0.227787 0.392042
v -2.094552 0.227787 -0.392040
v -2.076034 0.275855 0.392042
v -2.076034 0.275855 -0.392040
v -2.058683 0.319693 0.392042
v -2.058683 0.319693 -0.392040
v -2.043055 0.357861 0.392042
v -2.043055 0.357861 -0.392040
v -2.019164 0.413474 0.392042
v -2.019164 0.413474 -0.392040
v -2.244834 0.490759 0.392042
v -2.244834 0.490759 -0.392040
v -2.265640 0.440375 0.392042
v -2.265640 0.440375 -0.392040
v -2.280376 0.403328 0.392042
v -2.280376 0.403328 -0.392040
v -2.297188 0.360031 0.392042
v -2.297188 0.360031 -0.392040
v -2.315517 0.311972 0.392042
v -2.315517 0.311972 -0.392040
v -2.334792 0.260661 0.392042
v -2.334792 0.260661 -0.392040
v -2.354440 0.207619 0.392042
v -2.354440 0.207619 -0.392040
v -2.373883 0.154367 0.392042
v -2.373883 0.154367 -0.392040
v -2.392550 0.102426 0.392042
v -2.392550 0.102426 -0.392040
v -2.409865 0.053312 0.392042
v -2.409865 0.053312 -0.392040
v -2.425261 0.008527 0.392042
v -2.425261 0.008527 -0.392040
v -2.438177 -0.030458 0.392042
v -2.438177 -0.030458 -0.392040
v -2.454967 -0.084425 0.392042
v -2.454967 -0.084425 -0.392040
v -3.087487 0.126739 0.392042
v -3.087487 0.126739 -0.392040
v -3.068188 0.059323 0.392042
v -3.068188 0.059323 -0.392040
v -3.047002 -0.007590 0.392042
v -3.047002 -0.007590 -0.392040
v -3.023813 -0.073880 0.392042
v -3.023813 -0.073880 -0.392040
v -2.998507 -0.139428 0.392042
v -2.998507 -0.139428 -0.392040
v -2.970969 -0.204111 0.392042
v -2.970969 -0.204111 -0.392040
v -2.941083 -0.267807 0.392042
v -2.941083 -0.267807 -0.392040
v -2.908733 -0.330395 0.392042
v -2.908733 -0.330395 -0.392040
v -2.873807 -0.391750 0.392042
v -2.873807 -0.391750 -0.392040
v -2.836186 -0.451747 0.392042
v -2.836186 -0.451747 -0.392040
v -2.795761 -0.510258 0.392042
v -2.795761 -0.510259 -0.392040
v -2.752491 -0.567061 0.392042
v -2.752491 -0.567061 -0.392040
v -2.693954 -0.638120 0.392042
v -2.693954 -0.638120 -0.392040
v -2.632540 -0.705130 0.392042
v -2.632540 -0.705130 -0.392040
v -2.568730 -0.767999 0.392042
v -2.568730 -0.767999 -0.392040
v -2.502869 -0.826788 0.392042
v -2.502869 -0.826788 -0.392040
v -2.435300 -0.881560 0.392042
v -2.435300 -0.881560 -0.392040
v -2.366369 -0.932380 0.392042
v -2.366369 -0.932380 -0.392040
v -2.296420 -0.979311 0.392042
v -2.296420 -0.979311 -0.392040
v -2.225793 -1.022418 0.392042
v -2.225793 -1.022418 -0.392040
v -2.154829 -1.061764 0.392042
v -2.154829 -1.061765 -0.392040
v -2.083864 -1.097415 0.392042
v -2.083864 -1.097415 -0.392040
v -2.013238 -1.129433 0.392042
v -2.013238 -1.129433 -0.392040
v -1.928546 -1.163875 0.392042
v -1.928546 -1.163875 -0.392040
v -1.727386 -0.959666 0.392042
v -1.727386 -0.959666 -0.392040
v -1.836266 -0.924737 0.392042
v -1.836266 -0.924737 -0.392040
v -1.907351 -0.898040 0.392042
v -1.907351 -0.898040 -0.392040
v -1.978656 -0.867350 0.392042
v -1.978656 -0.867350 -0.392040
v -2.049687 -0.832798 0.392042
v -2.049687 -0.832798 -0.392040
v -2.119959 -0.794515 0.392042
v -2.119959 -0.794515 -0.392040
v -2.188981 -0.752637 0.392042
v -2.188981 -0.752637 -0.392040
v -2.256271 -0.707301 0.392042
v -2.256271 -0.707301 -0.392040
v -2.321346 -0.658646 0.392042
v -2.321346 -0.658646 -0.392040
v -2.383726 -0.606812 0.392042
v -2.383726 -0.606813 -0.392040
v -2.442931 -0.551943 0.392042
v -2.442931 -0.551943 -0.392040
v -2.498487 -0.494182 0.392042
v -2.498487 -0.494182 -0.392040
v -2.550057 -0.433520 0.392042
v -2.550057 -0.433520 -0.392040
v -2.591775 -0.379254 0.392042
v -2.591775 -0.379254 -0.392040
v -2.631437 -0.321304 0.392042
v -2.631437 -0.321304 -0.392040
v -2.668951 -0.259905 0.392042
v -2.668951 -0.259905 -0.392040
v -2.704147 -0.195397 0.392042
v -2.704147 -0.195397 -0.392040
v -2.736859 -0.128117 0.392042
v -2.736859 -0.128117 -0.392040
v -2.766924 -0.058406 0.392042
v -2.766924 -0.058406 -0.392040
v -2.794183 0.013399 0.392042
v -2.794183 0.013399 -0.392040
v -2.818477 0.086955 0.392042
v -2.818477 0.086955 -0.392040
v -2.839648 0.161924 0.392042
v -2.839648 0.161924 -0.392040
v -2.857546 0.237966 0.392042
v -2.857546 0.237966 -0.392040
v -2.872016 0.314738 0.392042
v -2.872016 0.314738 -0.392040
v -2.887026 0.421088 0.392042
v -2.887026 0.421088 -0.392040
v -3.148993 0.338843 0.392042
v -3.148993 0.338843 -0.392040
v -3.137150 0.302752 0.392042
v -3.137150 0.302752 -0.392040
v -3.133355 0.290831 0.392042
v -3.133355 0.290831 -0.392040
v -3.129807 0.279368 0.392042
v -3.129807 0.279368 -0.392040
v -3.126480 0.268341 0.392042
v -3.126480 0.268341 -0.392040
v -3.123348 0.257727 0.392042
v -3.123348 0.257727 -0.392040
v -3.120384 0.247506 0.392042
v -3.120384 0.247506 -0.392040
v -3.117562 0.237657 0.392042
v -3.117562 0.237657 -0.392040
v -3.114857 0.228155 0.392042
v -3.114857 0.228155 -0.392040
v -3.112238 0.218979 0.392042
v -3.112238 0.218979 -0.392040
v -3.109680 0.210103 0.392042
v -3.109680 0.210103 -0.392040
v -3.107156 0.201507 0.392042
v -3.107156 0.201507 -0.392040
v -3.104816 0.193772 0.392042
v -3.104816 0.193772 -0.392040
v -1.683497 -0.316689 0.392042
v -1.683497 -0.316689 -0.392040
v -1.664834 -0.256325 0.392042
v -1.664834 -0.256325 -0.392040
v -1.650440 -0.213669 0.392042
v -1.650440 -0.213669 -0.392040
v -1.633211 -0.165293 0.392042
v -1.633211 -0.165293 -0.392040
v -1.613811 -0.112882 0.392042
v -1.613811 -0.112882 -0.392040
v -1.592902 -0.058082 0.392042
v -1.592902 -0.058082 -0.392040
v -1.571136 -0.002525 0.392042
v -1.571136 -0.002525 -0.392040
v -1.549170 0.052164 0.392042
v -1.549170 0.052164 -0.392040
v -1.527658 0.104355 0.392042
v -1.527658 0.104355 -0.392040
v -1.507257 0.152414 0.392042
v -1.507257 0.152414 -0.392040
v -1.488640 0.194681 0.392042
v -1.488640 0.194681 -0.392040
v -1.472519 0.229425 0.392042
v -1.472519 0.229425 -0.392040
v -1.447176 0.279527 0.392042
v -1.447176 0.279527 -0.392040
v -1.675281 0.368919 0.392042
v -1.675281 0.368919 -0.392040
v -1.698726 0.316905 0.392042
v -1.698726 0.316905 -0.392040
v -1.715353 0.278468 0.392042
v -1.715353 0.278468 -0.392040
v -1.734097 0.233985 0.392042
v -1.734097 0.233985 -0.392040
v -1.754428 0.184829 0.392042
v -1.754428 0.184829 -0.392040
v -1.775802 0.132399 0.392042
v -1.775802 0.132399 -0.392040
v -1.797669 0.078104 0.392042
v -1.797669 0.078104 -0.392040
v -1.819486 0.023357 0.392042
v -1.819486 0.023357 -0.392040
v -1.840695 -0.030428 0.392042
v -1.840695 -0.030428 -0.392040
v -1.860750 -0.081838 0.392042
v -1.860750 -0.081838 -0.392040
v -1.879102 -0.129462 0.392042
v -1.879102 -0.129462 -0.392040
v -1.895205 -0.171898 0.392042
v -1.895205 -0.171898 -0.392040
v -1.917011 -0.230657 0.392042
v -1.917011 -0.230657 -0.392040
v -4.291897 0.871757 0.392042
v -4.291897 0.871757 -0.392040
v -4.358585 0.871757 0.392042
v -4.358585 0.871757 -0.392040
v -4.441150 0.871757 0.392042
v -4.441150 0.871757 -0.392040
v -4.535582 0.871757 0.392042
v -4.535582 0.871757 -0.392040
v -4.637877 0.871757 0.392042
v -4.637877 0.871757 -0.392040
v -4.744024 0.871757 0.392042
v -4.744024 0.871757 -0.392040
v -4.850019 0.871757 0.392042
v -4.850019 0.871757 -0.392040
v -4.951853 0.871757 0.392042
v -4.951853 0.871757 -0.392040
v -5.045521 0.871757 0.392042
v -5.045521 0.871757 -0.392040
v -5.127012 0.871757 0.392042
v -5.127012 0.871757 -0.392040
v -5.192324 0.871757 0.392042
v -5.192324 0.871757 -0.392040
v -5.237373 0.871757 0.392042
v -5.237373 0.871757 -0.392040
v -5.254707 0.871858 0.392042
v -5.254707 0.871858 -0.392040
v -5.272673 0.872160 0.392042
v -5.272673 0.872160 -0.392040
v -5.291214 0.872664 0.392042
v -5.291214 0.872664 -0.392040
v -5.310194 0.873369 0.392042
v -5.310194 0.873369 -0.392040
v -5.329483 0.874277 0.392042
v -5.329483 0.874277 -0.392040
v -5.348946 0.875386 0.392042
v -5.348946 0.875386 -0.392040
v -5.368450 0.876696 0.392042
v -5.368450 0.876696 -0.392040
v -5.387867 0.878207 0.392042
v -5.387867 0.878207 -0.392040
v -5.407061 0.879917 0.392042
v -5.407061 0.879917 -0.392040
v -5.425900 0.881826 0.392042
v -5.425900 0.881826 -0.392040
v -5.444246 0.883930 0.392042
v -5.444246 0.883930 -0.392040
v -5.489820 0.889843 0.392042
v -5.489820 0.889843 -0.392040
v -5.489822 0.632438 0.392042
v -5.489822 0.632438 -0.392040
v -5.445765 0.635302 0.392042
v -5.445765 0.635302 -0.392040
v -5.427370 0.636364 0.392042
v -5.427370 0.636364 -0.392040
v -5.408552 0.637326 0.392042
v -5.408552 0.637326 -0.392040
v -5.389418 0.638187 0.392042
v -5.389418 0.638187 -0.392040
v -5.370071 0.638948 0.392042
v -5.370071 0.638948 -0.392040
v -5.350616 0.639607 0.392042
v -5.350616 0.639607 -0.392040
v -5.331156 0.640165 0.392042
v -5.331156 0.640165 -0.392040
v -5.311798 0.640622 0.392042
v -5.311798 0.640622 -0.392040
v -5.292643 0.640977 0.392042
v -5.292643 0.640977 -0.392040
v -5.273796 0.641230 0.392042
v -5.273796 0.641230 -0.392040
v -5.255363 0.641382 0.392042
v -5.255363 0.641382 -0.392040
v -5.237410 0.641433 0.392042
v -5.237410 0.641433 -0.392040
v -5.192324 0.641433 0.392042
v -5.192324 0.641433 -0.392040
v -5.127024 0.641433 0.392042
v -5.127024 0.641433 -0.392040
v -5.045559 0.641433 0.392042
v -5.045559 0.641433 -0.392040
v -4.951944 0.641433 0.392042
v -4.951944 0.641433 -0.392040
v -4.850197 0.641433 0.392042
v -4.850197 0.641433 -0.392040
v -4.744330 0.641433 0.392042
v -4.744330 0.641433 -0.392040
v -4.638363 0.641433 0.392042
v -4.638363 0.641433 -0.392040
v -4.536308 0.641433 0.392042
v -4.536308 0.641433 -0.392040
v -4.442183 0.641433 0.392042
v -4.442183 0.641433 -0.392040
v -4.360003 0.641433 0.392042
v -4.360003 0.641433 -0.392040
v -4.293785 0.641433 0.392042
v -4.293785 0.641433 -0.392040
v -4.247572 0.641433 0.392042
v -4.247572 0.641433 -0.392040
v -4.227462 0.641383 0.392042
v -4.227462 0.641383 -0.392040
v -4.207453 0.641230 0.392042
v -4.207453 0.641230 -0.392040
v -4.187581 0.640977 0.392042
v -4.187581 0.640977 -0.392040
v -4.167918 0.640622 0.392042
v -4.167918 0.640622 -0.392040
v -4.148534 0.640166 0.392042
v -4.148534 0.640166 -0.392040
v -4.129495 0.639608 0.392042
v -4.129495 0.639608 -0.392040
v -4.110876 0.638950 0.392042
v -4.110876 0.638950 -0.392040
v -4.092743 0.638191 0.392042
v -4.092743 0.638191 -0.392040
v -4.075170 0.637332 0.392042
v -4.075170 0.637332 -0.392040
v -4.058228 0.636373 0.392042
v -4.058228 0.636373 -0.392040
v -4.041988 0.635316 0.392042
v -4.041988 0.635316 -0.392040
v -4.000066 0.632183 0.392042
v -4.000066 0.632183 -0.392040
v -4.000065 0.889201 0.392042
v -4.000065 0.889201 -0.392040
v -4.044379 0.884491 0.392042
v -4.044379 0.884491 -0.392040
v -4.061755 0.882692 0.392042
v -4.061755 0.882692 -0.392040
v -4.079303 0.880947 0.392042
v -4.079303 0.880947 -0.392040
v -4.097022 0.879280 0.392042
v -4.097022 0.879280 -0.392040
v -4.114915 0.877717 0.392042
v -4.114915 0.877717 -0.392040
v -4.132981 0.876283 0.392042
v -4.132981 0.876283 -0.392040
v -4.151223 0.875002 0.392042
v -4.151223 0.875002 -0.392040
v -4.169641 0.873900 0.392042
v -4.169641 0.873900 -0.392040
v -4.188235 0.872999 0.392042
v -4.188235 0.872999 -0.392040
v -4.207006 0.872326 0.392042
v -4.207006 0.872326 -0.392040
v -4.225956 0.871904 0.392042
v -4.225956 0.871904 -0.392040
v -4.245184 0.871757 0.392042
v -4.245184 0.871757 -0.392040
v -4.002660 0.259193 0.392042
v -4.002660 0.259193 -0.392040
v -4.102918 0.259193 0.392042
v -4.102918 0.259193 -0.392040
v -4.236169 0.259193 0.392042
v -4.236169 0.259193 -0.392040
v -4.394101 0.259193 0.392042
v -4.394101 0.259193 -0.392040
v -4.568402 0.259193 0.392042
v -4.568402 0.259193 -0.392040
v -4.750761 0.259193 0.392042
v -4.750761 0.259193 -0.392040
v -4.932863 0.259193 0.392042
v -4.932863 0.259193 -0.392040
v -5.106400 0.259193 0.392042
v -5.106400 0.259193 -0.392040
v -5.263056 0.259193 0.392042
v -5.263056 0.259193 -0.392040
v -5.394522 0.259193 0.392042
v -5.394522 0.259193 -0.392040
v -5.492481 0.259193 0.392042
v -5.492481 0.259193 -0.392040
v -5.548578 0.259193 0.392042
v -5.548578 0.259193 -0.392040
v -5.561880 0.259247 0.392042
v -5.561880 0.259247 -0.392040
v -5.576176 0.259417 0.392042
v -5.576176 0.259417 -0.392040
v -5.591330 0.259722 0.392042
v -5.591330 0.259722 -0.392040
v -5.607159 0.260178 0.392042
v -5.607159 0.260178 -0.392040
v -5.623478 0.260801 0.392042
v -5.623478 0.260801 -0.392040
v -5.640102 0.261608 0.392042
v -5.640102 0.261608 -0.392040
v -5.656847 0.262614 0.392042
v -5.656847 0.262614 -0.392040
v -5.673527 0.263834 0.392042
v -5.673527 0.263834 -0.392040
v -5.689945 0.265282 0.392042
v -5.689945 0.265282 -0.392040
v -5.705915 0.266971 0.392042
v -5.705915 0.266971 -0.392040
v -5.721233 0.268912 0.392042
v -5.721233 0.268912 -0.392040
v -5.764250 0.275450 0.392042
v -5.764250 0.275450 -0.392040
v -5.764250 0.017972 0.392042
v -5.764250 0.017972 -0.392040
v -5.724754 0.019701 0.392042
v -5.724754 0.019701 -0.392040
v -5.709997 0.020301 0.392042
v -5.709997 0.020301 -0.392040
v -5.694527 0.020884 0.392042
v -5.694527 0.020884 -0.392040
v -5.678493 0.021441 0.392042
v -5.678493 0.021441 -0.392040
v -5.662052 0.021965 0.392042
v -5.662052 0.021965 -0.392040
v -5.645359 0.022446 0.392042
v -5.645359 0.022446 -0.392040
v -5.628569 0.022877 0.392042
v -5.628569 0.022877 -0.392040
v -5.611837 0.023248 0.392042
v -5.611837 0.023248 -0.392040
v -5.595322 0.023551 0.392042
v -5.595322 0.023551 -0.392040
v -5.579176 0.023777 0.392042
v -5.579176 0.023777 -0.392040
v -5.563560 0.023919 0.392042
v -5.563560 0.023919 -0.392040
v -5.548586 0.023969 0.392042
v -5.548586 0.023969 -0.392040
v -4.905733 0.023969 0.392042
v -4.905733 0.023969 -0.392040
v -4.904112 -0.018048 0.392042
v -4.904112 -0.018048 -0.392040
v -4.900137 -0.082206 0.392042
v -4.900137 -0.082206 -0.392040
v -4.894629 -0.144696 0.392042
v -4.894629 -0.144696 -0.392040
v -4.887480 -0.205522 0.392042
v -4.887480 -0.205522 -0.392040
v -4.878595 -0.264685 0.392042
v -4.878595 -0.264685 -0.392040
v -4.867872 -0.322187 0.392042
v -4.867872 -0.322187 -0.392040
v -4.855207 -0.378028 0.392042
v -4.855207 -0.378028 -0.392040
v -4.840498 -0.432204 0.392042
v -4.840498 -0.432204 -0.392040
v -4.823641 -0.484710 0.392042
v -4.823641 -0.484710 -0.392040
v -4.804531 -0.535539 0.392042
v -4.804531 -0.535539 -0.392040
v -4.783069 -0.584679 0.392042
v -4.783069 -0.584679 -0.392040
v -4.759136 -0.632145 0.392042
v -4.759136 -0.632145 -0.392040
v -4.734320 -0.674715 0.392042
v -4.734320 -0.674715 -0.392040
v -4.705621 -0.717428 0.392042
v -4.705621 -0.717428 -0.392040
v -4.673380 -0.759929 0.392042
v -4.673380 -0.759929 -0.392040
v -4.637859 -0.801976 0.392042
v -4.637859 -0.801976 -0.392040
v -4.599313 -0.843316 0.392042
v -4.599313 -0.843316 -0.392040
v -4.558000 -0.883689 0.392042
v -4.558000 -0.883689 -0.392040
v -4.514173 -0.922833 0.392042
v -4.514173 -0.922833 -0.392040
v -4.468083 -0.960478 0.392042
v -4.468083 -0.960478 -0.392040
v -4.419988 -0.996354 0.392042
v -4.419988 -0.996354 -0.392040
v -4.370133 -1.030188 0.392042
v -4.370133 -1.030188 -0.392040
v -4.318771 -1.061702 0.392042
v -4.318771 -1.061702 -0.392040
v -4.252903 -1.097897 0.392042
v -4.252903 -1.097897 -0.392040
v -4.025167 -0.928633 0.392042
v -4.025167 -0.928633 -0.392040
v -4.110571 -0.891006 0.392042
v -4.110571 -0.891006 -0.392040
v -4.156085 -0.868172 0.392042
v -4.156085 -0.868172 -0.392040
v -4.200580 -0.843079 0.392042
v -4.200580 -0.843079 -0.392040
v -4.243815 -0.815906 0.392042
v -4.243815 -0.815906 -0.392040
v -4.285551 -0.786839 0.392042
v -4.285551 -0.786839 -0.392040
v -4.325547 -0.756063 0.392042
v -4.325547 -0.756063 -0.392040
v -4.363567 -0.723768 0.392042
v -4.363567 -0.723768 -0.392040
v -4.399373 -0.690143 0.392042
v -4.399373 -0.690143 -0.392040
v -4.432732 -0.655385 0.392042
v -4.432732 -0.655385 -0.392040
v -4.463409 -0.619690 0.392042
v -4.463409 -0.619691 -0.392040
v -4.491178 -0.583262 0.392042
v -4.491178 -0.583262 -0.392040
v -4.515862 -0.546234 0.392042
v -4.515862 -0.546234 -0.392040
v -4.540361 -0.504028 0.392042
v -4.540361 -0.504028 -0.392040
v -4.561790 -0.460508 0.392042
v -4.561790 -0.460508 -0.392040
v -4.580406 -0.415576 0.392042
v -4.580406 -0.415576 -0.392040
v -4.596419 -0.369238 0.392042
v -4.596419 -0.369238 -0.392040
v -4.610022 -0.321508 0.392042
v -4.610022 -0.321508 -0.392040
v -4.621409 -0.272405 0.392042
v -4.621409 -0.272405 -0.392040
v -4.630780 -0.221957 0.392042
v -4.630780 -0.221957 -0.392040
v -4.638327 -0.170194 0.392042
v -4.638327 -0.170194 -0.392040
v -4.644250 -0.117152 0.392042
v -4.644250 -0.117152 -0.392040
v -4.648750 -0.062868 0.392042
v -4.648750 -0.062868 -0.392040
v -4.652030 -0.007381 0.392042
v -4.652030 -0.007381 -0.392040
v -4.653284 0.023969 0.392042
v -4.653284 0.023969 -0.392040
v -3.943712 0.023969 0.392042
v -3.943712 0.023969 -0.392040
v -3.925399 0.023966 0.392042
v -3.925399 0.023966 -0.392040
v -3.907209 0.023946 0.392042
v -3.907209 0.023946 -0.392040
v -3.889146 0.023892 0.392042
v -3.889146 0.023892 -0.392040
v -3.871207 0.023788 0.392042
v -3.871207 0.023788 -0.392040
v -3.853396 0.023616 0.392042
v -3.853396 0.023616 -0.392040
v -3.835712 0.023360 0.392042
v -3.835712 0.023360 -0.392040
v -3.818154 0.023003 0.392042
v -3.818154 0.023003 -0.392040
v -3.800725 0.022528 0.392042
v -3.800725 0.022528 -0.392040
v -3.783422 0.021920 0.392042
v -3.783422 0.021920 -0.392040
v -3.766249 0.021162 0.392042
v -3.766249 0.021162 -0.392040
v -3.749204 0.020237 0.392042
v -3.749204 0.020237 -0.392040
v -3.706035 0.017412 0.392042
v -3.706035 0.017412 -0.392040
v -3.706035 0.274126 0.392042
v -3.706035 0.274126 -0.392040
v -3.750150 0.269536 0.392042
v -3.750150 0.269536 -0.392040
v -3.767166 0.267878 0.392042
v -3.767166 0.267878 -0.392040
v -3.784218 0.266338 0.392042
v -3.784218 0.266338 -0.392040
v -3.801332 0.264927 0.392042
v -3.801332 0.264927 -0.392040
v -3.818535 0.263650 0.392042
v -3.818535 0.263650 -0.392040
v -3.835855 0.262517 0.392042
v -3.835855 0.262517 -0.392040
v -3.853316 0.261536 0.392042
v -3.853316 0.261536 -0.392040
v -3.870948 0.260715 0.392042
v -3.870948 0.260715 -0.392040
v -3.888777 0.260062 0.392042
v -3.888777 0.260062 -0.392040
v -3.906828 0.259585 0.392042
v -3.906828 0.259585 -0.392040
v -3.925129 0.259293 0.392042
v -3.925129 0.259293 -0.392040
v -3.943775 0.259193 0.392042
v -3.943775 0.259193 -0.392040
v -7.173611 0.108122 0.392043
v -7.173611 0.108122 -0.392039
v -7.230371 0.146505 0.392043
v -7.230371 0.146505 -0.392039
v -7.286226 0.186633 0.392043
v -7.286226 0.186633 -0.392039
v -7.340837 0.228142 0.392043
v -7.340837 0.228142 -0.392039
v -7.393875 0.270670 0.392043
v -7.393875 0.270670 -0.392039
v -7.445004 0.313852 0.392043
v -7.445004 0.313852 -0.392039
v -7.493891 0.357325 0.392043
v -7.493891 0.357325 -0.392039
v -7.540205 0.400720 0.392043
v -7.540205 0.400720 -0.392039
v -7.583612 0.443667 0.392043
v -7.583612 0.443667 -0.392039
v -7.623777 0.485791 0.392043
v -7.623777 0.485791 -0.392039
v -7.660360 0.526710 0.392043
v -7.660360 0.526710 -0.392039
v -7.710247 0.586765 0.392043
v -7.710247 0.586765 -0.392039
v -7.898481 0.404603 0.392043
v -7.898481 0.404603 -0.392039
v -7.849407 0.352205 0.392043
v -7.849407 0.352205 -0.392039
v -7.813271 0.315635 0.392043
v -7.813271 0.315635 -0.392039
v -7.774090 0.277824 0.392043
v -7.774090 0.277824 -0.392039
v -7.732098 0.239029 0.392043
v -7.732098 0.239029 -0.392039
v -7.687531 0.199512 0.392043
v -7.687531 0.199512 -0.392039
v -7.640631 0.159535 0.392043
v -7.640631 0.159535 -0.392039
v -7.591637 0.119366 0.392043
v -7.591637 0.119366 -0.392039
v -7.540791 0.079270 0.392043
v -7.540791 0.079270 -0.392039
v -7.488331 0.039516 0.392043
v -7.488331 0.039516 -0.392039
v -7.434500 0.000373 0.392043
v -7.434500 0.000373 -0.392039
v -7.379539 -0.037890 0.392043
v -7.379539 -0.037890 -0.392039
v -7.334864 -0.067577 0.392043
v -7.334864 -0.067577 -0.392039
v -7.334866 -0.926696 0.392043
v -7.334866 -0.926696 -0.392039
v -7.334919 -0.946042 0.392043
v -7.334919 -0.946042 -0.392039
v -7.335091 -0.966066 0.392043
v -7.335091 -0.966066 -0.392039
v -7.335398 -0.986496 0.392043
v -7.335398 -0.986496 -0.392039
v -7.335855 -1.007030 0.392043
v -7.335855 -1.007030 -0.392039
v -7.336481 -1.027361 0.392043
v -7.336481 -1.027361 -0.392039
v -7.337290 -1.047178 0.392043
v -7.337290 -1.047178 -0.392039
v -7.338295 -1.066167 0.392043
v -7.338295 -1.066167 -0.392039
v -7.339510 -1.084003 0.392043
v -7.339510 -1.084003 -0.392039
v -7.340944 -1.100345 0.392043
v -7.340944 -1.100345 -0.392039
v -7.342596 -1.114820 0.392043
v -7.342596 -1.114820 -0.392039
v -7.344439 -1.126988 0.392043
v -7.344439 -1.126988 -0.392039
v -7.352751 -1.166856 0.392043
v -7.352751 -1.166856 -0.392039
v -7.069824 -1.166856 0.392043
v -7.069824 -1.166856 -0.392039
v -7.074030 -1.128870 0.392043
v -7.074030 -1.128870 -0.392039
v -7.075197 -1.115997 0.392043
v -7.075197 -1.115997 -0.392039
v -7.076347 -1.101055 0.392043
v -7.076347 -1.101055 -0.392039
v -7.077452 -1.084391 0.392043
v -7.077452 -1.084391 -0.392039
v -7.078493 -1.066330 0.392043
v -7.078493 -1.066330 -0.392039
v -7.079453 -1.047185 0.392043
v -7.079453 -1.047185 -0.392039
v -7.080309 -1.027266 0.392043
v -7.080309 -1.027266 -0.392039
v -7.081049 -1.006876 0.392043
v -7.081049 -1.006876 -0.392039
v -7.081654 -0.986322 0.392043
v -7.081654 -0.986322 -0.392039
v -7.082106 -0.965909 0.392043
v -7.082106 -0.965909 -0.392039
v -7.082390 -0.945945 0.392043
v -7.082390 -0.945945 -0.392039
v -7.082489 -0.926668 0.392043
v -7.082489 -0.926668 -0.392039
v -7.082489 -0.217519 0.392043
v -7.082489 -0.217519 -0.392039
v -7.065193 -0.226613 0.392043
v -7.065193 -0.226613 -0.392039
v -7.008865 -0.255173 0.392043
v -7.008865 -0.255173 -0.392039
v -6.949873 -0.284032 0.392043
v -6.949873 -0.284032 -0.392039
v -6.888508 -0.312987 0.392043
v -6.888508 -0.312987 -0.392039
v -6.825060 -0.341836 0.392043
v -6.825060 -0.341836 -0.392039
v -6.759827 -0.370378 0.392043
v -6.759827 -0.370378 -0.392039
v -6.693098 -0.398409 0.392043
v -6.693098 -0.398409 -0.392039
v -6.625172 -0.425727 0.392043
v -6.625172 -0.425727 -0.392039
v -6.556335 -0.452128 0.392043
v -6.556335 -0.452128 -0.392039
v -6.486883 -0.477409 0.392043
v -6.486883 -0.477409 -0.392039
v -6.417109 -0.501366 0.392043
v -6.417109 -0.501366 -0.392039
v -6.327761 -0.530074 0.392043
v -6.327761 -0.530074 -0.392039
v -6.211134 -0.302955 0.392042
v -6.211134 -0.302955 -0.392040
v -6.321938 -0.274548 0.392042
v -6.321938 -0.274548 -0.392040
v -6.403477 -0.250412 0.392043
v -6.403477 -0.250412 -0.392039
v -6.485270 -0.223294 0.392043
v -6.485270 -0.223294 -0.392039
v -6.566605 -0.193695 0.392043
v -6.566605 -0.193695 -0.392039
v -6.646772 -0.162118 0.392043
v -6.646772 -0.162118 -0.392039
v -6.725071 -0.129066 0.392043
v -6.725071 -0.129066 -0.392039
v -6.800797 -0.095046 0.392043
v -6.800797 -0.095046 -0.392039
v -6.873245 -0.060563 0.392043
v -6.873245 -0.060563 -0.392039
v -6.941715 -0.026126 0.392043
v -6.941715 -0.026126 -0.392039
v -7.005499 0.007754 0.392043
v -7.005499 0.007754 -0.392039
v -7.063887 0.040560 0.392043
v -7.063887 0.040560 -0.392039
v -7.116209 0.071797 0.392043
v -7.116209 0.071797 -0.392039
v -9.424875 0.148527 0.392043
v -9.424875 0.148527 -0.392039
v -9.373484 0.200255 0.392043
v -9.373484 0.200255 -0.392039
v -9.332998 0.239060 0.392043
v -9.332998 0.239060 -0.392039
v -9.286915 0.281663 0.392043
v -9.286915 0.281663 -0.392039
v -9.236345 0.327071 0.392043
v -9.236345 0.327071 -0.392039
v -9.182383 0.374309 0.392043
v -9.182383 0.374309 -0.392039
v -9.126116 0.422407 0.392043
v -9.126116 0.422407 -0.392039
v -9.068632 0.470403 0.392043
v -9.068632 0.470403 -0.392039
v -9.011013 0.517333 0.392043
v -9.011013 0.517333 -0.392039
v -8.954350 0.562232 0.392043
v -8.954350 0.562232 -0.392039
v -8.899734 0.604130 0.392043
v -8.899734 0.604130 -0.392039
v -8.848284 0.642053 0.392043
v -8.848284 0.642053 -0.392039
v -8.777637 0.691435 0.392043
v -8.777637 0.691435 -0.392039
v -8.950935 0.876895 0.392043
v -8.950935 0.876895 -0.392039
v -9.014742 0.833335 0.392043
v -9.014742 0.833335 -0.392039
v -9.066078 0.796575 0.392043
v -9.066078 0.796575 -0.392039
v -9.120951 0.755836 0.392043
v -9.120951 0.755836 -0.392039
v -9.178301 0.711990 0.392043
v -9.178301 0.711990 -0.392039
v -9.237051 0.665916 0.392043
v -9.237051 0.665916 -0.392039
v -9.296120 0.618494 0.392043
v -9.296120 0.618494 -0.392039
v -9.354420 0.570610 0.392043
v -9.354420 0.570610 -0.392039
v -9.410872 0.523146 0.392043
v -9.410872 0.523146 -0.392039
v -9.464390 0.476980 0.392043
v -9.464390 0.476980 -0.392039
v -9.513897 0.432985 0.392043
v -9.513897 0.432985 -0.392039
v -9.558332 0.392017 0.392043
v -9.558332 0.392017 -0.392039
v -9.614231 0.337881 0.392043
v -9.614231 0.337881 -0.392039
v -9.802378 -0.357196 0.392043
v -9.802378 -0.357196 -0.392039
v -9.890505 -0.291460 0.392043
v -9.890505 -0.291460 -0.392039
v -9.974903 -0.221818 0.392043
v -9.974903 -0.221818 -0.392039
v -10.055292 -0.148917 0.392043
v -10.055292 -0.148917 -0.392039
v -10.131386 -0.073407 0.392043
v -10.131386 -0.073407 -0.392039
v -10.202902 0.004059 0.392043
v -10.202902 0.004059 -0.392039
v -10.269554 0.082827 0.392043
v -10.269554 0.082827 -0.392039
v -10.331064 0.162239 0.392043
v -10.331064 0.162239 -0.392039
v -10.387150 0.241633 0.392043
v -10.387150 0.241633 -0.392039
v -10.437531 0.320342 0.392043
v -10.437531 0.320342 -0.392039
v -10.481930 0.397693 0.392043
v -10.481930 0.397693 -0.392039
v -10.541075 0.514476 0.392043
v -10.541075 0.514476 -0.392039
v -10.688051 0.254207 0.392043
v -10.688051 0.254207 -0.392039
v -10.636732 0.164606 0.392043
v -10.636732 0.164606 -0.392039
v -10.587175 0.086003 0.392043
v -10.587175 0.086003 -0.392039
v -10.532854 0.007204 0.392043
v -10.532854 0.007204 -0.392039
v -10.473886 -0.071356 0.392043
v -10.473886 -0.071356 -0.392039
v -10.410398 -0.149243 0.392043
v -10.410398 -0.149243 -0.392039
v -10.342508 -0.226021 0.392043
v -10.342508 -0.226021 -0.392039
v -10.270346 -0.301252 0.392043
v -10.270346 -0.301252 -0.392039
v -10.194025 -0.374495 0.392043
v -10.194025 -0.374495 -0.392039
v -10.113672 -0.445310 0.392043
v -10.113672 -0.445310 -0.392039
v -10.029404 -0.513253 0.392043
v -10.029404 -0.513254 -0.392039
v -9.941345 -0.577882 0.392043
v -9.941345 -0.577882 -0.392039
v -9.849762 -0.638655 0.392043
v -9.849762 -0.638655 -0.392039
v -9.786482 -0.677490 0.392043
v -9.786482 -0.677490 -0.392039
v -9.720428 -0.715813 0.392043
v -9.720428 -0.715813 -0.392039
v -9.651367 -0.753462 0.392043
v -9.651367 -0.753462 -0.392039
v -9.579197 -0.790193 0.392043
v -9.579197 -0.790193 -0.392039
v -9.503820 -0.825764 0.392043
v -9.503820 -0.825764 -0.392039
v -9.425138 -0.859930 0.392043
v -9.425138 -0.859930 -0.392039
v -9.343052 -0.892450 0.392043
v -9.343052 -0.892450 -0.392039
v -9.257462 -0.923081 0.392043
v -9.257462 -0.923081 -0.392039
v -9.168270 -0.951580 0.392043
v -9.168270 -0.951580 -0.392039
v -9.075382 -0.977707 0.392043
v -9.075382 -0.977707 -0.392039
v -8.978701 -1.001220 0.392043
v -8.978701 -1.001220 -0.392039
v -8.862143 -1.025161 0.392043
v -8.862143 -1.025161 -0.392039
v -8.702963 -0.778887 0.392043
v -8.702963 -0.778887 -0.392039
v -8.844147 -0.755122 0.392043
v -8.844147 -0.755122 -0.392039
v -8.943632 -0.734395 0.392043
v -8.943632 -0.734395 -0.392039
v -9.038710 -0.710757 0.392043
v -9.038710 -0.710757 -0.392039
v -9.129475 -0.684519 0.392043
v -9.129475 -0.684519 -0.392039
v -9.216013 -0.655994 0.392043
v -9.216013 -0.655994 -0.392039
v -9.298416 -0.625491 0.392043
v -9.298416 -0.625491 -0.392039
v -9.376772 -0.593321 0.392043
v -9.376772 -0.593321 -0.392039
v -9.451168 -0.559795 0.392043
v -9.451168 -0.559795 -0.392039
v -9.521696 -0.525221 0.392043
v -9.521696 -0.525221 -0.392039
v -9.588446 -0.489909 0.392043
v -9.588446 -0.489909 -0.392039
v -9.651501 -0.454168 0.392043
v -9.651501 -0.454168 -0.392039
v -9.710724 -0.418442 0.392043
v -9.710724 -0.418442 -0.392039
v -12.780264 0.582635 0.392043
v -12.780264 0.582635 -0.392039
v -12.756849 0.628795 0.392043
v -12.756849 0.628795 -0.392039
v -12.742775 0.655850 0.392043
v -12.742775 0.655850 -0.392039
v -12.727627 0.684293 0.392043
v -12.727627 0.684293 -0.392039
v -12.711588 0.713732 0.392043
v -12.711588 0.713732 -0.392039
v -12.694839 0.743778 0.392043
v -12.694839 0.743778 -0.392039
v -12.677567 0.774041 0.392043
v -12.677567 0.774041 -0.392039
v -12.659950 0.804130 0.392043
v -12.659950 0.804130 -0.392039
v -12.642176 0.833654 0.392043
v -12.642176 0.833654 -0.392039
v -12.624434 0.862219 0.392043
v -12.624434 0.862219 -0.392039
v -12.606913 0.889428 0.392043
v -12.606913 0.889428 -0.392039
v -12.589809 0.914875 0.392043
v -12.589809 0.914875 -0.392039
v -12.555683 0.963083 0.392043
v -12.555683 0.963083 -0.392039
v -12.731808 1.039513 0.392043
v -12.731808 1.039513 -0.392039
v -12.759153 0.999420 0.392043
v -12.759153 0.999420 -0.392039
v -12.776070 0.973854 0.392043
v -12.776070 0.973854 -0.392039
v -12.793636 0.946606 0.392043
v -12.793636 0.946606 -0.392039
v -12.811647 0.918029 0.392043
v -12.811647 0.918029 -0.392039
v -12.829885 0.888479 0.392043
v -12.829885 0.888479 -0.392039
v -12.848133 0.858314 0.392043
v -12.848133 0.858314 -0.392039
v -12.866175 0.827894 0.392043
v -12.866175 0.827894 -0.392039
v -12.883793 0.797575 0.392043
v -12.883793 0.797575 -0.392039
v -12.900772 0.767718 0.392043
v -12.900772 0.767718 -0.392039
v -12.916893 0.738677 0.392043
v -12.916893 0.738677 -0.392039
v -12.931948 0.710805 0.392043
v -12.931948 0.710805 -0.392039
v -12.957701 0.661496 0.392043
v -12.957701 0.661496 -0.392039
v -13.054960 0.683038 0.392043
v -13.054960 0.683038 -0.392039
v -13.030315 0.730543 0.392043
v -13.030315 0.730543 -0.392039
v -13.015438 0.758455 0.392043
v -13.015438 0.758455 -0.392039
v -12.999710 0.787225 0.392043
v -12.999710 0.787225 -0.392039
v -12.983271 0.816555 0.392043
v -12.983271 0.816555 -0.392039
v -12.966259 0.846152 0.392043
v -12.966259 0.846152 -0.392039
v -12.948816 0.875718 0.392043
v -12.948816 0.875718 -0.392039
v -12.931082 0.904959 0.392043
v -12.931082 0.904959 -0.392039
v -12.913202 0.933578 0.392043
v -12.913202 0.933578 -0.392039
v -12.895315 0.961277 0.392043
v -12.895315 0.961277 -0.392039
v -12.877571 0.987754 0.392043
v -12.877571 0.987754 -0.392039
v -12.860117 1.012706 0.392043
v -12.860117 1.012706 -0.392039
v -12.824696 1.060868 0.392043
v -12.824696 1.060868 -0.392039
v -13.001192 1.137462 0.392043
v -13.001192 1.137462 -0.392039
v -13.029270 1.096954 0.392043
v -13.029270 1.096954 -0.392039
v -13.046999 1.070739 0.392043
v -13.046999 1.070739 -0.392039
v -13.065456 1.042843 0.392043
v -13.065456 1.042843 -0.392039
v -13.084368 1.013679 0.392043
v -13.084368 1.013679 -0.392039
v -13.103445 0.983664 0.392043
v -13.103445 0.983664 -0.392039
v -13.122408 0.953215 0.392043
v -13.122408 0.953215 -0.392039
v -13.140968 0.922749 0.392043
v -13.140968 0.922749 -0.392039
v -13.158848 0.892680 0.392043
v -13.158848 0.892680 -0.392039
v -13.175758 0.863417 0.392043
v -13.175758 0.863417 -0.392039
v -13.191423 0.835367 0.392043
v -13.191423 0.835367 -0.392039
v -13.205570 0.808918 0.392043
v -13.205570 0.808918 -0.392039
v -13.229269 0.761971 0.392043
v -13.229269 0.761971 -0.392039
v -11.941046 0.621831 0.392043
v -11.941046 0.621831 -0.392039
v -12.563597 0.621831 0.392043
v -12.563597 0.621831 -0.392039
v -12.579523 0.621981 0.392043
v -12.579523 0.621981 -0.392039
v -12.594788 0.622426 0.392043
v -12.594788 0.622426 -0.392039
v -12.609488 0.623165 0.392043
v -12.609488 0.623165 -0.392039
v -12.623617 0.624195 0.392043
v -12.623617 0.624195 -0.392039
v -12.637157 0.625513 0.392043
v -12.637157 0.625513 -0.392039
v -12.650099 0.627116 0.392043
v -12.650099 0.627116 -0.392039
v -12.662426 0.628998 0.392043
v -12.662426 0.628998 -0.392039
v -12.674124 0.631153 0.392043
v -12.674124 0.631153 -0.392039
v -12.685183 0.633573 0.392043
v -12.685183 0.633573 -0.392039
v -12.695583 0.636250 0.392043
v -12.695583 0.636250 -0.392039
v -12.705313 0.639172 0.392043
v -12.705313 0.639172 -0.392039
v -12.725811 0.646316 0.392043
v -12.725811 0.646316 -0.392039
v -12.917545 0.530113 0.392043
v -12.917545 0.530113 -0.392039
v -12.901272 0.500730 0.392043
v -12.901272 0.500730 -0.392039
v -12.896374 0.491390 0.392043
v -12.896374 0.491390 -0.392039
v -12.891350 0.481346 0.392043
v -12.891350 0.481346 -0.392039
v -12.886272 0.470751 0.392043
v -12.886272 0.470751 -0.392039
v -12.881214 0.459759 0.392043
v -12.881214 0.459759 -0.392039
v -12.876236 0.448517 0.392043
v -12.876236 0.448517 -0.392039
v -12.871407 0.437174 0.392043
v -12.871407 0.437174 -0.392039
v -12.866791 0.425879 0.392043
v -12.866791 0.425879 -0.392039
v -12.862452 0.414780 0.392043
v -12.862452 0.414780 -0.392039
v -12.858452 0.404028 0.392043
v -12.858452 0.404028 -0.392039
v -12.854855 0.393783 0.392043
v -12.854855 0.393783 -0.392039
v -12.851767 0.384317 0.392043
v -12.851767 0.384317 -0.392039
v -12.833498 0.320799 0.392043
v -12.833498 0.320799 -0.392039
v -12.811550 0.253520 0.392043
v -12.811550 0.253520 -0.392039
v -12.786221 0.183836 0.392043
v -12.786221 0.183836 -0.392039
v -12.757557 0.112239 0.392043
v -12.757557 0.112239 -0.392039
v -12.725605 0.039227 0.392043
v -12.725605 0.039227 -0.392039
v -12.690411 -0.034702 0.392043
v -12.690411 -0.034702 -0.392039
v -12.652020 -0.109045 0.392043
v -12.652020 -0.109045 -0.392039
v -12.610476 -0.183299 0.392043
v -12.610476 -0.183299 -0.392039
v -12.565823 -0.256962 0.392043
v -12.565823 -0.256962 -0.392039
v -12.518103 -0.329527 0.392043
v -12.518103 -0.329527 -0.392039
v -12.467356 -0.400490 0.392043
v -12.467356 -0.400490 -0.392039
v -12.413624 -0.469340 0.392043
v -12.413624 -0.469340 -0.392039
v -12.355642 -0.537131 0.392043
v -12.355642 -0.537131 -0.392039
v -12.294344 -0.602843 0.392043
v -12.294344 -0.602843 -0.392039
v -12.229374 -0.666489 0.392043
v -12.229374 -0.666489 -0.392039
v -12.160421 -0.728046 0.392043
v -12.160421 -0.728046 -0.392039
v -12.087173 -0.787493 0.392043
v -12.087173 -0.787493 -0.392039
v -12.009315 -0.844810 0.392043
v -12.009315 -0.844810 -0.392039
v -11.926542 -0.899981 0.392043
v -11.926542 -0.899981 -0.392039
v -11.838543 -0.952991 0.392043
v -11.838543 -0.952991 -0.392039
v -11.745003 -1.003830 0.392043
v -11.745003 -1.003830 -0.392039
v -11.645617 -1.052490 0.392043
v -11.645617 -1.052490 -0.392039
v -11.540068 -1.098965 0.392043
v -11.540068 -1.098965 -0.392039
v -11.414295 -1.148682 0.392043
v -11.414295 -1.148682 -0.392039
v -11.192503 -0.948156 0.392043
v -11.192503 -0.948156 -0.392039
v -11.342344 -0.900516 0.392043
v -11.342344 -0.900516 -0.392039
v -11.445192 -0.862511 0.392043
v -11.445192 -0.862511 -0.392039
v -11.542431 -0.821218 0.392043
v -11.542431 -0.821218 -0.392039
v -11.634283 -0.776799 0.392043
v -11.634283 -0.776799 -0.392039
v -11.720974 -0.729413 0.392043
v -11.720974 -0.729413 -0.392039
v -11.802727 -0.679219 0.392043
v -11.802727 -0.679219 -0.392039
v -11.879766 -0.626373 0.392043
v -11.879766 -0.626373 -0.392039
v -11.952314 -0.571028 0.392043
v -11.952314 -0.571028 -0.392039
v -12.020597 -0.513336 0.392043
v -12.020597 -0.513336 -0.392039
v -12.084827 -0.453448 0.392043
v -12.084827 -0.453448 -0.392039
v -12.145227 -0.391514 0.392043
v -12.145227 -0.391514 -0.392039
v -12.201965 -0.327737 0.392043
v -12.201965 -0.327737 -0.392039
v -12.247599 -0.271023 0.392043
v -12.247599 -0.271023 -0.392039
v -12.291569 -0.210944 0.392043
v -12.291569 -0.210944 -0.392039
v -12.333635 -0.148160 0.392043
v -12.333635 -0.148160 -0.392039
v -12.373547 -0.083351 0.392043
v -12.373547 -0.083351 -0.392039
v -12.411058 -0.017194 0.392043
v -12.411058 -0.017194 -0.392039
v -12.445927 0.049631 0.392043
v -12.445927 0.049631 -0.392039
v -12.477909 0.116442 0.392043
v -12.477909 0.116442 -0.392039
v -12.506773 0.182558 0.392043
v -12.506773 0.182558 -0.392039
v -12.532276 0.247288 0.392043
v -12.532276 0.247288 -0.392039
v -12.554192 0.309937 0.392043
v -12.554192 0.309937 -0.392039
v -12.572279 0.369796 0.392043
v -12.572279 0.369796 -0.392039
v -12.578909 0.396408 0.392043
v -12.578909 0.396408 -0.392039
v -11.796909 0.396408 0.392043
v -11.796909 0.396408 -0.392039
v -11.765568 0.353879 0.392043
v -11.765568 0.353879 -0.392039
v -11.724388 0.300901 0.392043
v -11.724388 0.300901 -0.392039
v -11.680853 0.247864 0.392043
v -11.680853 0.247864 -0.392039
v -11.634912 0.194949 0.392043
v -11.634912 0.194949 -0.392039
v -11.586523 0.142334 0.392043
v -11.586523 0.142334 -0.392039
v -11.535643 0.090200 0.392043
v -11.535643 0.090200 -0.392039
v -11.482225 0.038729 0.392043
v -11.482225 0.038729 -0.392039
v -11.426229 -0.011900 0.392043
v -11.426229 -0.011900 -0.392039
v -11.367609 -0.061505 0.392043
v -11.367609 -0.061505 -0.392039
v -11.306324 -0.109905 0.392043
v -11.306324 -0.109905 -0.392039
v -11.242331 -0.156917 0.392043
v -11.242331 -0.156917 -0.392039
v -11.161686 -0.211821 0.392043
v -11.161686 -0.211821 -0.392039
v -10.947184 -0.055542 0.392043
v -10.947184 -0.055542 -0.392039
v -11.079029 0.028523 0.392043
v -11.079029 0.028523 -0.392039
v -11.172562 0.096366 0.392043
v -11.172562 0.096366 -0.392039
v -11.258898 0.166874 0.392043
v -11.258898 0.166874 -0.392039
v -11.338209 0.239208 0.392043
v -11.338209 0.239208 -0.392039
v -11.410673 0.312527 0.392043
v -11.410673 0.312527 -0.392039
v -11.476458 0.385988 0.392043
v -11.476458 0.385988 -0.392039
v -11.535738 0.458745 0.392043
v -11.535738 0.458745 -0.392039
v -11.588684 0.529949 0.392043
v -11.588684 0.529949 -0.392039
v -11.635464 0.598750 0.392043
v -11.635464 0.598750 -0.392039
v -11.676252 0.664293 0.392043
v -11.676252 0.664293 -0.392039
v -11.711210 0.725720 0.392043
v -11.711210 0.725720 -0.392039
v -11.740797 0.782715 0.392043
v -11.740797 0.782715 -0.392039
v -11.747072 0.794457 0.392043
v -11.747072 0.794457 -0.392039
v -11.753553 0.807422 0.392043
v -11.753553 0.807422 -0.392039
v -11.760361 0.821826 0.392043
v -11.760361 0.821826 -0.392039
v -11.767349 0.837395 0.392043
v -11.767349 0.837395 -0.392039
v -11.774391 0.853867 0.392043
v -11.774391 0.853867 -0.392039
v -11.781353 0.870986 0.392043
v -11.781353 0.870986 -0.392039
v -11.788113 0.888495 0.392043
v -11.788113 0.888495 -0.392039
v -11.794548 0.906141 0.392043
v -11.794548 0.906141 -0.392039
v -11.800531 0.923664 0.392043
v -11.800531 0.923664 -0.392039
v -11.805941 0.940799 0.392043
v -11.805941 0.940799 -0.392039
v -11.810652 0.957273 0.392043
v -11.810652 0.957273 -0.392039
v -11.821125 0.999006 0.392043
v -11.821125 0.999006 -0.392039
v -12.100677 0.904809 0.392043
v -12.100677 0.904809 -0.392039
v -12.074989 0.862465 0.392043
v -12.074989 0.862465 -0.392039
v -12.065105 0.845761 0.392043
v -12.065105 0.845761 -0.392039
v -12.055161 0.828610 0.392043
v -12.055161 0.828610 -0.392039
v -12.045250 0.811225 0.392043
v -12.045250 0.811225 -0.392039
v -12.035460 0.793811 0.392043
v -12.035460 0.793811 -0.392039
v -12.025873 0.776577 0.392043
v -12.025873 0.776577 -0.392039
v -12.016581 0.759729 0.392043
v -12.016581 0.759729 -0.392039
v -12.007669 0.743472 0.392043
v -12.007669 0.743472 -0.392039
v -11.999220 0.728005 0.392043
v -11.999220 0.728005 -0.392039
v -11.991316 0.713529 0.392043
v -11.991316 0.713529 -0.392039
v -11.984035 0.700242 0.392043
v -11.984035 0.700242 -0.392039
v -11.977516 0.688434 0.392043
v -11.977516 0.688434 -0.392039
vn -0.0000 -0.0000 -1.0000
vn -0.0000 -0.0000 1.0000
vn 0.3388 -0.9409 -0.0000
vn 0.8925 -0.4510 -0.0000
vn 0.8868 -0.4622 -0.0000
vn 0.8815 -0.4723 -0.0000
vn 0.8763 -0.4818 -0.0000
vn 0.8711 -0.4910 -0.0000
vn 0.8658 -0.5004 -0.0000
vn 0.8600 -0.5102 -0.0000
vn 0.8537 -0.5208 -0.0000
vn 0.8465 -0.5324 -0.0000
vn 0.8380 -0.5456 -0.0000
vn 0.8277 -0.5612 -0.0000
vn 0.9595 0.2818 -0.0000
vn -0.2796 0.9601 -0.0000
vn -0.8240 0.5666 -0.0000
vn -0.8325 0.5541 -0.0000
vn -0.8396 0.5432 -0.0000
vn -0.8458 0.5335 -0.0000
vn -0.8516 0.5242 -0.0000
vn -0.8571 0.5151 -0.0000
vn -0.8627 0.5057 -0.0000
vn -0.8684 0.4958 -0.0000
vn -0.8747 0.4847 -0.0000
vn -0.8816 0.4720 -0.0000
vn -0.8896 0.4568 -0.0000
vn -0.9415 -0.3371 -0.0000
vn 0.3349 -0.9423 -0.0000
vn 0.8891 -0.4577 -0.0000
vn 0.8838 -0.4679 -0.0000
vn 0.8783 -0.4780 -0.0000
vn 0.8727 -0.4883 -0.0000
vn 0.8667 -0.4989 -0.0000
vn 0.8601 -0.5101 -0.0000
vn 0.8529 -0.5221 -0.0000
vn 0.8447 -0.5353 -0.0000
vn 0.8352 -0.5499 -0.0000
vn 0.8241 -0.5664 -0.0000
vn 0.8108 -0.5853 -0.0000
vn 0.9638 0.2665 -0.0000
vn -0.2699 0.9629 -0.0000
vn -0.8137 0.5813 -0.0000
vn -0.8246 0.5657 -0.0000
vn -0.8333 0.5529 -0.0000
vn -0.8405 0.5418 -0.0000
vn -0.8468 0.5319 -0.0000
vn -0.8525 0.5227 -0.0000
vn -0.8579 0.5138 -0.0000
vn -0.8632 0.5048 -0.0000
vn -0.8687 0.4953 -0.0000
vn -0.8747 0.4846 -0.0000
vn -0.9446 -0.3282 -0.0000
vn -0.8541 0.5202 -0.0000
vn -0.9648 -0.2629 -0.0000
vn -0.9651 -0.2618 -0.0000
vn -0.9657 -0.2596 -0.0000
vn -0.9666 -0.2564 -0.0000
vn -0.9677 -0.2522 -0.0000
vn -0.9691 -0.2468 -0.0000
vn -0.9707 -0.2402 -0.0000
vn -0.9727 -0.2321 -0.0000
vn -0.9750 -0.2224 -0.0000
vn -0.9776 -0.2105 -0.0000
vn -0.9806 -0.1961 -0.0000
vn -0.9787 -0.2054 -0.0000
vn -0.9743 -0.2251 -0.0000
vn -0.9730 -0.2308 -0.0000
vn -0.9714 -0.2374 -0.0000
vn -0.9695 -0.2452 -0.0000
vn -0.9672 -0.2542 -0.0000
vn -0.9644 -0.2645 -0.0000
vn -0.9610 -0.2765 -0.0000
vn -0.9568 -0.2906 -0.0000
vn -0.9516 -0.3073 -0.0000
vn -0.9449 -0.3273 -0.0000
vn -0.9361 -0.3517 -0.0000
vn -0.9276 -0.3736 -0.0000
vn -0.9206 -0.3906 -0.0000
vn -0.9133 -0.4073 -0.0000
vn -0.9060 -0.4233 -0.0000
vn -0.8986 -0.4388 -0.0000
vn -0.8909 -0.4542 -0.0000
vn -0.8829 -0.4696 -0.0000
vn -0.8744 -0.4851 -0.0000
vn -0.8654 -0.5011 -0.0000
vn -0.8555 -0.5177 -0.0000
vn -0.8447 -0.5352 -0.0000
vn -0.8327 -0.5538 -0.0000
vn -0.2820 -0.9594 -0.0000
vn 0.9644 -0.2646 -0.0000
vn 0.8133 0.5818 -0.0000
vn 0.8282 0.5604 -0.0000
vn 0.8413 0.5405 -0.0000
vn 0.8531 0.5217 -0.0000
vn 0.8638 0.5039 -0.0000
vn 0.8735 0.4867 -0.0000
vn 0.8826 0.4701 -0.0000
vn 0.8912 0.4536 -0.0000
vn 0.8994 0.4372 -0.0000
vn 0.9073 0.4204 -0.0000
vn 0.9152 0.4030 -0.0000
vn 0.9237 0.3831 -0.0000
vn 0.9329 0.3602 -0.0000
vn 0.9414 0.3374 -0.0000
vn 0.9486 0.3165 -0.0000
vn 0.9549 0.2968 -0.0000
vn 0.9607 0.2777 -0.0000
vn 0.9660 0.2585 -0.0000
vn 0.9711 0.2389 -0.0000
vn 0.9759 0.2182 -0.0000
vn 0.9806 0.1959 -0.0000
vn 0.9852 0.1712 -0.0000
vn 0.9897 0.1432 -0.0000
vn 0.5778 0.8162 -0.0000
vn -0.3673 0.9301 -0.0000
vn -0.8831 0.4692 -0.0000
vn -0.8900 0.4560 -0.0000
vn -0.8955 0.4452 -0.0000
vn -0.9000 0.4359 -0.0000
vn -0.9040 0.4276 -0.0000
vn -0.9076 0.4198 -0.0000
vn -0.9110 0.4123 -0.0000
vn -0.9144 0.4048 -0.0000
vn -0.9178 0.3969 -0.0000
vn -0.9215 0.3885 -0.0000
vn -0.9254 0.3790 -0.0000
vn -0.9270 0.3751 -0.0000
vn -0.9288 0.3706 -0.0000
vn -0.9328 0.3604 -0.0000
vn -0.9361 0.3516 -0.0000
vn -0.9390 0.3439 -0.0000
vn -0.9416 0.3368 -0.0000
vn -0.9440 0.3299 -0.0000
vn -0.9463 0.3232 -0.0000
vn -0.9487 0.3162 -0.0000
vn -0.9512 0.3086 -0.0000
vn -0.9539 0.3000 -0.0000
vn -0.9571 0.2899 -0.0000
vn -0.8852 -0.4651 -0.0000
vn 0.4820 -0.8761 -0.0000
vn 0.9668 -0.2554 -0.0000
vn 0.9627 -0.2705 -0.0000
vn 0.9590 -0.2835 -0.0000
vn 0.9555 -0.2951 -0.0000
vn 0.9522 -0.3054 -0.0000
vn 0.9491 -0.3149 -0.0000
vn 0.9461 -0.3238 -0.0000
vn 0.9432 -0.3323 -0.0000
vn 0.9403 -0.3405 -0.0000
vn 0.9373 -0.3486 -0.0000
vn 0.9342 -0.3569 -0.0000
vn 0.9315 -0.3638 -0.0000
vn 0.9287 -0.3707 -0.0000
vn 0.9254 -0.3790 -0.0000
vn 0.9221 -0.3870 -0.0000
vn 0.9187 -0.3951 -0.0000
vn 0.9150 -0.4035 -0.0000
vn 0.9109 -0.4126 -0.0000
vn 0.9063 -0.4227 -0.0000
vn 0.9008 -0.4343 -0.0000
vn 0.8941 -0.4479 -0.0000
vn 0.8856 -0.4644 -0.0000
vn 0.8744 -0.4852 -0.0000
vn 0.9343 0.3565 -0.0000
vn 1.0000 -0.0000 -0.0000
vn 1.0000 -0.0043 -0.0000
vn 0.9999 -0.0168 -0.0000
vn 0.9995 -0.0329 -0.0000
vn 0.9988 -0.0480 -0.0000
vn 0.9981 -0.0621 -0.0000
vn 0.9972 -0.0754 -0.0000
vn 0.9962 -0.0876 -0.0000
vn 0.9951 -0.0989 -0.0000
vn 0.9941 -0.1089 -0.0000
vn 0.9931 -0.1174 -0.0000
vn 0.9923 -0.1239 -0.0000
vn 0.9919 -0.1267 -0.0000
vn 0.7506 0.6607 -0.0000
vn -0.7480 0.6637 -0.0000
vn -0.9934 -0.1144 -0.0000
vn -0.9944 -0.1054 -0.0000
vn -0.9953 -0.0965 -0.0000
vn -0.9962 -0.0874 -0.0000
vn -0.9969 -0.0781 -0.0000
vn -0.9977 -0.0683 -0.0000
vn -0.9983 -0.0582 -0.0000
vn -0.9989 -0.0476 -0.0000
vn -0.9993 -0.0365 -0.0000
vn -0.9997 -0.0249 -0.0000
vn -0.9999 -0.0127 -0.0000
vn -1.0000 -0.0032 -0.0000
vn -1.0000 -0.0000 -0.0000
vn -0.5300 0.8480 -0.0000
vn 0.4589 0.8885 -0.0000
vn 0.4980 0.8672 -0.0000
vn 0.5337 0.8457 -0.0000
vn 0.5670 0.8237 -0.0000
vn 0.5991 0.8006 -0.0000
vn 0.6306 0.7761 -0.0000
vn 0.6619 0.7496 -0.0000
vn 0.6936 0.7204 -0.0000
vn 0.7258 0.6879 -0.0000
vn 0.7588 0.6514 -0.0000
vn 0.7925 0.6098 -0.0000
vn -0.0116 0.9999 -0.0000
vn -0.9996 -0.0287 -0.0000
vn -0.7723 -0.6353 -0.0000
vn -0.7396 -0.6730 -0.0000
vn -0.7083 -0.7059 -0.0000
vn -0.6783 -0.7348 -0.0000
vn -0.6492 -0.7606 -0.0000
vn -0.6209 -0.7839 -0.0000
vn -0.5929 -0.8053 -0.0000
vn -0.5649 -0.8252 -0.0000
vn -0.5363 -0.8440 -0.0000
vn -0.5066 -0.8622 -0.0000
vn -0.4750 -0.8800 -0.0000
vn -0.4776 -0.8786 -0.0000
vn -0.5028 -0.8644 -0.0000
vn -0.5154 -0.8569 -0.0000
vn -0.5282 -0.8491 -0.0000
vn -0.5411 -0.8409 -0.0000
vn -0.5541 -0.8324 -0.0000
vn -0.5673 -0.8235 -0.0000
vn -0.5806 -0.8142 -0.0000
vn -0.5941 -0.8044 -0.0000
vn -0.6078 -0.7941 -0.0000
vn -0.6218 -0.7831 -0.0000
vn -0.6361 -0.7716 -0.0000
vn -0.0030 -1.0000 -0.0000
vn 0.9481 -0.3181 -0.0000
vn 0.9765 0.2155 -0.0000
vn 0.9817 0.1903 -0.0000
vn 0.9860 0.1669 -0.0000
vn 0.9894 0.1450 -0.0000
vn 0.9922 0.1244 -0.0000
vn 0.9945 0.1048 -0.0000
vn 0.9963 0.0861 -0.0000
vn 0.9977 0.0681 -0.0000
vn 0.9987 0.0506 -0.0000
vn 0.9994 0.0336 -0.0000
vn 0.9999 0.0167 -0.0000
vn 1.0000 0.0042 -0.0000
vn 0.9743 0.2254 -0.0000
vn 0.9859 0.1675 -0.0000
vn 0.9920 0.1259 -0.0000
vn 0.9955 0.0948 -0.0000
vn 0.9975 0.0708 -0.0000
vn 0.9986 0.0520 -0.0000
vn 0.9993 0.0371 -0.0000
vn 0.9997 0.0251 -0.0000
vn 0.9999 0.0157 -0.0000
vn 1.0000 0.0084 -0.0000
vn 1.0000 0.0033 -0.0000
vn 1.0000 -0.0036 -0.0000
vn 0.9999 -0.0169 -0.0000
vn 0.9994 -0.0343 -0.0000
vn 0.9987 -0.0519 -0.0000
vn 0.9976 -0.0696 -0.0000
vn 0.9962 -0.0873 -0.0000
vn 0.9945 -0.1046 -0.0000
vn 0.9926 -0.1213 -0.0000
vn 0.9906 -0.1371 -0.0000
vn 0.9884 -0.1518 -0.0000
vn 0.9863 -0.1651 -0.0000
vn 0.9842 -0.1769 -0.0000
vn 0.7689 0.6394 -0.0000
vn -0.7387 0.6741 -0.0000
vn -0.9954 -0.0959 -0.0000
vn -0.9948 -0.1019 -0.0000
vn -0.9947 -0.1027 -0.0000
vn -0.9950 -0.1001 -0.0000
vn -0.9955 -0.0949 -0.0000
vn -0.9962 -0.0875 -0.0000
vn -0.9969 -0.0782 -0.0000
vn -0.9978 -0.0669 -0.0000
vn -0.9986 -0.0536 -0.0000
vn -0.9993 -0.0381 -0.0000
vn -0.9998 -0.0202 -0.0000
vn -1.0000 -0.0069 -0.0000
vn -1.0000 -0.0065 -0.0000
vn -0.9999 -0.0136 -0.0000
vn -0.9998 -0.0216 -0.0000
vn -0.9995 -0.0310 -0.0000
vn -0.9991 -0.0420 -0.0000
vn -0.9985 -0.0552 -0.0000
vn -0.9975 -0.0712 -0.0000
vn -0.9958 -0.0912 -0.0000
vn -0.9932 -0.1167 -0.0000
vn -0.9886 -0.1506 -0.0000
vn -0.9803 -0.1974 -0.0000
vn -0.9656 -0.2600 -0.0000
vn -0.9475 -0.3197 -0.0000
vn -0.9299 -0.3679 -0.0000
vn -0.9101 -0.4145 -0.0000
vn -0.8882 -0.4595 -0.0000
vn -0.8642 -0.5031 -0.0000
vn -0.8382 -0.5453 -0.0000
vn -0.8101 -0.5863 -0.0000
vn -0.7798 -0.6260 -0.0000
vn -0.7473 -0.6645 -0.0000
vn -0.7123 -0.7019 -0.0000
vn -0.6748 -0.7380 -0.0000
vn -0.0631 -0.9980 -0.0000
vn 0.9995 -0.0312 -0.0000
vn 0.6288 0.7776 -0.0000
vn 0.6733 0.7394 -0.0000
vn 0.7145 0.6996 -0.0000
vn 0.7526 0.6584 -0.0000
vn 0.7877 0.6161 -0.0000
vn 0.8197 0.5728 -0.0000
vn 0.8489 0.5285 -0.0000
vn 0.8753 0.4835 -0.0000
vn 0.8991 0.4377 -0.0000
vn 0.9203 0.3911 -0.0000
vn 0.9391 0.3437 -0.0000
vn 0.9572 0.2896 -0.0000
vn -0.0000 1.0000 -0.0000
vn 0.0025 1.0000 -0.0000
vn 0.0098 1.0000 -0.0000
vn 0.0195 0.9998 -0.0000
vn 0.0290 0.9996 -0.0000
vn 0.0381 0.9993 -0.0000
vn 0.0469 0.9989 -0.0000
vn 0.0553 0.9985 -0.0000
vn 0.0633 0.9980 -0.0000
vn 0.0706 0.9975 -0.0000
vn 0.0772 0.9970 -0.0000
vn 0.0828 0.9966 -0.0000
vn 0.0873 0.9962 -0.0000
vn -0.6748 0.7380 -0.0000
vn -0.6868 -0.7268 -0.0000
vn 0.0607 -0.9982 -0.0000
vn 0.0666 -0.9978 -0.0000
vn 0.0686 -0.9976 -0.0000
vn 0.0677 -0.9977 -0.0000
vn 0.0648 -0.9979 -0.0000
vn 0.0600 -0.9982 -0.0000
vn 0.0537 -0.9986 -0.0000
vn 0.0459 -0.9989 -0.0000
vn 0.0366 -0.9993 -0.0000
vn 0.0259 -0.9997 -0.0000
vn 0.0136 -0.9999 -0.0000
vn 0.0035 -1.0000 -0.0000
vn -0.0000 -1.0000 -0.0000
vn -0.0015 -1.0000 -0.0000
vn -0.0060 -1.0000 -0.0000
vn -0.0119 -0.9999 -0.0000
vn -0.0178 -0.9998 -0.0000
vn -0.0238 -0.9997 -0.0000
vn -0.0300 -0.9996 -0.0000
vn -0.0365 -0.9993 -0.0000
vn -0.0435 -0.9991 -0.0000
vn -0.0512 -0.9987 -0.0000
vn -0.0599 -0.9982 -0.0000
vn -0.0699 -0.9976 -0.0000
vn -0.0819 -0.9966 -0.0000
vn 0.6751 -0.7377 -0.0000
vn 0.6838 0.7297 -0.0000
vn -0.0633 0.9980 -0.0000
vn -0.0597 0.9982 -0.0000
vn -0.0557 0.9984 -0.0000
vn -0.0514 0.9987 -0.0000
vn -0.0467 0.9989 -0.0000
vn -0.0415 0.9991 -0.0000
vn -0.0360 0.9994 -0.0000
vn -0.0299 0.9996 -0.0000
vn -0.0234 0.9997 -0.0000
vn -0.0162 0.9999 -0.0000
vn -0.0084 1.0000 -0.0000
vn -0.0022 1.0000 -0.0000
vn 0.0016 -1.0000 -0.0000
vn 0.7007 -0.7134 -0.0000
vn 0.6854 -0.7282 -0.0000
vn 0.6735 -0.7392 -0.0000
vn 0.6634 -0.7483 -0.0000
vn 0.6542 -0.7563 -0.0000
vn 0.6454 -0.7639 -0.0000
vn 0.6362 -0.7715 -0.0000
vn 0.6263 -0.7796 -0.0000
vn 0.6149 -0.7886 -0.0000
vn 0.6010 -0.7992 -0.0000
vn 0.5832 -0.8124 -0.0000
vn 0.9945 -0.1044 -0.0000
vn 0.1099 0.9939 -0.0000
vn -0.5730 0.8195 -0.0000
vn -0.5892 0.8080 -0.0000
vn -0.6017 0.7987 -0.0000
vn -0.6123 0.7907 -0.0000
vn -0.6216 0.7833 -0.0000
vn -0.6304 0.7763 -0.0000
vn -0.6391 0.7691 -0.0000
vn -0.6484 0.7613 -0.0000
vn -0.6587 0.7524 -0.0000
vn -0.6711 0.7414 -0.0000
vn -0.6868 0.7268 -0.0000
vn -1.0000 0.0080 -0.0000
vn 0.5769 0.8168 -0.0000
vn 0.6174 0.7867 -0.0000
vn 0.6543 0.7563 -0.0000
vn 0.6882 0.7255 -0.0000
vn 0.7197 0.6942 -0.0000
vn 0.7492 0.6623 -0.0000
vn 0.7772 0.6293 -0.0000
vn 0.8039 0.5948 -0.0000
vn 0.8297 0.5582 -0.0000
vn 0.8550 0.5186 -0.0000
vn 0.8800 0.4750 -0.0000
vn 0.0226 0.9997 -0.0000
vn -1.0000 -0.0030 -0.0000
vn -0.8570 -0.5153 -0.0000
vn -0.8348 -0.5506 -0.0000
vn -0.8117 -0.5841 -0.0000
vn -0.7876 -0.6162 -0.0000
vn -0.7623 -0.6472 -0.0000
vn -0.7356 -0.6775 -0.0000
vn -0.7072 -0.7070 -0.0000
vn -0.6769 -0.7360 -0.0000
vn -0.6446 -0.7645 -0.0000
vn -0.6098 -0.7925 -0.0000
vn -0.5725 -0.8199 -0.0000
vn -0.5381 -0.8429 -0.0000
vn -0.5125 -0.8587 -0.0000
vn -0.4903 -0.8716 -0.0000
vn -0.4662 -0.8847 -0.0000
vn -0.4402 -0.8979 -0.0000
vn -0.4126 -0.9109 -0.0000
vn -0.3834 -0.9236 -0.0000
vn -0.3527 -0.9357 -0.0000
vn -0.3207 -0.9472 -0.0000
vn -0.2876 -0.9577 -0.0000
vn -0.2536 -0.9673 -0.0000
vn -0.2188 -0.9758 -0.0000
vn 0.3868 -0.9221 -0.0000
vn 0.9151 0.4033 -0.0000
vn 0.1850 0.9827 -0.0000
vn 0.2227 0.9749 -0.0000
vn 0.2595 0.9657 -0.0000
vn 0.2954 0.9554 -0.0000
vn 0.3302 0.9439 -0.0000
vn 0.3635 0.9316 -0.0000
vn 0.3954 0.9185 -0.0000
vn 0.4256 0.9049 -0.0000
vn 0.4539 0.8910 -0.0000
vn 0.4804 0.8770 -0.0000
vn 0.5049 0.8632 -0.0000
vn 0.5362 0.8441 -0.0000
vn 0.3388 -0.9408 -0.0000
vn 0.8814 -0.4723 -0.0000
vn -0.8240 0.5665 -0.0000
vn -0.8627 0.5058 -0.0000
vn -0.8816 0.4721 -0.0000
vn -0.9776 -0.2106 -0.0000
vn -0.9714 -0.2375 -0.0000
vn -0.9672 -0.2541 -0.0000
vn -0.9205 -0.3906 -0.0000
vn 0.8282 0.5605 -0.0000
vn 0.9607 0.2776 -0.0000
vn 0.9710 0.2389 -0.0000
vn -0.9076 0.4199 -0.0000
vn -0.9361 0.3517 -0.0000
vn 0.4820 -0.8762 -0.0000
vn 0.4662 -0.8847 -0.0000
vn 0.9616 -0.2746 -0.0000
vn 0.9545 -0.2982 -0.0000
vn 0.9496 -0.3136 -0.0000
vn 0.9458 -0.3248 -0.0000
vn 0.9427 -0.3337 -0.0000
vn 0.9399 -0.3414 -0.0000
vn 0.9346 -0.3558 -0.0000
vn 0.9276 -0.3735 -0.0000
vn 0.9222 -0.3868 -0.0000
vn 0.9141 0.4055 -0.0000
vn -0.4120 0.9112 -0.0000
vn -0.9268 0.3757 -0.0000
vn -0.9307 0.3658 -0.0000
vn -0.9333 0.3592 -0.0000
vn -0.9352 0.3540 -0.0000
vn -0.9369 0.3495 -0.0000
vn -0.9385 0.3452 -0.0000
vn -0.9402 0.3406 -0.0000
vn -0.9421 0.3354 -0.0000
vn -0.9444 0.3288 -0.0000
vn -0.9475 0.3198 -0.0000
vn -0.9521 0.3058 -0.0000
vn -0.8935 -0.4490 -0.0000
vn -0.9649 -0.2628 -0.0000
vn -0.9575 -0.2886 -0.0000
vn -0.9487 -0.3161 -0.0000
vn -0.9385 -0.3452 -0.0000
vn -0.9266 -0.3760 -0.0000
vn -0.9128 -0.4083 -0.0000
vn -0.8970 -0.4420 -0.0000
vn -0.8789 -0.4770 -0.0000
vn -0.8583 -0.5131 -0.0000
vn -0.8352 -0.5500 -0.0000
vn -0.8093 -0.5874 -0.0000
vn -0.7838 -0.6210 -0.0000
vn -0.7548 -0.6560 -0.0000
vn -0.7198 -0.6942 -0.0000
vn -0.6841 -0.7294 -0.0000
vn -0.6480 -0.7616 -0.0000
vn -0.6117 -0.7911 -0.0000
vn -0.5754 -0.8179 -0.0000
vn -0.5392 -0.8422 -0.0000
vn -0.5030 -0.8643 -0.0000
vn -0.4670 -0.8843 -0.0000
vn -0.4310 -0.9024 -0.0000
vn -0.3949 -0.9187 -0.0000
vn 0.2019 -0.9794 -0.0000
vn 0.3286 0.9445 -0.0000
vn 0.3736 0.9276 -0.0000
vn 0.4165 0.9091 -0.0000
vn 0.4580 0.8889 -0.0000
vn 0.4987 0.8668 -0.0000
vn 0.5389 0.8424 -0.0000
vn 0.5790 0.8154 -0.0000
vn 0.6192 0.7853 -0.0000
vn 0.6597 0.7516 -0.0000
vn 0.7005 0.7136 -0.0000
vn 0.7417 0.6708 -0.0000
vn 0.7776 0.6288 -0.0000
vn 0.8093 0.5874 -0.0000
vn 0.8396 0.5433 -0.0000
vn 0.8658 0.5003 -0.0000
vn 0.8888 0.4582 -0.0000
vn 0.9090 0.4167 -0.0000
vn 0.9268 0.3755 -0.0000
vn 0.9425 0.3343 -0.0000
vn 0.9562 0.2928 -0.0000
vn 0.9681 0.2505 -0.0000
vn 0.9783 0.2072 -0.0000
vn 0.9867 0.1625 -0.0000
vn 0.5339 0.8456 -0.0000
vn -0.8894 0.4571 -0.0000
vn -0.9515 -0.3075 -0.0000
vn -0.9541 -0.2995 -0.0000
vn -0.9563 -0.2923 -0.0000
vn -0.9583 -0.2859 -0.0000
vn -0.9598 -0.2808 -0.0000
vn -0.9609 -0.2770 -0.0000
vn -0.9616 -0.2746 -0.0000
vn -0.9617 -0.2741 -0.0000
vn -0.9613 -0.2757 -0.0000
vn -0.9602 -0.2794 -0.0000
vn -0.9583 -0.2856 -0.0000
vn -0.9629 -0.2699 -0.0000
vn 0.4430 -0.8965 -0.0000
vn 0.9515 -0.3076 -0.0000
vn 0.9448 -0.3276 -0.0000
vn 0.9399 -0.3413 -0.0000
vn 0.9361 -0.3518 -0.0000
vn 0.9327 -0.3606 -0.0000
vn 0.9295 -0.3687 -0.0000
vn 0.9263 -0.3769 -0.0000
vn 0.9225 -0.3859 -0.0000
vn 0.9179 -0.3969 -0.0000
vn 0.9112 -0.4120 -0.0000
vn 0.8999 -0.4362 -0.0000
vn -0.3773 0.9261 -0.0000
vn -0.9148 0.4040 -0.0000
vn -0.9197 0.3927 -0.0000
vn -0.9228 0.3853 -0.0000
vn -0.9251 0.3798 -0.0000
vn -0.9268 0.3756 -0.0000
vn -0.9283 0.3719 -0.0000
vn -0.9296 0.3685 -0.0000
vn -0.9310 0.3651 -0.0000
vn -0.9324 0.3615 -0.0000
vn -0.9340 0.3572 -0.0000
vn -0.9362 0.3514 -0.0000
vn -0.9085 -0.4180 -0.0000
vn 0.0029 1.0000 -0.0000
vn 0.0113 0.9999 -0.0000
vn 0.0220 0.9998 -0.0000
vn 0.0321 0.9995 -0.0000
vn 0.0421 0.9991 -0.0000
vn 0.0519 0.9986 -0.0000
vn 0.0620 0.9981 -0.0000
vn 0.0723 0.9974 -0.0000
vn 0.0832 0.9965 -0.0000
vn 0.0948 0.9955 -0.0000
vn 0.1074 0.9942 -0.0000
vn 0.1213 0.9926 -0.0000
vn -0.6601 0.7512 -0.0000
vn -0.6838 -0.7297 -0.0000
vn 0.0613 -0.9981 -0.0000
vn 0.0544 -0.9985 -0.0000
vn 0.0480 -0.9988 -0.0000
vn 0.0421 -0.9991 -0.0000
vn 0.0313 -0.9995 -0.0000
vn 0.0261 -0.9997 -0.0000
vn 0.0211 -0.9998 -0.0000
vn 0.0160 -0.9999 -0.0000
vn 0.0109 -0.9999 -0.0000
vn 0.0055 -1.0000 -0.0000
vn 0.0014 -1.0000 -0.0000
vn -0.0013 -1.0000 -0.0000
vn -0.0051 -1.0000 -0.0000
vn -0.0102 -0.9999 -0.0000
vn -0.0154 -0.9999 -0.0000
vn -0.0208 -0.9998 -0.0000
vn -0.0264 -0.9997 -0.0000
vn -0.0323 -0.9995 -0.0000
vn -0.0386 -0.9993 -0.0000
vn -0.0453 -0.9990 -0.0000
vn -0.0527 -0.9986 -0.0000
vn -0.0607 -0.9982 -0.0000
vn -0.0698 -0.9976 -0.0000
vn 0.6802 -0.7330 -0.0000
vn 0.6687 0.7435 -0.0000
vn -0.1043 0.9945 -0.0000
vn -0.1010 0.9949 -0.0000
vn -0.0963 0.9954 -0.0000
vn -0.0903 0.9959 -0.0000
vn -0.0831 0.9965 -0.0000
vn -0.0746 0.9972 -0.0000
vn -0.0649 0.9979 -0.0000
vn -0.0541 0.9985 -0.0000
vn -0.0421 0.9991 -0.0000
vn -0.0291 0.9996 -0.0000
vn -0.0149 0.9999 -0.0000
vn -0.0038 1.0000 -0.0000
vn 0.0020 1.0000 -0.0000
vn 0.0080 1.0000 -0.0000
vn 0.0160 0.9999 -0.0000
vn 0.0245 0.9997 -0.0000
vn 0.0335 0.9994 -0.0000
vn 0.0433 0.9991 -0.0000
vn 0.0542 0.9985 -0.0000
vn 0.0665 0.9978 -0.0000
vn 0.0804 0.9968 -0.0000
vn 0.0965 0.9953 -0.0000
vn 0.1154 0.9933 -0.0000
vn 0.1380 0.9904 -0.0000
vn -0.6518 0.7584 -0.0000
vn -0.6915 -0.7224 -0.0000
vn 0.0422 -0.9991 -0.0000
vn 0.0391 -0.9992 -0.0000
vn 0.0362 -0.9993 -0.0000
vn 0.0333 -0.9994 -0.0000
vn 0.0303 -0.9995 -0.0000
vn 0.0272 -0.9996 -0.0000
vn 0.0239 -0.9997 -0.0000
vn 0.0203 -0.9998 -0.0000
vn 0.0162 -0.9999 -0.0000
vn 0.0116 -0.9999 -0.0000
vn 0.0062 -1.0000 -0.0000
vn -0.6933 -0.7206 -0.0000
vn -0.9987 -0.0502 -0.0000
vn -0.9972 -0.0748 -0.0000
vn -0.9948 -0.1023 -0.0000
vn -0.9912 -0.1326 -0.0000
vn -0.9861 -0.1659 -0.0000
vn -0.9793 -0.2023 -0.0000
vn -0.9704 -0.2416 -0.0000
vn -0.9588 -0.2839 -0.0000
vn -0.9444 -0.3289 -0.0000
vn -0.9265 -0.3762 -0.0000
vn -0.9050 -0.4254 -0.0000
vn -0.8788 -0.4771 -0.0000
vn -0.8474 -0.5309 -0.0000
vn -0.8137 -0.5813 -0.0000
vn -0.7806 -0.6251 -0.0000
vn -0.7479 -0.6638 -0.0000
vn -0.7154 -0.6988 -0.0000
vn -0.6827 -0.7307 -0.0000
vn -0.6495 -0.7603 -0.0000
vn -0.6154 -0.7882 -0.0000
vn -0.5799 -0.8147 -0.0000
vn -0.5424 -0.8401 -0.0000
vn -0.5024 -0.8646 -0.0000
vn 0.0683 -0.9977 -0.0000
vn 0.9937 0.1119 -0.0000
vn 0.4259 0.9048 -0.0000
vn 0.4700 0.8827 -0.0000
vn 0.5118 0.8591 -0.0000
vn 0.5520 0.8339 -0.0000
vn 0.5908 0.8068 -0.0000
vn 0.6662 0.7458 -0.0000
vn 0.7033 0.7109 -0.0000
vn 0.7402 0.6724 -0.0000
vn 0.8141 0.5807 -0.0000
vn 0.8489 0.5286 -0.0000
vn 0.8815 0.4722 -0.0000
vn 0.9110 0.4125 -0.0000
vn 0.9349 0.3549 -0.0000
vn 0.9538 0.3005 -0.0000
vn 0.9682 0.2501 -0.0000
vn 0.9789 0.2043 -0.0000
vn 0.9865 0.1635 -0.0000
vn 0.9918 0.1277 -0.0000
vn 0.9953 0.0968 -0.0000
vn 0.9988 0.0495 -0.0000
vn 0.7211 -0.6929 -0.0000
vn -0.0001 -1.0000 -0.0000
vn -0.0006 -1.0000 -0.0000
vn -0.0020 -1.0000 -0.0000
vn -0.0044 -1.0000 -0.0000
vn -0.0077 -1.0000 -0.0000
vn -0.0121 -0.9999 -0.0000
vn -0.0174 -0.9998 -0.0000
vn -0.0312 -0.9995 -0.0000
vn -0.0396 -0.9992 -0.0000
vn -0.0491 -0.9988 -0.0000
vn -0.0597 -0.9982 -0.0000
vn 0.6836 -0.7298 -0.0000
vn 0.6695 0.7428 -0.0000
vn -0.1002 0.9950 -0.0000
vn -0.0934 0.9956 -0.0000
vn -0.0861 0.9963 -0.0000
vn -0.0781 0.9969 -0.0000
vn -0.0696 0.9976 -0.0000
vn -0.0607 0.9982 -0.0000
vn -0.0513 0.9987 -0.0000
vn -0.0416 0.9991 -0.0000
vn -0.0315 0.9995 -0.0000
vn -0.0212 0.9998 -0.0000
vn -0.0107 0.9999 -0.0000
vn -0.0027 1.0000 -0.0000
vn 0.5475 0.8368 -0.0000
vn 0.5719 0.8203 -0.0000
vn 0.5943 0.8042 -0.0000
vn 0.6154 0.7882 -0.0000
vn 0.6355 0.7721 -0.0000
vn 0.6549 0.7557 -0.0000
vn 0.6742 0.7386 -0.0000
vn 0.7136 0.7005 -0.0000
vn 0.7347 0.6784 -0.0000
vn 0.7575 0.6529 -0.0000
vn 0.0543 0.9985 -0.0000
vn -0.9997 0.0246 -0.0000
vn -0.7207 -0.6933 -0.0000
vn -0.7029 -0.7113 -0.0000
vn -0.6865 -0.7271 -0.0000
vn -0.6710 -0.7414 -0.0000
vn -0.6561 -0.7547 -0.0000
vn -0.6414 -0.7672 -0.0000
vn -0.6266 -0.7793 -0.0000
vn -0.6116 -0.7912 -0.0000
vn -0.5961 -0.8029 -0.0000
vn -0.5798 -0.8148 -0.0000
vn -0.5624 -0.8268 -0.0000
vn -0.8813 -0.4725 -0.0000
vn -1.0000 0.0014 -0.0000
vn -1.0000 0.0057 -0.0000
vn -0.9999 0.0118 -0.0000
vn -0.9998 0.0187 -0.0000
vn -0.9996 0.0265 -0.0000
vn -0.9994 0.0358 -0.0000
vn -0.9989 0.0468 -0.0000
vn -0.9982 0.0604 -0.0000
vn -0.9970 0.0777 -0.0000
vn -0.9949 0.1004 -0.0000
vn -0.9913 0.1315 -0.0000
vn -0.9842 0.1769 -0.0000
vn -0.7759 -0.6308 -0.0000
vn 0.7450 -0.6671 -0.0000
vn 0.9950 0.1002 -0.0000
vn 0.9965 0.0835 -0.0000
vn 0.9974 0.0714 -0.0000
vn 0.9981 0.0619 -0.0000
vn 0.9986 0.0538 -0.0000
vn 0.9989 0.0465 -0.0000
vn 0.9992 0.0396 -0.0000
vn 0.9995 0.0328 -0.0000
vn 0.9997 0.0258 -0.0000
vn 0.9998 0.0182 -0.0000
vn 1.0000 0.0096 -0.0000
vn 1.0000 0.0026 -0.0000
vn 0.5170 -0.8560 -0.0000
vn -0.4588 -0.8885 -0.0000
vn -0.4458 -0.8951 -0.0000
vn -0.4331 -0.9014 -0.0000
vn -0.4203 -0.9074 -0.0000
vn -0.4074 -0.9133 -0.0000
vn -0.3941 -0.9191 -0.0000
vn -0.3802 -0.9249 -0.0000
vn -0.3656 -0.9308 -0.0000
vn -0.3501 -0.9367 -0.0000
vn -0.3334 -0.9428 -0.0000
vn -0.3153 -0.9490 -0.0000
vn 0.3827 -0.9239 -0.0000
vn 0.9120 0.4102 -0.0000
vn 0.2661 0.9639 -0.0000
vn 0.2993 0.9542 -0.0000
vn 0.3284 0.9445 -0.0000
vn 0.3543 0.9351 -0.0000
vn 0.3777 0.9259 -0.0000
vn 0.3994 0.9168 -0.0000
vn 0.4198 0.9076 -0.0000
vn 0.4396 0.8982 -0.0000
vn 0.4592 0.8883 -0.0000
vn 0.4795 0.8775 -0.0000
vn 0.5013 0.8653 -0.0000
vn 0.5237 0.8519 -0.0000
vn 0.6854 -0.7281 -0.0000
vn -0.6122 0.7907 -0.0000
vn -0.6216 0.7834 -0.0000
vn 0.6543 0.7562 -0.0000
vn 0.7493 0.6623 -0.0000
vn 0.3350 -0.9422 -0.0000
vn 0.8895 -0.4570 -0.0000
vn 0.8849 -0.4658 -0.0000
vn 0.8804 -0.4743 -0.0000
vn 0.8758 -0.4826 -0.0000
vn 0.8710 -0.4913 -0.0000
vn 0.8657 -0.5005 -0.0000
vn 0.8599 -0.5105 -0.0000
vn 0.8531 -0.5217 -0.0000
vn 0.8451 -0.5345 -0.0000
vn 0.8354 -0.5496 -0.0000
vn 0.8231 -0.5678 -0.0000
vn 0.9631 0.2693 -0.0000
vn -0.2777 0.9607 -0.0000
vn -0.8301 0.5577 -0.0000
vn -0.8372 0.5468 -0.0000
vn -0.8432 0.5375 -0.0000
vn -0.8485 0.5292 -0.0000
vn -0.8533 0.5214 -0.0000
vn -0.8579 0.5139 -0.0000
vn -0.8624 0.5063 -0.0000
vn -0.8670 0.4984 -0.0000
vn -0.8718 0.4898 -0.0000
vn -0.8771 0.4803 -0.0000
vn -0.8831 0.4691 -0.0000
vn -0.9442 -0.3294 -0.0000
vn 0.3274 -0.9449 -0.0000
vn 0.8851 -0.4654 -0.0000
vn 0.8800 -0.4750 -0.0000
vn 0.8749 -0.4843 -0.0000
vn 0.8697 -0.4936 -0.0000
vn 0.8641 -0.5033 -0.0000
vn 0.8582 -0.5134 -0.0000
vn 0.8516 -0.5242 -0.0000
vn 0.8441 -0.5362 -0.0000
vn 0.8251 -0.5650 -0.0000
vn 0.8126 -0.5829 -0.0000
vn 0.9655 0.2606 -0.0000
vn -0.2741 0.9617 -0.0000
vn -0.8251 0.5650 -0.0000
vn -0.8312 0.5560 -0.0000
vn -0.8365 0.5480 -0.0000
vn -0.8415 0.5403 -0.0000
vn -0.8464 0.5325 -0.0000
vn -0.8514 0.5245 -0.0000
vn -0.8568 0.5157 -0.0000
vn -0.8695 0.4940 -0.0000
vn -0.8775 0.4796 -0.0000
vn -0.8873 0.4612 -0.0000
vn -0.9431 -0.3326 -0.0000
vn -0.8603 0.5097 -0.0000
vn 0.0047 1.0000 -0.0000
vn 0.0193 0.9998 -0.0000
vn 0.0397 0.9992 -0.0000
vn 0.0615 0.9981 -0.0000
vn 0.0848 0.9964 -0.0000
vn 0.1369 0.9906 -0.0000
vn 0.1661 0.9861 -0.0000
vn 0.1976 0.9803 -0.0000
vn 0.2316 0.9728 -0.0000
vn 0.2685 0.9633 -0.0000
vn 0.3084 0.9512 -0.0000
vn -0.1046 0.9945 -0.0000
vn -0.9664 0.2571 -0.0000
vn -0.8803 -0.4745 -0.0000
vn -0.8900 -0.4559 -0.0000
vn -0.8981 -0.4398 -0.0000
vn -0.9051 -0.4251 -0.0000
vn -0.9114 -0.4115 -0.0000
vn -0.9173 -0.3983 -0.0000
vn -0.9229 -0.3850 -0.0000
vn -0.9286 -0.3712 -0.0000
vn -0.9343 -0.3565 -0.0000
vn -0.9404 -0.3400 -0.0000
vn -0.9472 -0.3207 -0.0000
vn -0.9560 -0.2934 -0.0000
vn -0.9560 -0.2933 -0.0000
vn -0.9454 -0.3259 -0.0000
vn -0.9342 -0.3567 -0.0000
vn -0.9224 -0.3863 -0.0000
vn -0.9096 -0.4154 -0.0000
vn -0.8958 -0.4444 -0.0000
vn -0.8807 -0.4736 -0.0000
vn -0.8641 -0.5034 -0.0000
vn -0.8455 -0.5340 -0.0000
vn -0.8246 -0.5657 -0.0000
vn -0.8011 -0.5986 -0.0000
vn -0.7743 -0.6328 -0.0000
vn -0.7458 -0.6662 -0.0000
vn -0.7157 -0.6984 -0.0000
vn -0.6831 -0.7304 -0.0000
vn -0.6482 -0.7614 -0.0000
vn -0.5739 -0.8189 -0.0000
vn -0.5355 -0.8446 -0.0000
vn -0.4969 -0.8678 -0.0000
vn -0.4587 -0.8886 -0.0000
vn -0.4214 -0.9069 -0.0000
vn -0.3854 -0.9228 -0.0000
vn 0.1784 -0.9840 -0.0000
vn 0.9773 0.2120 -0.0000
vn 0.3249 0.9458 -0.0000
vn 0.3688 0.9295 -0.0000
vn 0.4132 0.9106 -0.0000
vn 0.4576 0.8891 -0.0000
vn 0.5016 0.8651 -0.0000
vn 0.5446 0.8387 -0.0000
vn 0.5863 0.8101 -0.0000
vn 0.6262 0.7797 -0.0000
vn 0.6639 0.7478 -0.0000
vn 0.6991 0.7150 -0.0000
vn 0.7317 0.6816 -0.0000
vn 0.7634 0.6460 -0.0000
vn 0.7932 0.6089 -0.0000
vn 0.8190 0.5737 -0.0000
vn 0.8413 0.5406 -0.0000
vn 0.8608 0.5089 -0.0000
vn 0.8784 0.4780 -0.0000
vn 0.8944 0.4473 -0.0000
vn 0.9094 0.4160 -0.0000
vn 0.9236 0.3834 -0.0000
vn 0.9373 0.3484 -0.0000
vn 0.9508 0.3098 -0.0000
vn 0.9641 0.2656 -0.0000
vn 0.7879 -0.6157 -0.0000
vn -0.4510 -0.8925 -0.0000
vn -0.7973 -0.6035 -0.0000
vn -0.7813 -0.6241 -0.0000
vn -0.7641 -0.6451 -0.0000
vn -0.7457 -0.6663 -0.0000
vn -0.7259 -0.6878 -0.0000
vn -0.7048 -0.7094 -0.0000
vn -0.6824 -0.7310 -0.0000
vn -0.6584 -0.7527 -0.0000
vn -0.6330 -0.7742 -0.0000
vn -0.6060 -0.7955 -0.0000
vn -0.5775 -0.8164 -0.0000
vn 0.9995 0.0310 -0.0000
vn 0.5626 0.8267 -0.0000
vn 0.6101 0.7923 -0.0000
vn 0.6534 0.7570 -0.0000
vn 0.6928 0.7212 -0.0000
vn 0.7283 0.6852 -0.0000
vn 0.7603 0.6496 -0.0000
vn 0.7890 0.6143 -0.0000
vn 0.8149 0.5796 -0.0000
vn 0.8382 0.5454 -0.0000
vn 0.8592 0.5116 -0.0000
vn 0.8785 0.4778 -0.0000
vn 0.8848 0.4660 -0.0000
vn 0.8883 0.4593 -0.0000
vn 0.8993 0.4372 -0.0000
vn 0.9083 0.4184 -0.0000
vn 0.9160 0.4013 -0.0000
vn 0.9229 0.3849 -0.0000
vn 0.9296 0.3684 -0.0000
vn 0.9362 0.3514 -0.0000
vn 0.9430 0.3329 -0.0000
vn 0.9500 0.3122 -0.0000
vn 0.9576 0.2880 -0.0000
vn 0.9658 0.2592 -0.0000
vn 0.4794 0.8776 -0.0000
vn -0.9393 0.3431 -0.0000
vn -0.8578 -0.5140 -0.0000
vn -0.8629 -0.5054 -0.0000
vn -0.8669 -0.4984 -0.0000
vn -0.8702 -0.4927 -0.0000
vn -0.8728 -0.4881 -0.0000
vn -0.8748 -0.4845 -0.0000
vn -0.8763 -0.4818 -0.0000
vn -0.8773 -0.4800 -0.0000
vn -0.8776 -0.4794 -0.0000
vn -0.8774 -0.4798 -0.0000
vn -0.8762 -0.4819 -0.0000
vt 0.213483 0.000000
vt 0.224719 0.000000
vt 0.219101 0.000000
vt 0.230337 0.000000
vt 0.235955 0.000000
vt 0.207865 0.000000
vt 0.241573 0.000000
vt 0.067416 0.000000
vt 0.078652 0.000000
vt 0.073034 0.000000
vt 0.247191 0.000000
vt 0.202247 0.000000
vt 0.084270 0.000000
vt 0.921348 0.000000
vt 0.932584 0.000000
vt 0.926966 0.000000
vt 0.196629 0.000000
vt 0.252809 0.000000
vt 0.089888 0.000000
vt 0.061798 0.000000
vt 0.191011 0.000000
vt 0.915730 0.000000
vt 0.258427 0.000000
vt 0.095506 0.000000
vt 0.910112 0.000000
vt 0.185393 0.000000
vt 0.904494 0.000000
vt 0.264045 0.000000
vt 0.101124 0.000000
vt 0.056180 0.000000
vt 0.898876 0.000000
vt 0.179775 0.000000
vt 0.938202 0.000000
vt 0.269663 0.000000
vt 0.050562 0.000000
vt 0.893258 0.000000
vt 0.106742 0.000000
vt 0.174157 0.000000
vt 0.887640 0.000000
vt 0.275281 0.000000
vt 0.943820 0.000000
vt 0.044944 0.000000
vt 0.112360 0.000000
vt 0.882023 0.000000
vt 0.168539 0.000000
vt 0.949438 0.000000
vt 0.876405 0.000000
vt 0.280899 0.000000
vt 0.039326 0.000000
vt 0.955056 0.000000
vt 0.117978 0.000000
vt 0.870786 0.000000
vt 0.162921 0.000000
vt 0.960674 0.000000
vt 0.286517 0.000000
vt 0.865169 0.000000
vt 0.033708 0.000000
vt 0.123596 0.000000
vt 0.859551 0.000000
vt 0.966292 0.000000
vt 0.157303 0.000000
vt 0.853933 0.000000
vt 0.971910 0.000000
vt 0.028090 0.000000
vt 0.129213 0.000000
vt 0.151685 0.000000
vt 0.146067 0.000000
vt 0.977528 0.000000
vt 0.022472 0.000000
vt 0.983146 0.000000
vt 0.134831 0.000000
vt 0.988764 0.000000
vt 0.848315 0.000000
vt 0.016854 0.000000
vt 0.994382 0.000000
vt 0.140449 0.000000
vt 1.000000 0.000000
vt 0.292135 0.000000
vt 0.011236 0.000000
vt 0.842697 0.000000
vt 0.005618 0.000000
vt 0.000000 0.000000
vt 0.359551 0.000000
vt 0.370787 0.000000
vt 0.365169 0.000000
vt 0.353933 0.000000
vt 0.348315 0.000000
vt 0.342697 0.000000
vt 0.337079 0.000000
vt 0.331461 0.000000
vt 0.325843 0.000000
vt 0.320225 0.000000
vt 0.314607 0.000000
vt 0.308989 0.000000
vt 0.303371 0.000000
vt 0.297753 0.000000
vt 0.837079 0.000000
vt 0.376404 0.000000
vt 0.831461 0.000000
vt 0.382022 0.000000
vt 0.387640 0.000000
vt 0.393258 0.000000
vt 0.398876 0.000000
vt 0.404494 0.000000
vt 0.825843 0.000000
vt 0.410112 0.000000
vt 0.719101 0.000000
vt 0.415730 0.000000
vt 0.421348 0.000000
vt 0.426966 0.000000
vt 0.713483 0.000000
vt 0.432584 0.000000
vt 0.724719 0.000000
vt 0.707865 0.000000
vt 0.438202 0.000000
vt 0.820225 0.000000
vt 0.443820 0.000000
vt 0.702247 0.000000
vt 0.730337 0.000000
vt 0.449438 0.000000
vt 0.814607 0.000000
vt 0.696629 0.000000
vt 0.735955 0.000000
vt 0.455056 0.000000
vt 0.741573 0.000000
vt 0.691011 0.000000
vt 0.808989 0.000000
vt 0.747191 0.000000
vt 0.460674 0.000000
vt 0.685393 0.000000
vt 0.803371 0.000000
vt 0.752809 0.000000
vt 0.679775 0.000000
vt 0.466292 0.000000
vt 0.797753 0.000000
vt 0.758427 0.000000
vt 0.674157 0.000000
vt 0.471910 0.000000
vt 0.764045 0.000000
vt 0.792135 0.000000
vt 0.769663 0.000000
vt 0.668539 0.000000
vt 0.477528 0.000000
vt 0.786517 0.000000
vt 0.775281 0.000000
vt 0.662921 0.000000
vt 0.483146 0.000000
vt 0.780899 0.000000
vt 0.657303 0.000000
vt 0.488764 0.000000
vt 0.651685 0.000000
vt 0.494382 0.000000
vt 0.646067 0.000000
vt 0.640449 0.000000
vt 0.500000 0.000000
vt 0.634831 0.000000
vt 0.505618 0.000000
vt 0.629214 0.000000
vt 0.511236 0.000000
vt 0.623595 0.000000
vt 0.516854 0.000000
vt 0.617977 0.000000
vt 0.522472 0.000000
vt 0.612360 0.000000
vt 0.528090 0.000000
vt 0.606742 0.000000
vt 0.533708 0.000000
vt 0.601124 0.000000
vt 0.595506 0.000000
vt 0.539326 0.000000
vt 0.589888 0.000000
vt 0.544944 0.000000
vt 0.584270 0.000000
vt 0.550562 0.000000
vt 0.578652 0.000000
vt 0.573034 0.000000
vt 0.556180 0.000000
vt 0.561798 0.000000
vt 0.567416 0.000000
vt 0.160000 0.000000
vt 0.186667 0.000000
vt 0.173333 0.000000
vt 0.200000 0.000000
vt 0.213333 0.000000
vt 0.226667 0.000000
vt 0.240000 0.000000
vt 0.146667 0.000000
vt 0.253333 0.000000
vt 0.133333 0.000000
vt 0.266667 0.000000
vt 0.120000 0.000000
vt 0.280000 0.000000
vt 0.106667 0.000000
vt 0.293333 0.000000
vt 0.093333 0.000000
vt 0.480000 0.000000
vt 0.506667 0.000000
vt 0.493333 0.000000
vt 0.306667 0.000000
vt 0.080000 0.000000
vt 0.320000 0.000000
vt 0.066667 0.000000
vt 0.466667 0.000000
vt 0.333333 0.000000
vt 0.053333 0.000000
vt 0.040000 0.000000
vt 0.026667 0.000000
vt 0.013333 0.000000
vt 0.453333 0.000000
vt 0.520000 0.000000
vt 0.440000 0.000000
vt 0.533333 0.000000
vt 0.426667 0.000000
vt 0.546667 0.000000
vt 0.413333 0.000000
vt 0.560000 0.000000
vt 0.400000 0.000000
vt 0.573333 0.000000
vt 0.386667 0.000000
vt 0.373333 0.000000
vt 0.586667 0.000000
vt 0.360000 0.000000
vt 0.600000 0.000000
vt 0.346667 0.000000
vt 0.613333 0.000000
vt 0.626667 0.000000
vt 0.986667 0.000000
vt 0.640000 0.000000
vt 0.973333 0.000000
vt 0.960000 0.000000
vt 0.653333 0.000000
vt 0.946667 0.000000
vt 0.933333 0.000000
vt 0.666667 0.000000
vt 0.920000 0.000000
vt 0.906667 0.000000
vt 0.680000 0.000000
vt 0.893333 0.000000
vt 0.693333 0.000000
vt 0.880000 0.000000
vt 0.866667 0.000000
vt 0.706667 0.000000
vt 0.853333 0.000000
vt 0.720000 0.000000
vt 0.840000 0.000000
vt 0.826667 0.000000
vt 0.733333 0.000000
vt 0.746667 0.000000
vt 0.760000 0.000000
vt 0.773333 0.000000
vt 0.786667 0.000000
vt 0.800000 0.000000
vt 0.813333 0.000000
vt 0.131579 0.000000
vt 0.157895 0.000000
vt 0.144737 0.000000
vt 0.118421 0.000000
vt 0.105263 0.000000
vt 0.092105 0.000000
vt 0.171053 0.000000
vt 0.078947 0.000000
vt 0.065789 0.000000
vt 0.184211 0.000000
vt 0.197368 0.000000
vt 0.052632 0.000000
vt 0.210526 0.000000
vt 0.039474 0.000000
vt 0.223684 0.000000
vt 0.026316 0.000000
vt 0.236842 0.000000
vt 0.013158 0.000000
vt 0.250000 0.000000
vt 0.263158 0.000000
vt 0.276316 0.000000
vt 0.986842 0.000000
vt 0.973684 0.000000
vt 0.289474 0.000000
vt 0.960526 0.000000
vt 0.302632 0.000000
vt 0.947368 0.000000
vt 0.315789 0.000000
vt 0.934211 0.000000
vt 0.671053 0.000000
vt 0.328947 0.000000
vt 0.921053 0.000000
vt 0.907895 0.000000
vt 0.894737 0.000000
vt 0.881579 0.000000
vt 0.684211 0.000000
vt 0.657895 0.000000
vt 0.868421 0.000000
vt 0.697368 0.000000
vt 0.855263 0.000000
vt 0.710526 0.000000
vt 0.842105 0.000000
vt 0.723684 0.000000
vt 0.828947 0.000000
vt 0.736842 0.000000
vt 0.750000 0.000000
vt 0.763158 0.000000
vt 0.776316 0.000000
vt 0.789474 0.000000
vt 0.802632 0.000000
vt 0.815789 0.000000
vt 0.644737 0.000000
vt 0.342105 0.000000
vt 0.631579 0.000000
vt 0.355263 0.000000
vt 0.618421 0.000000
vt 0.368421 0.000000
vt 0.605263 0.000000
vt 0.381579 0.000000
vt 0.592105 0.000000
vt 0.394737 0.000000
vt 0.578947 0.000000
vt 0.407895 0.000000
vt 0.421053 0.000000
vt 0.565789 0.000000
vt 0.434211 0.000000
vt 0.552632 0.000000
vt 0.447368 0.000000
vt 0.539474 0.000000
vt 0.460526 0.000000
vt 0.526316 0.000000
vt 0.473684 0.000000
vt 0.513158 0.000000
vt 0.486842 0.000000
vt 0.725806 0.000000
vt 0.736559 0.000000
vt 0.731183 0.000000
vt 0.930108 0.000000
vt 0.940860 0.000000
vt 0.935484 0.000000
vt 0.946237 0.000000
vt 0.720430 0.000000
vt 0.951613 0.000000
vt 0.715054 0.000000
vt 0.956989 0.000000
vt 0.709677 0.000000
vt 0.962366 0.000000
vt 0.704301 0.000000
vt 0.967742 0.000000
vt 0.698925 0.000000
vt 0.973118 0.000000
vt 0.693548 0.000000
vt 0.978495 0.000000
vt 0.688172 0.000000
vt 0.983871 0.000000
vt 0.682796 0.000000
vt 0.989247 0.000000
vt 0.677419 0.000000
vt 0.994624 0.000000
vt 0.672043 0.000000
vt 0.607527 0.000000
vt 0.612903 0.000000
vt 0.618280 0.000000
vt 0.623656 0.000000
vt 0.629032 0.000000
vt 0.634409 0.000000
vt 0.639785 0.000000
vt 0.645161 0.000000
vt 0.650538 0.000000
vt 0.655914 0.000000
vt 0.661290 0.000000
vt 0.924731 0.000000
vt 0.919355 0.000000
vt 0.913979 0.000000
vt 0.908602 0.000000
vt 0.903226 0.000000
vt 0.897849 0.000000
vt 0.892473 0.000000
vt 0.887097 0.000000
vt 0.881720 0.000000
vt 0.876344 0.000000
vt 0.870968 0.000000
vt 0.865591 0.000000
vt 0.860215 0.000000
vt 0.854839 0.000000
vt 0.849462 0.000000
vt 0.838710 0.000000
vt 0.833333 0.000000
vt 0.827957 0.000000
vt 0.822581 0.000000
vt 0.817204 0.000000
vt 0.811828 0.000000
vt 0.806452 0.000000
vt 0.801075 0.000000
vt 0.795699 0.000000
vt 0.790323 0.000000
vt 0.784946 0.000000
vt 0.779570 0.000000
vt 0.774194 0.000000
vt 0.768817 0.000000
vt 0.763441 0.000000
vt 0.758065 0.000000
vt 0.752688 0.000000
vt 0.747312 0.000000
vt 0.741935 0.000000
vt 0.844086 0.000000
vt 0.118280 0.000000
vt 0.129032 0.000000
vt 0.123656 0.000000
vt 0.532258 0.000000
vt 0.543011 0.000000
vt 0.537634 0.000000
vt 0.548387 0.000000
vt 0.112903 0.000000
vt 0.553763 0.000000
vt 0.107527 0.000000
vt 0.559140 0.000000
vt 0.102151 0.000000
vt 0.564516 0.000000
vt 0.096774 0.000000
vt 0.569892 0.000000
vt 0.091398 0.000000
vt 0.575269 0.000000
vt 0.086022 0.000000
vt 0.580645 0.000000
vt 0.080645 0.000000
vt 0.586021 0.000000
vt 0.075269 0.000000
vt 0.591398 0.000000
vt 0.069892 0.000000
vt 0.596774 0.000000
vt 0.064516 0.000000
vt 0.602151 0.000000
vt 0.059140 0.000000
vt 0.005376 0.000000
vt 0.010753 0.000000
vt 0.016129 0.000000
vt 0.021505 0.000000
vt 0.026882 0.000000
vt 0.032258 0.000000
vt 0.037634 0.000000
vt 0.043011 0.000000
vt 0.048387 0.000000
vt 0.053763 0.000000
vt 0.526882 0.000000
vt 0.521505 0.000000
vt 0.516129 0.000000
vt 0.510753 0.000000
vt 0.505376 0.000000
vt 0.494624 0.000000
vt 0.489247 0.000000
vt 0.483871 0.000000
vt 0.478495 0.000000
vt 0.473118 0.000000
vt 0.467742 0.000000
vt 0.462366 0.000000
vt 0.198925 0.000000
vt 0.193548 0.000000
vt 0.188172 0.000000
vt 0.182796 0.000000
vt 0.177419 0.000000
vt 0.172043 0.000000
vt 0.166667 0.000000
vt 0.161290 0.000000
vt 0.155914 0.000000
vt 0.150538 0.000000
vt 0.145161 0.000000
vt 0.139785 0.000000
vt 0.134409 0.000000
vt 0.456989 0.000000
vt 0.204301 0.000000
vt 0.451613 0.000000
vt 0.209677 0.000000
vt 0.446237 0.000000
vt 0.215054 0.000000
vt 0.440860 0.000000
vt 0.220430 0.000000
vt 0.435484 0.000000
vt 0.225806 0.000000
vt 0.430108 0.000000
vt 0.231183 0.000000
vt 0.424731 0.000000
vt 0.419355 0.000000
vt 0.236559 0.000000
vt 0.413978 0.000000
vt 0.241935 0.000000
vt 0.408602 0.000000
vt 0.247312 0.000000
vt 0.403226 0.000000
vt 0.252688 0.000000
vt 0.397849 0.000000
vt 0.258065 0.000000
vt 0.392473 0.000000
vt 0.387097 0.000000
vt 0.263441 0.000000
vt 0.381720 0.000000
vt 0.268817 0.000000
vt 0.376344 0.000000
vt 0.274194 0.000000
vt 0.370968 0.000000
vt 0.279570 0.000000
vt 0.365591 0.000000
vt 0.360215 0.000000
vt 0.284946 0.000000
vt 0.354839 0.000000
vt 0.290323 0.000000
vt 0.349462 0.000000
vt 0.344086 0.000000
vt 0.295699 0.000000
vt 0.338710 0.000000
vt 0.301075 0.000000
vt 0.306452 0.000000
vt 0.327957 0.000000
vt 0.311828 0.000000
vt 0.317204 0.000000
vt 0.322581 0.000000
vt 0.106195 0.000000
vt 0.123894 0.000000
vt 0.115044 0.000000
vt 0.132743 0.000000
vt 0.646018 0.000000
vt 0.663717 0.000000
vt 0.654867 0.000000
vt 0.097345 0.000000
vt 0.141593 0.000000
vt 0.884956 0.000000
vt 0.902655 0.000000
vt 0.893805 0.000000
vt 0.150442 0.000000
vt 0.088496 0.000000
vt 0.672566 0.000000
vt 0.079646 0.000000
vt 0.911504 0.000000
vt 0.637168 0.000000
vt 0.159292 0.000000
vt 0.681416 0.000000
vt 0.690265 0.000000
vt 0.876106 0.000000
vt 0.699115 0.000000
vt 0.920354 0.000000
vt 0.070796 0.000000
vt 0.707965 0.000000
vt 0.168142 0.000000
vt 0.716814 0.000000
vt 0.725664 0.000000
vt 0.628319 0.000000
vt 0.734513 0.000000
vt 0.929204 0.000000
vt 0.867257 0.000000
vt 0.743363 0.000000
vt 0.061947 0.000000
vt 0.752212 0.000000
vt 0.761062 0.000000
vt 0.176991 0.000000
vt 0.769912 0.000000
vt 0.858407 0.000000
vt 0.230089 0.000000
vt 0.938053 0.000000
vt 0.053097 0.000000
vt 0.619469 0.000000
vt 0.185841 0.000000
vt 0.849558 0.000000
vt 0.946903 0.000000
vt 0.238938 0.000000
vt 0.044248 0.000000
vt 0.840708 0.000000
vt 0.194690 0.000000
vt 0.610619 0.000000
vt 0.955752 0.000000
vt 0.035398 0.000000
vt 0.247788 0.000000
vt 0.203540 0.000000
vt 0.831858 0.000000
vt 0.964602 0.000000
vt 0.026549 0.000000
vt 0.601770 0.000000
vt 0.212389 0.000000
vt 0.823009 0.000000
vt 0.256637 0.000000
vt 0.017699 0.000000
vt 0.973451 0.000000
vt 0.221239 0.000000
vt 0.814159 0.000000
vt 0.592920 0.000000
vt 0.008850 0.000000
vt 0.265487 0.000000
vt 0.982301 0.000000
vt 0.805310 0.000000
vt 0.584071 0.000000
vt 0.991150 0.000000
vt 0.274336 0.000000
vt 0.796460 0.000000
vt 0.575221 0.000000
vt 0.283186 0.000000
vt 0.787611 0.000000
vt 0.778761 0.000000
vt 0.566372 0.000000
vt 0.292035 0.000000
vt 0.557522 0.000000
vt 0.300885 0.000000
vt 0.548673 0.000000
vt 0.309735 0.000000
vt 0.539823 0.000000
vt 0.318584 0.000000
vt 0.530973 0.000000
vt 0.327434 0.000000
vt 0.522124 0.000000
vt 0.336283 0.000000
vt 0.513274 0.000000
vt 0.345133 0.000000
vt 0.504425 0.000000
vt 0.353982 0.000000
vt 0.495575 0.000000
vt 0.486726 0.000000
vt 0.362832 0.000000
vt 0.477876 0.000000
vt 0.371681 0.000000
vt 0.469027 0.000000
vt 0.460177 0.000000
vt 0.380531 0.000000
vt 0.451327 0.000000
vt 0.442478 0.000000
vt 0.389381 0.000000
vt 0.433628 0.000000
vt 0.398230 0.000000
vt 0.407080 0.000000
vt 0.415929 0.000000
vt 0.424779 0.000000
vt 0.613497 0.000000
vt 0.625767 0.000000
vt 0.619632 0.000000
vt 0.631902 0.000000
vt 0.638037 0.000000
vt 0.607362 0.000000
vt 0.644172 0.000000
vt 0.453988 0.000000
vt 0.466258 0.000000
vt 0.460123 0.000000
vt 0.650307 0.000000
vt 0.601227 0.000000
vt 0.472393 0.000000
vt 0.595092 0.000000
vt 0.656442 0.000000
vt 0.478528 0.000000
vt 0.447853 0.000000
vt 0.588957 0.000000
vt 0.662577 0.000000
vt 0.484663 0.000000
vt 0.582822 0.000000
vt 0.668712 0.000000
vt 0.490798 0.000000
vt 0.441718 0.000000
vt 0.576687 0.000000
vt 0.674847 0.000000
vt 0.435583 0.000000
vt 0.496933 0.000000
vt 0.570552 0.000000
vt 0.680982 0.000000
vt 0.429448 0.000000
vt 0.503067 0.000000
vt 0.564417 0.000000
vt 0.687117 0.000000
vt 0.423313 0.000000
vt 0.509202 0.000000
vt 0.558282 0.000000
vt 0.693252 0.000000
vt 0.417178 0.000000
vt 0.705521 0.000000
vt 0.699386 0.000000
vt 0.515337 0.000000
vt 0.552147 0.000000
vt 0.411043 0.000000
vt 0.521472 0.000000
vt 0.546012 0.000000
vt 0.539877 0.000000
vt 0.404908 0.000000
vt 0.527607 0.000000
vt 0.711656 0.000000
vt 0.993865 0.000000
vt 0.398773 0.000000
vt 0.533742 0.000000
vt 0.392638 0.000000
vt 0.717791 0.000000
vt 0.386503 0.000000
vt 0.380368 0.000000
vt 0.987730 0.000000
vt 0.723926 0.000000
vt 0.981595 0.000000
vt 0.730061 0.000000
vt 0.975460 0.000000
vt 0.736196 0.000000
vt 0.969325 0.000000
vt 0.742331 0.000000
vt 0.963190 0.000000
vt 0.748466 0.000000
vt 0.957055 0.000000
vt 0.754601 0.000000
vt 0.950920 0.000000
vt 0.760736 0.000000
vt 0.944785 0.000000
vt 0.766871 0.000000
vt 0.938650 0.000000
vt 0.773006 0.000000
vt 0.932515 0.000000
vt 0.779141 0.000000
vt 0.926380 0.000000
vt 0.785276 0.000000
vt 0.920245 0.000000
vt 0.791411 0.000000
vt 0.914110 0.000000
vt 0.797546 0.000000
vt 0.907975 0.000000
vt 0.803681 0.000000
vt 0.901841 0.000000
vt 0.809816 0.000000
vt 0.895706 0.000000
vt 0.815951 0.000000
vt 0.889571 0.000000
vt 0.822086 0.000000
vt 0.883436 0.000000
vt 0.828221 0.000000
vt 0.877301 0.000000
vt 0.834356 0.000000
vt 0.871166 0.000000
vt 0.840491 0.000000
vt 0.865031 0.000000
vt 0.846626 0.000000
vt 0.858896 0.000000
vt 0.852761 0.000000
vt 0.368098 0.000000
vt 0.374233 0.000000
vt 0.006135 0.000000
vt 0.012270 0.000000
vt 0.361963 0.000000
vt 0.018405 0.000000
vt 0.024540 0.000000
vt 0.030675 0.000000
vt 0.036810 0.000000
vt 0.042945 0.000000
vt 0.355828 0.000000
vt 0.049080 0.000000
vt 0.055215 0.000000
vt 0.061350 0.000000
vt 0.067485 0.000000
vt 0.073620 0.000000
vt 0.349693 0.000000
vt 0.079755 0.000000
vt 0.085890 0.000000
vt 0.343558 0.000000
vt 0.092025 0.000000
vt 0.098160 0.000000
vt 0.337423 0.000000
vt 0.104294 0.000000
vt 0.331288 0.000000
vt 0.110429 0.000000
vt 0.325153 0.000000
vt 0.116564 0.000000
vt 0.319018 0.000000
vt 0.122699 0.000000
vt 0.312883 0.000000
vt 0.128834 0.000000
vt 0.306748 0.000000
vt 0.134969 0.000000
vt 0.300613 0.000000
vt 0.141104 0.000000
vt 0.294479 0.000000
vt 0.147239 0.000000
vt 0.288344 0.000000
vt 0.153374 0.000000
vt 0.282209 0.000000
vt 0.159509 0.000000
vt 0.276074 0.000000
vt 0.165644 0.000000
vt 0.269939 0.000000
vt 0.171779 0.000000
vt 0.263804 0.000000
vt 0.257669 0.000000
vt 0.177914 0.000000
vt 0.251534 0.000000
vt 0.184049 0.000000
vt 0.245399 0.000000
vt 0.190184 0.000000
vt 0.239264 0.000000
vt 0.196319 0.000000
vt 0.233129 0.000000
vt 0.202454 0.000000
vt 0.226994 0.000000
vt 0.208589 0.000000
vt 0.214724 0.000000
vt 0.220859 0.000000
vt 0.301370 0.000000
vt 0.328767 0.000000
vt 0.315068 0.000000
vt 0.821918 0.000000
vt 0.849315 0.000000
vt 0.835616 0.000000
vt 0.863014 0.000000
vt 0.287671 0.000000
vt 0.876712 0.000000
vt 0.273973 0.000000
vt 0.890411 0.000000
vt 0.260274 0.000000
vt 0.904110 0.000000
vt 0.246575 0.000000
vt 0.917808 0.000000
vt 0.232877 0.000000
vt 0.931507 0.000000
vt 0.219178 0.000000
vt 0.945205 0.000000
vt 0.205479 0.000000
vt 0.958904 0.000000
vt 0.191781 0.000000
vt 0.972603 0.000000
vt 0.178082 0.000000
vt 0.986301 0.000000
vt 0.164384 0.000000
vt 0.150685 0.000000
vt 0.013699 0.000000
vt 0.027397 0.000000
vt 0.041096 0.000000
vt 0.054795 0.000000
vt 0.068493 0.000000
vt 0.082192 0.000000
vt 0.095890 0.000000
vt 0.109589 0.000000
vt 0.123288 0.000000
vt 0.136986 0.000000
vt 0.808219 0.000000
vt 0.794521 0.000000
vt 0.780822 0.000000
vt 0.767123 0.000000
vt 0.753425 0.000000
vt 0.739726 0.000000
vt 0.726027 0.000000
vt 0.712329 0.000000
vt 0.698630 0.000000
vt 0.684932 0.000000
vt 0.671233 0.000000
vt 0.657534 0.000000
vt 0.643836 0.000000
vt 0.630137 0.000000
vt 0.616438 0.000000
vt 0.589041 0.000000
vt 0.547945 0.000000
vt 0.506849 0.000000
vt 0.493151 0.000000
vt 0.479452 0.000000
vt 0.465753 0.000000
vt 0.452055 0.000000
vt 0.438356 0.000000
vt 0.424658 0.000000
vt 0.410959 0.000000
vt 0.397260 0.000000
vt 0.602740 0.000000
vt 0.575342 0.000000
vt 0.561644 0.000000
vt 0.534247 0.000000
vt 0.520548 0.000000
vt 0.383562 0.000000
vt 0.369863 0.000000
vt 0.356164 0.000000
vt 0.342466 0.000000
vt 0.558140 0.000000
vt 0.569767 0.000000
vt 0.563953 0.000000
vt 0.575581 0.000000
vt 0.581395 0.000000
vt 0.552326 0.000000
vt 0.587209 0.000000
vt 0.546512 0.000000
vt 0.593023 0.000000
vt 0.540698 0.000000
vt 0.598837 0.000000
vt 0.534884 0.000000
vt 0.604651 0.000000
vt 0.529070 0.000000
vt 0.610465 0.000000
vt 0.523256 0.000000
vt 0.616279 0.000000
vt 0.517442 0.000000
vt 0.622093 0.000000
vt 0.511628 0.000000
vt 0.627907 0.000000
vt 0.505814 0.000000
vt 0.633721 0.000000
vt 0.639535 0.000000
vt 0.494186 0.000000
vt 0.645349 0.000000
vt 0.488372 0.000000
vt 0.651163 0.000000
vt 0.482558 0.000000
vt 0.656977 0.000000
vt 0.476744 0.000000
vt 0.662791 0.000000
vt 0.470930 0.000000
vt 0.668605 0.000000
vt 0.465116 0.000000
vt 0.674419 0.000000
vt 0.459302 0.000000
vt 0.680233 0.000000
vt 0.453488 0.000000
vt 0.773256 0.000000
vt 0.784884 0.000000
vt 0.779070 0.000000
vt 0.767442 0.000000
vt 0.686047 0.000000
vt 0.447674 0.000000
vt 0.761628 0.000000
vt 0.790698 0.000000
vt 0.755814 0.000000
vt 0.691860 0.000000
vt 0.796512 0.000000
vt 0.441860 0.000000
vt 0.744186 0.000000
vt 0.802326 0.000000
vt 0.738372 0.000000
vt 0.697674 0.000000
vt 0.808140 0.000000
vt 0.732558 0.000000
vt 0.436047 0.000000
vt 0.726744 0.000000
vt 0.813953 0.000000
vt 0.703488 0.000000
vt 0.720930 0.000000
vt 0.430233 0.000000
vt 0.819767 0.000000
vt 0.715116 0.000000
vt 0.709302 0.000000
vt 0.825581 0.000000
vt 0.831395 0.000000
vt 0.994186 0.000000
vt 0.988372 0.000000
vt 0.982558 0.000000
vt 0.837209 0.000000
vt 0.976744 0.000000
vt 0.970930 0.000000
vt 0.965116 0.000000
vt 0.959302 0.000000
vt 0.953488 0.000000
vt 0.843023 0.000000
vt 0.947674 0.000000
vt 0.941860 0.000000
vt 0.936047 0.000000
vt 0.930233 0.000000
vt 0.848837 0.000000
vt 0.924419 0.000000
vt 0.918605 0.000000
vt 0.912791 0.000000
vt 0.906977 0.000000
vt 0.901163 0.000000
vt 0.895349 0.000000
vt 0.889535 0.000000
vt 0.883721 0.000000
vt 0.877907 0.000000
vt 0.872093 0.000000
vt 0.866279 0.000000
vt 0.860465 0.000000
vt 0.854651 0.000000
vt 0.127907 0.000000
vt 0.139535 0.000000
vt 0.133721 0.000000
vt 0.145349 0.000000
vt 0.151163 0.000000
vt 0.122093 0.000000
vt 0.156977 0.000000
vt 0.116279 0.000000
vt 0.162791 0.000000
vt 0.110465 0.000000
vt 0.168605 0.000000
vt 0.104651 0.000000
vt 0.174419 0.000000
vt 0.098837 0.000000
vt 0.180233 0.000000
vt 0.093023 0.000000
vt 0.186047 0.000000
vt 0.087209 0.000000
vt 0.191860 0.000000
vt 0.081395 0.000000
vt 0.197674 0.000000
vt 0.075581 0.000000
vt 0.203488 0.000000
vt 0.069767 0.000000
vt 0.209302 0.000000
vt 0.063953 0.000000
vt 0.215116 0.000000
vt 0.058140 0.000000
vt 0.220930 0.000000
vt 0.052326 0.000000
vt 0.046512 0.000000
vt 0.226744 0.000000
vt 0.040698 0.000000
vt 0.232558 0.000000
vt 0.034884 0.000000
vt 0.238372 0.000000
vt 0.029070 0.000000
vt 0.244186 0.000000
vt 0.023256 0.000000
vt 0.017442 0.000000
vt 0.255814 0.000000
vt 0.011628 0.000000
vt 0.261628 0.000000
vt 0.005814 0.000000
vt 0.267442 0.000000
vt 0.273256 0.000000
vt 0.424419 0.000000
vt 0.279070 0.000000
vt 0.418605 0.000000
vt 0.412791 0.000000
vt 0.284884 0.000000
vt 0.406977 0.000000
vt 0.290698 0.000000
vt 0.401163 0.000000
vt 0.296512 0.000000
vt 0.395349 0.000000
vt 0.302326 0.000000
vt 0.389535 0.000000
vt 0.308140 0.000000
vt 0.383721 0.000000
vt 0.377907 0.000000
vt 0.313953 0.000000
vt 0.372093 0.000000
vt 0.319767 0.000000
vt 0.366279 0.000000
vt 0.325581 0.000000
vt 0.360465 0.000000
vt 0.354651 0.000000
vt 0.331395 0.000000
vt 0.337209 0.000000
vt 0.348837 0.000000
vt 0.343023 0.000000
vt 0.000000 1.000000
vt 0.038462 1.000000
vt 0.038462 0.000000
vt 0.076923 1.000000
vt 0.076923 0.000000
vt 0.115385 1.000000
vt 0.115385 0.000000
vt 0.153846 1.000000
vt 0.153846 0.000000
vt 0.192308 1.000000
vt 0.192308 0.000000
vt 0.230769 1.000000
vt 0.230769 0.000000
vt 0.269231 1.000000
vt 0.269231 0.000000
vt 0.307692 1.000000
vt 0.307692 0.000000
vt 0.346154 1.000000
vt 0.346154 0.000000
vt 0.384615 1.000000
vt 0.384615 0.000000
vt 0.423077 1.000000
vt 0.423077 0.000000
vt 0.461538 1.000000
vt 0.461538 0.000000
vt 0.500000 1.000000
vt 0.538462 1.000000
vt 0.538462 0.000000
vt 0.576923 1.000000
vt 0.576923 0.000000
vt 0.615385 1.000000
vt 0.615385 0.000000
vt 0.653846 1.000000
vt 0.653846 0.000000
vt 0.692308 1.000000
vt 0.692308 0.000000
vt 0.730769 1.000000
vt 0.730769 0.000000
vt 0.769231 1.000000
vt 0.769231 0.000000
vt 0.807692 1.000000
vt 0.807692 0.000000
vt 0.846154 1.000000
vt 0.846154 0.000000
vt 0.884615 1.000000
vt 0.884615 0.000000
vt 0.923077 1.000000
vt 0.923077 0.000000
vt 0.961538 1.000000
vt 0.961538 0.000000
vt 1.000000 1.000000
vt 0.016129 1.000000
vt 0.032258 1.000000
vt 0.048387 1.000000
vt 0.064516 1.000000
vt 0.080645 1.000000
vt 0.096774 1.000000
vt 0.112903 1.000000
vt 0.129032 1.000000
vt 0.145161 1.000000
vt 0.161290 1.000000
vt 0.177419 1.000000
vt 0.193548 1.000000
vt 0.209677 1.000000
vt 0.225806 1.000000
vt 0.241935 1.000000
vt 0.258065 1.000000
vt 0.274194 1.000000
vt 0.290323 1.000000
vt 0.306452 1.000000
vt 0.322581 1.000000
vt 0.338710 1.000000
vt 0.354839 1.000000
vt 0.370968 1.000000
vt 0.387097 1.000000
vt 0.403226 1.000000
vt 0.419355 1.000000
vt 0.435484 1.000000
vt 0.451613 1.000000
vt 0.467742 1.000000
vt 0.483871 1.000000
vt 0.516129 1.000000
vt 0.532258 1.000000
vt 0.548387 1.000000
vt 0.564516 1.000000
vt 0.580645 1.000000
vt 0.596774 1.000000
vt 0.612903 1.000000
vt 0.629032 1.000000
vt 0.645161 1.000000
vt 0.661290 1.000000
vt 0.677419 1.000000
vt 0.693548 1.000000
vt 0.709677 1.000000
vt 0.725806 1.000000
vt 0.741935 1.000000
vt 0.758065 1.000000
vt 0.774194 1.000000
vt 0.790323 1.000000
vt 0.806452 1.000000
vt 0.822581 1.000000
vt 0.838710 1.000000
vt 0.854839 1.000000
vt 0.870968 1.000000
vt 0.887097 1.000000
vt 0.903226 1.000000
vt 0.919355 1.000000
vt 0.935484 1.000000
vt 0.951613 1.000000
vt 0.967742 1.000000
vt 0.983871 1.000000
vt 0.020000 1.000000
vt 0.020000 0.000000
vt 0.040000 1.000000
vt 0.060000 1.000000
vt 0.060000 0.000000
vt 0.080000 1.000000
vt 0.100000 1.000000
vt 0.100000 0.000000
vt 0.120000 1.000000
vt 0.140000 1.000000
vt 0.140000 0.000000
vt 0.160000 1.000000
vt 0.180000 1.000000
vt 0.180000 0.000000
vt 0.200000 1.000000
vt 0.220000 1.000000
vt 0.220000 0.000000
vt 0.240000 1.000000
vt 0.260000 1.000000
vt 0.260000 0.000000
vt 0.280000 1.000000
vt 0.300000 1.000000
vt 0.300000 0.000000
vt 0.320000 1.000000
vt 0.340000 1.000000
vt 0.340000 0.000000
vt 0.360000 1.000000
vt 0.380000 1.000000
vt 0.380000 0.000000
vt 0.400000 1.000000
vt 0.420000 1.000000
vt 0.420000 0.000000
vt 0.440000 1.000000
vt 0.460000 1.000000
vt 0.460000 0.000000
vt 0.480000 1.000000
vt 0.520000 1.000000
vt 0.540000 1.000000
vt 0.540000 0.000000
vt 0.560000 1.000000
vt 0.580000 1.000000
vt 0.580000 0.000000
vt 0.600000 1.000000
vt 0.620000 1.000000
vt 0.620000 0.000000
vt 0.640000 1.000000
vt 0.660000 1.000000
vt 0.660000 0.000000
vt 0.680000 1.000000
vt 0.700000 1.000000
vt 0.700000 0.000000
vt 0.720000 1.000000
vt 0.740000 1.000000
vt 0.740000 0.000000
vt 0.760000 1.000000
vt 0.780000 1.000000
vt 0.780000 0.000000
vt 0.800000 1.000000
vt 0.820000 1.000000
vt 0.820000 0.000000
vt 0.840000 1.000000
vt 0.860000 1.000000
vt 0.860000 0.000000
vt 0.880000 1.000000
vt 0.900000 1.000000
vt 0.900000 0.000000
vt 0.920000 1.000000
vt 0.940000 1.000000
vt 0.940000 0.000000
vt 0.960000 1.000000
vt 0.980000 1.000000
vt 0.980000 0.000000
vt 0.010101 1.000000
vt 0.010101 0.000000
vt 0.020202 1.000000
vt 0.020202 0.000000
vt 0.030303 1.000000
vt 0.030303 0.000000
vt 0.040404 1.000000
vt 0.040404 0.000000
vt 0.050505 1.000000
vt 0.050505 0.000000
vt 0.060606 1.000000
vt 0.060606 0.000000
vt 0.070707 1.000000
vt 0.070707 0.000000
vt 0.080808 1.000000
vt 0.080808 0.000000
vt 0.090909 1.000000
vt 0.090909 0.000000
vt 0.101010 1.000000
vt 0.101010 0.000000
vt 0.111111 1.000000
vt 0.111111 0.000000
vt 0.121212 1.000000
vt 0.121212 0.000000
vt 0.131313 1.000000
vt 0.131313 0.000000
vt 0.141414 1.000000
vt 0.141414 0.000000
vt 0.151515 1.000000
vt 0.151515 0.000000
vt 0.161616 1.000000
vt 0.161616 0.000000
vt 0.171717 1.000000
vt 0.171717 0.000000
vt 0.181818 1.000000
vt 0.181818 0.000000
vt 0.191919 1.000000
vt 0.191919 0.000000
vt 0.202020 1.000000
vt 0.202020 0.000000
vt 0.212121 1.000000
vt 0.212121 0.000000
vt 0.222222 1.000000
vt 0.222222 0.000000
vt 0.232323 1.000000
vt 0.232323 0.000000
vt 0.242424 1.000000
vt 0.242424 0.000000
vt 0.252525 1.000000
vt 0.252525 0.000000
vt 0.262626 1.000000
vt 0.262626 0.000000
vt 0.272727 1.000000
vt 0.272727 0.000000
vt 0.282828 1.000000
vt 0.282828 0.000000
vt 0.292929 1.000000
vt 0.292929 0.000000
vt 0.303030 1.000000
vt 0.303030 0.000000
vt 0.313131 1.000000
vt 0.313131 0.000000
vt 0.323232 1.000000
vt 0.323232 0.000000
vt 0.333333 1.000000
vt 0.343434 1.000000
vt 0.343434 0.000000
vt 0.353535 1.000000
vt 0.353535 0.000000
vt 0.363636 1.000000
vt 0.363636 0.000000
vt 0.373737 1.000000
vt 0.373737 0.000000
vt 0.383838 1.000000
vt 0.383838 0.000000
vt 0.393939 1.000000
vt 0.393939 0.000000
vt 0.404040 1.000000
vt 0.404040 0.000000
vt 0.414141 1.000000
vt 0.414141 0.000000
vt 0.424242 1.000000
vt 0.424242 0.000000
vt 0.434343 1.000000
vt 0.434343 0.000000
vt 0.444444 1.000000
vt 0.444444 0.000000
vt 0.454545 1.000000
vt 0.454545 0.000000
vt 0.464646 1.000000
vt 0.464646 0.000000
vt 0.474747 1.000000
vt 0.474747 0.000000
vt 0.484848 1.000000
vt 0.484848 0.000000
vt 0.494949 1.000000
vt 0.494949 0.000000
vt 0.505050 1.000000
vt 0.505050 0.000000
vt 0.515152 1.000000
vt 0.515152 0.000000
vt 0.525253 1.000000
vt 0.525253 0.000000
vt 0.535354 1.000000
vt 0.535354 0.000000
vt 0.545455 1.000000
vt 0.545455 0.000000
vt 0.555556 1.000000
vt 0.555556 0.000000
vt 0.565657 1.000000
vt 0.565657 0.000000
vt 0.575758 1.000000
vt 0.575758 0.000000
vt 0.585859 1.000000
vt 0.585859 0.000000
vt 0.595960 1.000000
vt 0.595960 0.000000
vt 0.606061 1.000000
vt 0.606061 0.000000
vt 0.616162 1.000000
vt 0.616162 0.000000
vt 0.626263 1.000000
vt 0.626263 0.000000
vt 0.636364 1.000000
vt 0.636364 0.000000
vt 0.646465 1.000000
vt 0.646465 0.000000
vt 0.656566 1.000000
vt 0.656566 0.000000
vt 0.666667 1.000000
vt 0.676768 1.000000
vt 0.676768 0.000000
vt 0.686869 1.000000
vt 0.686869 0.000000
vt 0.696970 1.000000
vt 0.696970 0.000000
vt 0.707071 1.000000
vt 0.707071 0.000000
vt 0.717172 1.000000
vt 0.717172 0.000000
vt 0.727273 1.000000
vt 0.727273 0.000000
vt 0.737374 1.000000
vt 0.737374 0.000000
vt 0.747475 1.000000
vt 0.747475 0.000000
vt 0.757576 1.000000
vt 0.757576 0.000000
vt 0.767677 1.000000
vt 0.767677 0.000000
vt 0.777778 1.000000
vt 0.777778 0.000000
vt 0.787879 1.000000
vt 0.787879 0.000000
vt 0.797980 1.000000
vt 0.797980 0.000000
vt 0.808081 1.000000
vt 0.808081 0.000000
vt 0.818182 1.000000
vt 0.818182 0.000000
vt 0.828283 1.000000
vt 0.828283 0.000000
vt 0.838384 1.000000
vt 0.838384 0.000000
vt 0.848485 1.000000
vt 0.848485 0.000000
vt 0.858586 1.000000
vt 0.858586 0.000000
vt 0.868687 1.000000
vt 0.868687 0.000000
vt 0.878788 1.000000
vt 0.878788 0.000000
vt 0.888889 1.000000
vt 0.888889 0.000000
vt 0.898990 1.000000
vt 0.898990 0.000000
vt 0.909091 1.000000
vt 0.909091 0.000000
vt 0.919192 1.000000
vt 0.919192 0.000000
vt 0.929293 1.000000
vt 0.929293 0.000000
vt 0.939394 1.000000
vt 0.939394 0.000000
vt 0.949495 1.000000
vt 0.949495 0.000000
vt 0.959596 1.000000
vt 0.959596 0.000000
vt 0.969697 1.000000
vt 0.969697 0.000000
vt 0.979798 1.000000
vt 0.979798 0.000000
vt 0.989899 1.000000
vt 0.989899 0.000000
vt 0.013514 1.000000
vt 0.013514 0.000000
vt 0.027027 1.000000
vt 0.027027 0.000000
vt 0.040541 1.000000
vt 0.040541 0.000000
vt 0.054054 1.000000
vt 0.054054 0.000000
vt 0.067568 1.000000
vt 0.067568 0.000000
vt 0.081081 1.000000
vt 0.081081 0.000000
vt 0.094595 1.000000
vt 0.094595 0.000000
vt 0.108108 1.000000
vt 0.108108 0.000000
vt 0.121622 1.000000
vt 0.121622 0.000000
vt 0.135135 1.000000
vt 0.135135 0.000000
vt 0.148649 1.000000
vt 0.148649 0.000000
vt 0.162162 1.000000
vt 0.162162 0.000000
vt 0.175676 1.000000
vt 0.175676 0.000000
vt 0.189189 1.000000
vt 0.189189 0.000000
vt 0.202703 1.000000
vt 0.202703 0.000000
vt 0.216216 1.000000
vt 0.216216 0.000000
vt 0.229730 1.000000
vt 0.229730 0.000000
vt 0.243243 1.000000
vt 0.243243 0.000000
vt 0.256757 1.000000
vt 0.256757 0.000000
vt 0.270270 1.000000
vt 0.270270 0.000000
vt 0.283784 1.000000
vt 0.283784 0.000000
vt 0.297297 1.000000
vt 0.297297 0.000000
vt 0.310811 1.000000
vt 0.310811 0.000000
vt 0.324324 1.000000
vt 0.324324 0.000000
vt 0.337838 1.000000
vt 0.337838 0.000000
vt 0.351351 1.000000
vt 0.351351 0.000000
vt 0.364865 1.000000
vt 0.364865 0.000000
vt 0.378378 1.000000
vt 0.378378 0.000000
vt 0.391892 1.000000
vt 0.391892 0.000000
vt 0.405405 1.000000
vt 0.405405 0.000000
vt 0.418919 1.000000
vt 0.418919 0.000000
vt 0.432432 1.000000
vt 0.432432 0.000000
vt 0.445946 1.000000
vt 0.445946 0.000000
vt 0.459459 1.000000
vt 0.459459 0.000000
vt 0.472973 1.000000
vt 0.472973 0.000000
vt 0.486486 1.000000
vt 0.486486 0.000000
vt 0.513514 1.000000
vt 0.513514 0.000000
vt 0.527027 1.000000
vt 0.527027 0.000000
vt 0.540541 1.000000
vt 0.540541 0.000000
vt 0.554054 1.000000
vt 0.554054 0.000000
vt 0.567568 1.000000
vt 0.567568 0.000000
vt 0.581081 1.000000
vt 0.581081 0.000000
vt 0.594595 1.000000
vt 0.594595 0.000000
vt 0.608108 1.000000
vt 0.608108 0.000000
vt 0.621622 1.000000
vt 0.621622 0.000000
vt 0.635135 1.000000
vt 0.635135 0.000000
vt 0.648649 1.000000
vt 0.648649 0.000000
vt 0.662162 1.000000
vt 0.662162 0.000000
vt 0.675676 1.000000
vt 0.675676 0.000000
vt 0.689189 1.000000
vt 0.689189 0.000000
vt 0.702703 1.000000
vt 0.702703 0.000000
vt 0.716216 1.000000
vt 0.716216 0.000000
vt 0.729730 1.000000
vt 0.729730 0.000000
vt 0.743243 1.000000
vt 0.743243 0.000000
vt 0.756757 1.000000
vt 0.756757 0.000000
vt 0.770270 1.000000
vt 0.770270 0.000000
vt 0.783784 1.000000
vt 0.783784 0.000000
vt 0.797297 1.000000
vt 0.797297 0.000000
vt 0.810811 1.000000
vt 0.810811 0.000000
vt 0.824324 1.000000
vt 0.824324 0.000000
vt 0.837838 1.000000
vt 0.837838 0.000000
vt 0.851351 1.000000
vt 0.851351 0.000000
vt 0.864865 1.000000
vt 0.864865 0.000000
vt 0.878378 1.000000
vt 0.878378 0.000000
vt 0.891892 1.000000
vt 0.891892 0.000000
vt 0.905405 1.000000
vt 0.905405 0.000000
vt 0.918919 1.000000
vt 0.918919 0.000000
vt 0.932432 1.000000
vt 0.932432 0.000000
vt 0.945946 1.000000
vt 0.945946 0.000000
vt 0.959459 1.000000
vt 0.959459 0.000000
vt 0.972973 1.000000
vt 0.972973 0.000000
vt 0.986486 1.000000
vt 0.986486 0.000000
vt 0.008850 1.000000
vt 0.017699 1.000000
vt 0.026549 1.000000
vt 0.035398 1.000000
vt 0.044248 1.000000
vt 0.053097 1.000000
vt 0.061947 1.000000
vt 0.070796 1.000000
vt 0.079646 1.000000
vt 0.088496 1.000000
vt 0.097345 1.000000
vt 0.106195 1.000000
vt 0.115044 1.000000
vt 0.123894 1.000000
vt 0.132743 1.000000
vt 0.141593 1.000000
vt 0.150442 1.000000
vt 0.159292 1.000000
vt 0.168142 1.000000
vt 0.176991 1.000000
vt 0.185841 1.000000
vt 0.194690 1.000000
vt 0.203540 1.000000
vt 0.212389 1.000000
vt 0.221239 1.000000
vt 0.230089 1.000000
vt 0.238938 1.000000
vt 0.247788 1.000000
vt 0.256637 1.000000
vt 0.265487 1.000000
vt 0.274336 1.000000
vt 0.283186 1.000000
vt 0.292035 1.000000
vt 0.300885 1.000000
vt 0.309735 1.000000
vt 0.318584 1.000000
vt 0.327434 1.000000
vt 0.336283 1.000000
vt 0.345133 1.000000
vt 0.353982 1.000000
vt 0.362832 1.000000
vt 0.371681 1.000000
vt 0.380531 1.000000
vt 0.389381 1.000000
vt 0.398230 1.000000
vt 0.407080 1.000000
vt 0.415929 1.000000
vt 0.424779 1.000000
vt 0.433628 1.000000
vt 0.442478 1.000000
vt 0.451327 1.000000
vt 0.460177 1.000000
vt 0.469027 1.000000
vt 0.477876 1.000000
vt 0.486726 1.000000
vt 0.495575 1.000000
vt 0.504425 1.000000
vt 0.513274 1.000000
vt 0.522124 1.000000
vt 0.530973 1.000000
vt 0.539823 1.000000
vt 0.548673 1.000000
vt 0.557522 1.000000
vt 0.566372 1.000000
vt 0.575221 1.000000
vt 0.584071 1.000000
vt 0.592920 1.000000
vt 0.601770 1.000000
vt 0.610619 1.000000
vt 0.619469 1.000000
vt 0.628319 1.000000
vt 0.637168 1.000000
vt 0.646018 1.000000
vt 0.654867 1.000000
vt 0.663717 1.000000
vt 0.672566 1.000000
vt 0.681416 1.000000
vt 0.690265 1.000000
vt 0.699115 1.000000
vt 0.707965 1.000000
vt 0.716814 1.000000
vt 0.725664 1.000000
vt 0.734513 1.000000
vt 0.743363 1.000000
vt 0.752212 1.000000
vt 0.761062 1.000000
vt 0.769912 1.000000
vt 0.778761 1.000000
vt 0.787611 1.000000
vt 0.796460 1.000000
vt 0.805310 1.000000
vt 0.814159 1.000000
vt 0.823009 1.000000
vt 0.831858 1.000000
vt 0.840708 1.000000
vt 0.849558 1.000000
vt 0.858407 1.000000
vt 0.867257 1.000000
vt 0.876106 1.000000
vt 0.884956 1.000000
vt 0.893805 1.000000
vt 0.902655 1.000000
vt 0.911504 1.000000
vt 0.920354 1.000000
vt 0.929204 1.000000
vt 0.938053 1.000000
vt 0.946903 1.000000
vt 0.955752 1.000000
vt 0.964602 1.000000
vt 0.973451 1.000000
vt 0.982301 1.000000
vt 0.991150 1.000000
vt 0.012987 1.000000
vt 0.012987 0.000000
vt 0.025974 1.000000
vt 0.025974 0.000000
vt 0.038961 1.000000
vt 0.038961 0.000000
vt 0.051948 1.000000
vt 0.051948 0.000000
vt 0.064935 1.000000
vt 0.064935 0.000000
vt 0.077922 1.000000
vt 0.077922 0.000000
vt 0.103896 1.000000
vt 0.103896 0.000000
vt 0.116883 1.000000
vt 0.116883 0.000000
vt 0.129870 1.000000
vt 0.129870 0.000000
vt 0.142857 1.000000
vt 0.142857 0.000000
vt 0.155844 1.000000
vt 0.155844 0.000000
vt 0.168831 1.000000
vt 0.168831 0.000000
vt 0.194805 1.000000
vt 0.194805 0.000000
vt 0.207792 1.000000
vt 0.207792 0.000000
vt 0.220779 1.000000
vt 0.220779 0.000000
vt 0.233766 1.000000
vt 0.233766 0.000000
vt 0.246753 1.000000
vt 0.246753 0.000000
vt 0.259740 1.000000
vt 0.259740 0.000000
vt 0.285714 1.000000
vt 0.285714 0.000000
vt 0.298701 1.000000
vt 0.298701 0.000000
vt 0.311688 1.000000
vt 0.311688 0.000000
vt 0.324675 1.000000
vt 0.324675 0.000000
vt 0.337662 1.000000
vt 0.337662 0.000000
vt 0.350649 1.000000
vt 0.350649 0.000000
vt 0.376623 1.000000
vt 0.376623 0.000000
vt 0.389610 1.000000
vt 0.389610 0.000000
vt 0.402597 1.000000
vt 0.402597 0.000000
vt 0.415584 1.000000
vt 0.415584 0.000000
vt 0.428571 1.000000
vt 0.428571 0.000000
vt 0.441558 1.000000
vt 0.441558 0.000000
vt 0.467532 1.000000
vt 0.467532 0.000000
vt 0.480519 1.000000
vt 0.480519 0.000000
vt 0.493506 1.000000
vt 0.493506 0.000000
vt 0.506494 1.000000
vt 0.506494 0.000000
vt 0.519481 1.000000
vt 0.519481 0.000000
vt 0.532468 1.000000
vt 0.532468 0.000000
vt 0.558442 1.000000
vt 0.558442 0.000000
vt 0.571429 1.000000
vt 0.571429 0.000000
vt 0.584416 1.000000
vt 0.584416 0.000000
vt 0.597403 1.000000
vt 0.597403 0.000000
vt 0.610390 1.000000
vt 0.610390 0.000000
vt 0.623377 1.000000
vt 0.623377 0.000000
vt 0.649351 1.000000
vt 0.649351 0.000000
vt 0.662338 1.000000
vt 0.662338 0.000000
vt 0.675325 1.000000
vt 0.675325 0.000000
vt 0.688312 1.000000
vt 0.688312 0.000000
vt 0.701299 1.000000
vt 0.701299 0.000000
vt 0.714286 1.000000
vt 0.714286 0.000000
vt 0.740260 1.000000
vt 0.740260 0.000000
vt 0.753247 1.000000
vt 0.753247 0.000000
vt 0.766234 1.000000
vt 0.766234 0.000000
vt 0.779221 1.000000
vt 0.779221 0.000000
vt 0.792208 1.000000
vt 0.792208 0.000000
vt 0.805195 1.000000
vt 0.805195 0.000000
vt 0.831169 1.000000
vt 0.831169 0.000000
vt 0.844156 1.000000
vt 0.844156 0.000000
vt 0.857143 1.000000
vt 0.857143 0.000000
vt 0.870130 1.000000
vt 0.870130 0.000000
vt 0.883117 1.000000
vt 0.883117 0.000000
vt 0.896104 1.000000
vt 0.896104 0.000000
vt 0.922078 1.000000
vt 0.922078 0.000000
vt 0.935065 1.000000
vt 0.935065 0.000000
vt 0.948052 1.000000
vt 0.948052 0.000000
vt 0.961039 1.000000
vt 0.961039 0.000000
vt 0.974026 1.000000
vt 0.974026 0.000000
vt 0.987013 1.000000
vt 0.987013 0.000000
vt 0.007874 1.000000
vt 0.007874 0.000000
vt 0.015748 1.000000
vt 0.015748 0.000000
vt 0.023622 1.000000
vt 0.023622 0.000000
vt 0.031496 1.000000
vt 0.031496 0.000000
vt 0.039370 1.000000
vt 0.039370 0.000000
vt 0.047244 1.000000
vt 0.047244 0.000000
vt 0.055118 1.000000
vt 0.055118 0.000000
vt 0.062992 1.000000
vt 0.062992 0.000000
vt 0.070866 1.000000
vt 0.070866 0.000000
vt 0.078740 1.000000
vt 0.078740 0.000000
vt 0.086614 1.000000
vt 0.086614 0.000000
vt 0.094488 1.000000
vt 0.094488 0.000000
vt 0.102362 1.000000
vt 0.102362 0.000000
vt 0.110236 1.000000
vt 0.110236 0.000000
vt 0.118110 1.000000
vt 0.118110 0.000000
vt 0.125984 1.000000
vt 0.125984 0.000000
vt 0.133858 1.000000
vt 0.133858 0.000000
vt 0.141732 1.000000
vt 0.141732 0.000000
vt 0.149606 1.000000
vt 0.149606 0.000000
vt 0.157480 1.000000
vt 0.157480 0.000000
vt 0.165354 1.000000
vt 0.165354 0.000000
vt 0.173228 1.000000
vt 0.173228 0.000000
vt 0.181102 1.000000
vt 0.181102 0.000000
vt 0.188976 1.000000
vt 0.188976 0.000000
vt 0.196850 1.000000
vt 0.196850 0.000000
vt 0.204724 1.000000
vt 0.204724 0.000000
vt 0.212598 1.000000
vt 0.212598 0.000000
vt 0.220472 1.000000
vt 0.220472 0.000000
vt 0.228346 1.000000
vt 0.228346 0.000000
vt 0.236220 1.000000
vt 0.236220 0.000000
vt 0.244094 1.000000
vt 0.244094 0.000000
vt 0.251969 1.000000
vt 0.251969 0.000000
vt 0.259843 1.000000
vt 0.259843 0.000000
vt 0.267717 1.000000
vt 0.267717 0.000000
vt 0.275591 1.000000
vt 0.275591 0.000000
vt 0.283465 1.000000
vt 0.283465 0.000000
vt 0.291339 1.000000
vt 0.291339 0.000000
vt 0.299213 1.000000
vt 0.299213 0.000000
vt 0.307087 1.000000
vt 0.307087 0.000000
vt 0.314961 1.000000
vt 0.314961 0.000000
vt 0.322835 1.000000
vt 0.322835 0.000000
vt 0.330709 1.000000
vt 0.330709 0.000000
vt 0.338583 1.000000
vt 0.338583 0.000000
vt 0.346457 1.000000
vt 0.346457 0.000000
vt 0.354331 1.000000
vt 0.354331 0.000000
vt 0.362205 1.000000
vt 0.362205 0.000000
vt 0.370079 1.000000
vt 0.370079 0.000000
vt 0.377953 1.000000
vt 0.377953 0.000000
vt 0.385827 1.000000
vt 0.385827 0.000000
vt 0.393701 1.000000
vt 0.393701 0.000000
vt 0.401575 1.000000
vt 0.401575 0.000000
vt 0.409449 1.000000
vt 0.409449 0.000000
vt 0.417323 1.000000
vt 0.417323 0.000000
vt 0.425197 1.000000
vt 0.425197 0.000000
vt 0.433071 1.000000
vt 0.433071 0.000000
vt 0.440945 1.000000
vt 0.440945 0.000000
vt 0.448819 1.000000
vt 0.448819 0.000000
vt 0.456693 1.000000
vt 0.456693 0.000000
vt 0.464567 1.000000
vt 0.464567 0.000000
vt 0.472441 1.000000
vt 0.472441 0.000000
vt 0.480315 1.000000
vt 0.480315 0.000000
vt 0.488189 1.000000
vt 0.488189 0.000000
vt 0.496063 1.000000
vt 0.496063 0.000000
vt 0.503937 1.000000
vt 0.503937 0.000000
vt 0.511811 1.000000
vt 0.511811 0.000000
vt 0.519685 1.000000
vt 0.519685 0.000000
vt 0.527559 1.000000
vt 0.527559 0.000000
vt 0.535433 1.000000
vt 0.535433 0.000000
vt 0.543307 1.000000
vt 0.543307 0.000000
vt 0.551181 1.000000
vt 0.551181 0.000000
vt 0.559055 1.000000
vt 0.559055 0.000000
vt 0.566929 1.000000
vt 0.566929 0.000000
vt 0.574803 1.000000
vt 0.574803 0.000000
vt 0.582677 1.000000
vt 0.582677 0.000000
vt 0.590551 1.000000
vt 0.590551 0.000000
vt 0.598425 1.000000
vt 0.598425 0.000000
vt 0.606299 1.000000
vt 0.606299 0.000000
vt 0.614173 1.000000
vt 0.614173 0.000000
vt 0.622047 1.000000
vt 0.622047 0.000000
vt 0.629921 1.000000
vt 0.629921 0.000000
vt 0.637795 1.000000
vt 0.637795 0.000000
vt 0.645669 1.000000
vt 0.645669 0.000000
vt 0.653543 1.000000
vt 0.653543 0.000000
vt 0.661417 1.000000
vt 0.661417 0.000000
vt 0.669291 1.000000
vt 0.669291 0.000000
vt 0.677165 1.000000
vt 0.677165 0.000000
vt 0.685039 1.000000
vt 0.685039 0.000000
vt 0.692913 1.000000
vt 0.692913 0.000000
vt 0.700787 1.000000
vt 0.700787 0.000000
vt 0.708661 1.000000
vt 0.708661 0.000000
vt 0.716535 1.000000
vt 0.716535 0.000000
vt 0.724409 1.000000
vt 0.724409 0.000000
vt 0.732283 1.000000
vt 0.732283 0.000000
vt 0.740157 1.000000
vt 0.740157 0.000000
vt 0.748031 1.000000
vt 0.748031 0.000000
vt 0.755906 1.000000
vt 0.755906 0.000000
vt 0.763780 1.000000
vt 0.763780 0.000000
vt 0.771654 1.000000
vt 0.771654 0.000000
vt 0.779528 1.000000
vt 0.779528 0.000000
vt 0.787402 1.000000
vt 0.787402 0.000000
vt 0.795276 1.000000
vt 0.795276 0.000000
vt 0.803150 1.000000
vt 0.803150 0.000000
vt 0.811024 1.000000
vt 0.811024 0.000000
vt 0.818898 1.000000
vt 0.818898 0.000000
vt 0.826772 1.000000
vt 0.826772 0.000000
vt 0.834646 1.000000
vt 0.834646 0.000000
vt 0.842520 1.000000
vt 0.842520 0.000000
vt 0.850394 1.000000
vt 0.850394 0.000000
vt 0.858268 1.000000
vt 0.858268 0.000000
vt 0.866142 1.000000
vt 0.866142 0.000000
vt 0.874016 1.000000
vt 0.874016 0.000000
vt 0.881890 1.000000
vt 0.881890 0.000000
vt 0.889764 1.000000
vt 0.889764 0.000000
vt 0.897638 1.000000
vt 0.897638 0.000000
vt 0.905512 1.000000
vt 0.905512 0.000000
vt 0.913386 1.000000
vt 0.913386 0.000000
vt 0.921260 1.000000
vt 0.921260 0.000000
vt 0.929134 1.000000
vt 0.929134 0.000000
vt 0.937008 1.000000
vt 0.937008 0.000000
vt 0.944882 1.000000
vt 0.944882 0.000000
vt 0.952756 1.000000
vt 0.952756 0.000000
vt 0.960630 1.000000
vt 0.960630 0.000000
vt 0.968504 1.000000
vt 0.968504 0.000000
vt 0.976378 1.000000
vt 0.976378 0.000000
vt 0.984252 1.000000
vt 0.984252 0.000000
vt 0.992126 1.000000
vt 0.992126 0.000000
s 0
usemtl マテリアル.002
f 39/1/1 41/2/1 40/3/1
f 39/1/1 42/4/1 41/2/1
f 39/1/1 43/5/1 42/4/1
f 38/6/1 43/5/1 39/1/1
f 38/6/1 44/7/1 43/5/1
f 13/8/1 15/9/1 14/10/1
f 38/6/1 45/11/1 44/7/1
f 37/12/1 45/11/1 38/6/1
f 13/8/1 16/13/1 15/9/1
f 165/14/1 167/15/1 166/16/1
f 36/17/1 45/11/1 37/12/1
f 36/17/1 46/18/1 45/11/1
f 13/8/1 17/19/1 16/13/1
f 12/20/1 17/19/1 13/8/1
f 35/21/1 46/18/1 36/17/1
f 164/22/1 167/15/1 165/14/1
f 35/21/1 47/23/1 46/18/1
f 12/20/1 18/24/1 17/19/1
f 163/25/1 167/15/1 164/22/1
f 34/26/1 47/23/1 35/21/1
f 162/27/1 167/15/1 163/25/1
f 34/26/1 48/28/1 47/23/1
f 12/20/1 19/29/1 18/24/1
f 11/30/1 19/29/1 12/20/1
f 161/31/1 167/15/1 162/27/1
f 33/32/1 48/28/1 34/26/1
f 161/31/1 168/33/1 167/15/1
f 33/32/1 49/34/1 48/28/1
f 10/35/1 19/29/1 11/30/1
f 160/36/1 168/33/1 161/31/1
f 10/35/1 20/37/1 19/29/1
f 32/38/1 49/34/1 33/32/1
f 159/39/1 168/33/1 160/36/1
f 32/38/1 50/40/1 49/34/1
f 159/39/1 169/41/1 168/33/1
f 9/42/1 20/37/1 10/35/1
f 9/42/1 21/43/1 20/37/1
f 158/44/1 169/41/1 159/39/1
f 31/45/1 50/40/1 32/38/1
f 158/44/1 170/46/1 169/41/1
f 157/47/1 170/46/1 158/44/1
f 31/45/1 51/48/1 50/40/1
f 8/49/1 21/43/1 9/42/1
f 157/47/1 171/50/1 170/46/1
f 8/49/1 22/51/1 21/43/1
f 156/52/1 171/50/1 157/47/1
f 30/53/1 51/48/1 31/45/1
f 156/52/1 172/54/1 171/50/1
f 30/53/1 52/55/1 51/48/1
f 155/56/1 172/54/1 156/52/1
f 7/57/1 22/51/1 8/49/1
f 7/57/1 23/58/1 22/51/1
f 154/59/1 172/54/1 155/56/1
f 154/59/1 173/60/1 172/54/1
f 29/61/1 52/55/1 30/53/1
f 153/62/1 173/60/1 154/59/1
f 153/62/1 174/63/1 173/60/1
f 6/64/1 23/58/1 7/57/1
f 6/64/1 24/65/1 23/58/1
f 29/61/1 28/66/1 52/55/1
f 28/66/1 27/67/1 52/55/1
f 153/62/1 175/68/1 174/63/1
f 5/69/1 24/65/1 6/64/1
f 153/62/1 176/70/1 175/68/1
f 5/69/1 25/71/1 24/65/1
f 153/62/1 177/72/1 176/70/1
f 152/73/1 177/72/1 153/62/1
f 4/74/1 25/71/1 5/69/1
f 152/73/1 178/75/1 177/72/1
f 4/74/1 26/76/1 25/71/1
f 152/73/1 179/77/1 178/75/1
f 152/73/1 53/78/1 179/77/1
f 3/79/1 26/76/1 4/74/1
f 151/80/1 53/78/1 152/73/1
f 3/79/1 2/81/1 26/76/1
f 2/81/1 1/82/1 26/76/1
f 65/83/1 67/84/1 66/85/1
f 64/86/1 67/84/1 65/83/1
f 63/87/1 67/84/1 64/86/1
f 62/88/1 67/84/1 63/87/1
f 61/89/1 67/84/1 62/88/1
f 60/90/1 67/84/1 61/89/1
f 59/91/1 67/84/1 60/90/1
f 58/92/1 67/84/1 59/91/1
f 57/93/1 67/84/1 58/92/1
f 56/94/1 67/84/1 57/93/1
f 55/95/1 67/84/1 56/94/1
f 54/96/1 67/84/1 55/95/1
f 151/80/1 54/96/1 53/78/1
f 151/80/1 67/84/1 54/96/1
f 150/97/1 67/84/1 151/80/1
f 150/97/1 68/98/1 67/84/1
f 149/99/1 68/98/1 150/97/1
f 149/99/1 69/100/1 68/98/1
f 149/99/1 70/101/1 69/100/1
f 149/99/1 71/102/1 70/101/1
f 149/99/1 72/103/1 71/102/1
f 149/99/1 73/104/1 72/103/1
f 148/105/1 73/104/1 149/99/1
f 148/105/1 74/106/1 73/104/1
f 148/105/1 129/107/1 74/106/1
f 129/107/1 75/108/1 74/106/1
f 129/107/1 76/109/1 75/108/1
f 129/107/1 77/110/1 76/109/1
f 129/107/1 128/111/1 77/110/1
f 128/111/1 78/112/1 77/110/1
f 148/105/1 130/113/1 129/107/1
f 127/114/1 78/112/1 128/111/1
f 127/114/1 79/115/1 78/112/1
f 147/116/1 130/113/1 148/105/1
f 127/114/1 80/117/1 79/115/1
f 126/118/1 80/117/1 127/114/1
f 147/116/1 131/119/1 130/113/1
f 126/118/1 81/120/1 80/117/1
f 146/121/1 131/119/1 147/116/1
f 125/122/1 81/120/1 126/118/1
f 146/121/1 132/123/1 131/119/1
f 125/122/1 82/124/1 81/120/1
f 146/121/1 133/125/1 132/123/1
f 124/126/1 82/124/1 125/122/1
f 145/127/1 133/125/1 146/121/1
f 145/127/1 134/128/1 133/125/1
f 124/126/1 83/129/1 82/124/1
f 123/130/1 83/129/1 124/126/1
f 144/131/1 134/128/1 145/127/1
f 144/131/1 135/132/1 134/128/1
f 122/133/1 83/129/1 123/130/1
f 122/133/1 84/134/1 83/129/1
f 143/135/1 135/132/1 144/131/1
f 143/135/1 136/136/1 135/132/1
f 121/137/1 84/134/1 122/133/1
f 121/137/1 85/138/1 84/134/1
f 143/135/1 137/139/1 136/136/1
f 142/140/1 137/139/1 143/135/1
f 142/140/1 138/141/1 137/139/1
f 120/142/1 85/138/1 121/137/1
f 120/142/1 86/143/1 85/138/1
f 141/144/1 138/141/1 142/140/1
f 141/144/1 139/145/1 138/141/1
f 119/146/1 86/143/1 120/142/1
f 119/146/1 87/147/1 86/143/1
f 141/144/1 140/148/1 139/145/1
f 118/149/1 87/147/1 119/146/1
f 118/149/1 88/150/1 87/147/1
f 117/151/1 88/150/1 118/149/1
f 117/151/1 89/152/1 88/150/1
f 116/153/1 89/152/1 117/151/1
f 115/154/1 89/152/1 116/153/1
f 115/154/1 90/155/1 89/152/1
f 114/156/1 90/155/1 115/154/1
f 114/156/1 91/157/1 90/155/1
f 113/158/1 91/157/1 114/156/1
f 113/158/1 92/159/1 91/157/1
f 112/160/1 92/159/1 113/158/1
f 112/160/1 93/161/1 92/159/1
f 111/162/1 93/161/1 112/160/1
f 111/162/1 94/163/1 93/161/1
f 110/164/1 94/163/1 111/162/1
f 110/164/1 95/165/1 94/163/1
f 109/166/1 95/165/1 110/164/1
f 109/166/1 96/167/1 95/165/1
f 108/168/1 96/167/1 109/166/1
f 107/169/1 96/167/1 108/168/1
f 107/169/1 97/170/1 96/167/1
f 106/171/1 97/170/1 107/169/1
f 106/171/1 98/172/1 97/170/1
f 105/173/1 98/172/1 106/171/1
f 105/173/1 99/174/1 98/172/1
f 104/175/1 99/174/1 105/173/1
f 103/176/1 99/174/1 104/175/1
f 103/176/1 100/177/1 99/174/1
f 103/176/1 101/178/1 100/177/1
f 103/176/1 102/179/1 101/178/1
f 192/180/1 194/181/1 193/182/1
f 192/180/1 195/183/1 194/181/1
f 192/180/1 196/184/1 195/183/1
f 192/180/1 197/185/1 196/184/1
f 192/180/1 198/186/1 197/185/1
f 191/187/1 198/186/1 192/180/1
f 191/187/1 199/188/1 198/186/1
f 190/189/1 199/188/1 191/187/1
f 190/189/1 200/190/1 199/188/1
f 189/191/1 200/190/1 190/189/1
f 189/191/1 201/192/1 200/190/1
f 188/193/1 201/192/1 189/191/1
f 188/193/1 202/194/1 201/192/1
f 187/195/1 202/194/1 188/193/1
f 216/196/1 218/197/1 217/198/1
f 187/195/1 203/199/1 202/194/1
f 186/200/1 203/199/1 187/195/1
f 186/200/1 204/201/1 203/199/1
f 185/202/1 204/201/1 186/200/1
f 215/203/1 218/197/1 216/196/1
f 185/202/1 205/204/1 204/201/1
f 184/205/1 205/204/1 185/202/1
f 184/205/1 183/206/1 205/204/1
f 183/206/1 182/207/1 205/204/1
f 182/207/1 181/208/1 205/204/1
f 181/208/1 180/82/1 205/204/1
f 214/209/1 218/197/1 215/203/1
f 214/209/1 219/210/1 218/197/1
f 213/211/1 219/210/1 214/209/1
f 213/211/1 220/212/1 219/210/1
f 212/213/1 220/212/1 213/211/1
f 212/213/1 221/214/1 220/212/1
f 211/215/1 221/214/1 212/213/1
f 211/215/1 222/216/1 221/214/1
f 210/217/1 222/216/1 211/215/1
f 210/217/1 223/218/1 222/216/1
f 209/219/1 223/218/1 210/217/1
f 208/220/1 223/218/1 209/219/1
f 208/220/1 224/221/1 223/218/1
f 207/222/1 224/221/1 208/220/1
f 207/222/1 225/223/1 224/221/1
f 206/224/1 225/223/1 207/222/1
f 206/224/1 226/225/1 225/223/1
f 255/77/1 226/225/1 206/224/1
f 255/77/1 227/226/1 226/225/1
f 254/227/1 227/226/1 255/77/1
f 254/227/1 228/228/1 227/226/1
f 253/229/1 228/228/1 254/227/1
f 252/230/1 228/228/1 253/229/1
f 252/230/1 229/231/1 228/228/1
f 251/232/1 229/231/1 252/230/1
f 250/233/1 229/231/1 251/232/1
f 250/233/1 230/234/1 229/231/1
f 249/235/1 230/234/1 250/233/1
f 248/236/1 230/234/1 249/235/1
f 248/236/1 231/237/1 230/234/1
f 247/238/1 231/237/1 248/236/1
f 247/238/1 232/239/1 231/237/1
f 246/240/1 232/239/1 247/238/1
f 245/241/1 232/239/1 246/240/1
f 245/241/1 233/242/1 232/239/1
f 244/243/1 233/242/1 245/241/1
f 244/243/1 234/244/1 233/242/1
f 243/245/1 234/244/1 244/243/1
f 242/246/1 234/244/1 243/245/1
f 242/246/1 235/247/1 234/244/1
f 242/246/1 236/248/1 235/247/1
f 242/246/1 237/249/1 236/248/1
f 242/246/1 238/250/1 237/249/1
f 242/246/1 239/251/1 238/250/1
f 242/246/1 240/252/1 239/251/1
f 242/246/1 241/253/1 240/252/1
f 266/254/1 268/255/1 267/256/1
f 265/257/1 268/255/1 266/254/1
f 264/258/1 268/255/1 265/257/1
f 263/259/1 268/255/1 264/258/1
f 263/259/1 269/260/1 268/255/1
f 262/261/1 269/260/1 263/259/1
f 261/262/1 269/260/1 262/261/1
f 261/262/1 270/263/1 269/260/1
f 261/262/1 271/264/1 270/263/1
f 260/265/1 271/264/1 261/262/1
f 260/265/1 272/266/1 271/264/1
f 259/267/1 272/266/1 260/265/1
f 259/267/1 273/268/1 272/266/1
f 258/269/1 273/268/1 259/267/1
f 258/269/1 274/270/1 273/268/1
f 257/271/1 274/270/1 258/269/1
f 257/271/1 275/272/1 274/270/1
f 256/82/1 275/272/1 257/271/1
f 256/82/1 276/273/1 275/272/1
f 332/77/1 276/273/1 256/82/1
f 332/77/1 277/274/1 276/273/1
f 331/275/1 277/274/1 332/77/1
f 330/276/1 277/274/1 331/275/1
f 330/276/1 278/277/1 277/274/1
f 329/278/1 278/277/1 330/276/1
f 329/278/1 279/279/1 278/277/1
f 328/280/1 279/279/1 329/278/1
f 328/280/1 280/281/1 279/279/1
f 327/282/1 280/281/1 328/280/1
f 327/282/1 307/283/1 280/281/1
f 307/283/1 281/284/1 280/281/1
f 326/285/1 307/283/1 327/282/1
f 325/286/1 307/283/1 326/285/1
f 324/287/1 307/283/1 325/286/1
f 323/288/1 307/283/1 324/287/1
f 323/288/1 308/289/1 307/283/1
f 306/290/1 281/284/1 307/283/1
f 322/291/1 308/289/1 323/288/1
f 322/291/1 309/292/1 308/289/1
f 321/293/1 309/292/1 322/291/1
f 321/293/1 310/294/1 309/292/1
f 320/295/1 310/294/1 321/293/1
f 320/295/1 311/296/1 310/294/1
f 319/297/1 311/296/1 320/295/1
f 319/297/1 312/298/1 311/296/1
f 319/297/1 313/299/1 312/298/1
f 319/297/1 314/300/1 313/299/1
f 319/297/1 315/301/1 314/300/1
f 319/297/1 316/302/1 315/301/1
f 319/297/1 317/303/1 316/302/1
f 319/297/1 318/304/1 317/303/1
f 305/305/1 281/284/1 306/290/1
f 305/305/1 282/306/1 281/284/1
f 304/307/1 282/306/1 305/305/1
f 304/307/1 283/308/1 282/306/1
f 303/309/1 283/308/1 304/307/1
f 303/309/1 284/310/1 283/308/1
f 302/311/1 284/310/1 303/309/1
f 302/311/1 285/312/1 284/310/1
f 301/313/1 285/312/1 302/311/1
f 301/313/1 286/314/1 285/312/1
f 300/315/1 286/314/1 301/313/1
f 300/315/1 287/316/1 286/314/1
f 300/315/1 288/317/1 287/316/1
f 299/318/1 288/317/1 300/315/1
f 299/318/1 289/319/1 288/317/1
f 298/320/1 289/319/1 299/318/1
f 298/320/1 290/321/1 289/319/1
f 297/322/1 290/321/1 298/320/1
f 297/322/1 291/323/1 290/321/1
f 296/324/1 291/323/1 297/322/1
f 296/324/1 292/325/1 291/323/1
f 295/326/1 292/325/1 296/324/1
f 295/326/1 293/327/1 292/325/1
f 294/155/1 293/327/1 295/326/1
f 468/328/1 470/329/1 469/330/1
f 506/331/1 508/332/1 507/333/1
f 506/331/1 509/334/1 508/332/1
f 467/335/1 470/329/1 468/328/1
f 506/331/1 510/336/1 509/334/1
f 466/337/1 470/329/1 467/335/1
f 506/331/1 511/338/1 510/336/1
f 465/339/1 470/329/1 466/337/1
f 506/331/1 512/340/1 511/338/1
f 464/341/1 470/329/1 465/339/1
f 506/331/1 513/342/1 512/340/1
f 463/343/1 470/329/1 464/341/1
f 506/331/1 514/344/1 513/342/1
f 462/345/1 470/329/1 463/343/1
f 506/331/1 515/346/1 514/344/1
f 461/347/1 470/329/1 462/345/1
f 506/331/1 516/348/1 515/346/1
f 460/349/1 470/329/1 461/347/1
f 506/331/1 517/350/1 516/348/1
f 459/351/1 470/329/1 460/349/1
f 506/331/1 518/352/1 517/350/1
f 458/353/1 470/329/1 459/351/1
f 506/331/1 519/77/1 518/352/1
f 457/234/1 470/329/1 458/353/1
f 506/331/1 446/354/1 519/77/1
f 506/331/1 447/355/1 446/354/1
f 506/331/1 448/356/1 447/355/1
f 506/331/1 449/357/1 448/356/1
f 506/331/1 450/358/1 449/357/1
f 506/331/1 451/359/1 450/358/1
f 506/331/1 452/360/1 451/359/1
f 506/331/1 453/361/1 452/360/1
f 506/331/1 454/362/1 453/361/1
f 506/331/1 455/363/1 454/362/1
f 506/331/1 456/364/1 455/363/1
f 506/331/1 457/234/1 456/364/1
f 506/331/1 505/365/1 457/234/1
f 505/365/1 504/366/1 457/234/1
f 504/366/1 503/367/1 457/234/1
f 503/367/1 502/368/1 457/234/1
f 502/368/1 501/369/1 457/234/1
f 501/369/1 500/370/1 457/234/1
f 500/370/1 499/371/1 457/234/1
f 499/371/1 498/372/1 457/234/1
f 498/372/1 497/373/1 457/234/1
f 497/373/1 496/374/1 457/234/1
f 496/374/1 495/375/1 457/234/1
f 495/375/1 494/376/1 457/234/1
f 494/376/1 493/377/1 457/234/1
f 493/377/1 492/378/1 457/234/1
f 492/378/1 491/379/1 457/234/1
f 491/379/1 489/380/1 457/234/1
f 489/380/1 488/381/1 457/234/1
f 488/381/1 487/382/1 457/234/1
f 487/382/1 486/383/1 457/234/1
f 486/383/1 485/384/1 457/234/1
f 485/384/1 484/385/1 457/234/1
f 484/385/1 483/386/1 457/234/1
f 483/386/1 482/387/1 457/234/1
f 482/387/1 481/388/1 457/234/1
f 481/388/1 480/389/1 457/234/1
f 480/389/1 479/390/1 457/234/1
f 479/390/1 478/391/1 457/234/1
f 478/391/1 477/392/1 457/234/1
f 477/392/1 476/393/1 457/234/1
f 476/393/1 475/394/1 457/234/1
f 475/394/1 474/395/1 457/234/1
f 474/395/1 473/396/1 457/234/1
f 473/396/1 472/397/1 457/234/1
f 472/397/1 471/398/1 457/234/1
f 471/398/1 470/329/1 457/234/1
f 490/399/1 489/380/1 491/379/1
f 355/400/1 357/401/1 356/402/1
f 432/403/1 434/404/1 433/405/1
f 432/403/1 435/406/1 434/404/1
f 354/407/1 357/401/1 355/400/1
f 432/403/1 436/408/1 435/406/1
f 353/409/1 357/401/1 354/407/1
f 432/403/1 437/410/1 436/408/1
f 352/411/1 357/401/1 353/409/1
f 432/403/1 438/412/1 437/410/1
f 351/413/1 357/401/1 352/411/1
f 432/403/1 439/414/1 438/412/1
f 350/415/1 357/401/1 351/413/1
f 432/403/1 440/416/1 439/414/1
f 349/417/1 357/401/1 350/415/1
f 432/403/1 441/418/1 440/416/1
f 348/419/1 357/401/1 349/417/1
f 432/403/1 442/420/1 441/418/1
f 347/421/1 357/401/1 348/419/1
f 432/403/1 443/422/1 442/420/1
f 346/423/1 357/401/1 347/421/1
f 432/403/1 444/424/1 443/422/1
f 345/425/1 357/401/1 346/423/1
f 432/403/1 445/426/1 444/424/1
f 344/427/1 357/401/1 345/425/1
f 432/403/1 333/82/1 445/426/1
f 432/403/1 334/428/1 333/82/1
f 432/403/1 335/429/1 334/428/1
f 432/403/1 336/430/1 335/429/1
f 432/403/1 337/431/1 336/430/1
f 432/403/1 338/432/1 337/431/1
f 432/403/1 339/433/1 338/432/1
f 432/403/1 340/434/1 339/433/1
f 432/403/1 341/435/1 340/434/1
f 432/403/1 342/436/1 341/435/1
f 432/403/1 343/437/1 342/436/1
f 432/403/1 344/427/1 343/437/1
f 432/403/1 431/438/1 344/427/1
f 431/438/1 430/439/1 344/427/1
f 430/439/1 429/440/1 344/427/1
f 429/440/1 428/441/1 344/427/1
f 428/441/1 427/442/1 344/427/1
f 427/442/1 426/155/1 344/427/1
f 426/155/1 425/443/1 344/427/1
f 425/443/1 424/444/1 344/427/1
f 424/444/1 423/445/1 344/427/1
f 423/445/1 422/446/1 344/427/1
f 422/446/1 421/447/1 344/427/1
f 421/447/1 420/448/1 344/427/1
f 420/448/1 419/449/1 344/427/1
f 419/449/1 370/450/1 344/427/1
f 370/450/1 369/451/1 344/427/1
f 369/451/1 368/452/1 344/427/1
f 368/452/1 367/453/1 344/427/1
f 367/453/1 366/454/1 344/427/1
f 366/454/1 365/455/1 344/427/1
f 365/455/1 364/456/1 344/427/1
f 364/456/1 363/457/1 344/427/1
f 363/457/1 362/458/1 344/427/1
f 362/458/1 361/459/1 344/427/1
f 361/459/1 360/460/1 344/427/1
f 360/460/1 359/461/1 344/427/1
f 359/461/1 358/462/1 344/427/1
f 358/462/1 357/401/1 344/427/1
f 418/463/1 370/450/1 419/449/1
f 418/463/1 371/464/1 370/450/1
f 417/465/1 371/464/1 418/463/1
f 417/465/1 372/466/1 371/464/1
f 416/467/1 372/466/1 417/465/1
f 416/467/1 373/468/1 372/466/1
f 415/469/1 373/468/1 416/467/1
f 415/469/1 374/470/1 373/468/1
f 414/471/1 374/470/1 415/469/1
f 414/471/1 375/472/1 374/470/1
f 413/473/1 375/472/1 414/471/1
f 413/473/1 376/474/1 375/472/1
f 412/475/1 376/474/1 413/473/1
f 411/476/1 376/474/1 412/475/1
f 411/476/1 377/477/1 376/474/1
f 410/478/1 377/477/1 411/476/1
f 410/478/1 378/479/1 377/477/1
f 409/480/1 378/479/1 410/478/1
f 409/480/1 379/481/1 378/479/1
f 408/482/1 379/481/1 409/480/1
f 408/482/1 380/483/1 379/481/1
f 407/484/1 380/483/1 408/482/1
f 407/484/1 381/485/1 380/483/1
f 406/486/1 381/485/1 407/484/1
f 405/487/1 381/485/1 406/486/1
f 405/487/1 382/488/1 381/485/1
f 404/489/1 382/488/1 405/487/1
f 404/489/1 383/490/1 382/488/1
f 403/491/1 383/490/1 404/489/1
f 403/491/1 384/492/1 383/490/1
f 402/493/1 384/492/1 403/491/1
f 402/493/1 385/494/1 384/492/1
f 401/495/1 385/494/1 402/493/1
f 400/496/1 385/494/1 401/495/1
f 400/496/1 386/497/1 385/494/1
f 399/498/1 386/497/1 400/496/1
f 399/498/1 387/499/1 386/497/1
f 398/500/1 387/499/1 399/498/1
f 397/501/1 387/499/1 398/500/1
f 397/501/1 388/502/1 387/499/1
f 396/503/1 388/502/1 397/501/1
f 396/503/1 389/504/1 388/502/1
f 395/204/1 389/504/1 396/503/1
f 395/204/1 390/505/1 389/504/1
f 394/506/1 390/505/1 395/204/1
f 394/506/1 391/507/1 390/505/1
f 394/506/1 392/508/1 391/507/1
f 394/506/1 393/509/1 392/508/1
f 532/510/1 534/511/1 533/512/1
f 532/510/1 535/513/1 534/511/1
f 593/514/1 595/515/1 594/516/1
f 531/517/1 535/513/1 532/510/1
f 531/517/1 536/518/1 535/513/1
f 620/519/1 622/520/1 621/521/1
f 531/517/1 537/522/1 536/518/1
f 530/523/1 537/522/1 531/517/1
f 593/514/1 596/524/1 595/515/1
f 529/525/1 537/522/1 530/523/1
f 620/519/1 623/526/1 622/520/1
f 592/527/1 596/524/1 593/514/1
f 529/525/1 538/528/1 537/522/1
f 592/527/1 597/529/1 596/524/1
f 592/527/1 598/530/1 597/529/1
f 619/531/1 623/526/1 620/519/1
f 592/527/1 599/532/1 598/530/1
f 619/531/1 624/533/1 623/526/1
f 528/534/1 538/528/1 529/525/1
f 592/527/1 600/535/1 599/532/1
f 528/534/1 539/536/1 538/528/1
f 592/527/1 601/537/1 600/535/1
f 592/527/1 602/538/1 601/537/1
f 591/539/1 602/538/1 592/527/1
f 591/539/1 603/540/1 602/538/1
f 619/531/1 625/541/1 624/533/1
f 618/542/1 625/541/1 619/531/1
f 591/539/1 604/543/1 603/540/1
f 527/544/1 539/536/1 528/534/1
f 591/539/1 605/545/1 604/543/1
f 591/539/1 606/546/1 605/545/1
f 527/544/1 540/547/1 539/536/1
f 591/539/1 607/548/1 606/546/1
f 617/549/1 625/541/1 618/542/1
f 591/539/1 546/550/1 607/548/1
f 617/549/1 626/551/1 625/541/1
f 526/552/1 540/547/1 527/544/1
f 590/553/1 546/550/1 591/539/1
f 526/552/1 541/554/1 540/547/1
f 616/555/1 626/551/1 617/549/1
f 616/555/1 627/556/1 626/551/1
f 590/553/1 547/557/1 546/550/1
f 525/558/1 541/554/1 526/552/1
f 615/559/1 627/556/1 616/555/1
f 525/558/1 542/560/1 541/554/1
f 589/561/1 547/557/1 590/553/1
f 615/559/1 628/562/1 627/556/1
f 524/563/1 542/560/1 525/558/1
f 589/561/1 548/564/1 547/557/1
f 524/563/1 543/565/1 542/560/1
f 614/566/1 628/562/1 615/559/1
f 614/566/1 629/567/1 628/562/1
f 523/568/1 543/565/1 524/563/1
f 588/569/1 548/564/1 589/561/1
f 523/568/1 544/570/1 543/565/1
f 613/571/1 629/567/1 614/566/1
f 588/569/1 549/572/1 548/564/1
f 522/573/1 544/570/1 523/568/1
f 613/571/1 630/574/1 629/567/1
f 522/573/1 545/575/1 544/570/1
f 612/576/1 630/574/1 613/571/1
f 587/577/1 549/572/1 588/569/1
f 521/578/1 545/575/1 522/573/1
f 587/577/1 550/579/1 549/572/1
f 612/576/1 631/580/1 630/574/1
f 521/578/1 520/82/1 545/575/1
f 611/581/1 631/580/1 612/576/1
f 586/582/1 550/579/1 587/577/1
f 611/581/1 632/583/1 631/580/1
f 586/582/1 551/584/1 550/579/1
f 610/585/1 632/583/1 611/581/1
f 610/585/1 633/77/1 632/583/1
f 585/586/1 551/584/1 586/582/1
f 585/586/1 552/587/1 551/584/1
f 609/588/1 633/77/1 610/585/1
f 609/588/1 608/589/1 633/77/1
f 584/590/1 552/587/1 585/586/1
f 584/590/1 553/591/1 552/587/1
f 583/592/1 553/591/1 584/590/1
f 583/592/1 554/593/1 553/591/1
f 582/594/1 554/593/1 583/592/1
f 582/594/1 555/595/1 554/593/1
f 581/596/1 555/595/1 582/594/1
f 581/596/1 556/597/1 555/595/1
f 580/598/1 556/597/1 581/596/1
f 580/598/1 557/599/1 556/597/1
f 579/600/1 557/599/1 580/598/1
f 579/600/1 558/601/1 557/599/1
f 578/602/1 558/601/1 579/600/1
f 578/602/1 559/603/1 558/601/1
f 577/604/1 559/603/1 578/602/1
f 577/604/1 560/605/1 559/603/1
f 576/606/1 560/605/1 577/604/1
f 575/607/1 560/605/1 576/606/1
f 575/607/1 561/608/1 560/605/1
f 574/609/1 561/608/1 575/607/1
f 574/609/1 562/610/1 561/608/1
f 573/611/1 562/610/1 574/609/1
f 572/612/1 562/610/1 573/611/1
f 572/612/1 563/613/1 562/610/1
f 571/614/1 563/613/1 572/612/1
f 570/615/1 563/613/1 571/614/1
f 570/615/1 564/616/1 563/613/1
f 569/617/1 564/616/1 570/615/1
f 569/617/1 565/618/1 564/616/1
f 569/617/1 566/619/1 565/618/1
f 569/617/1 567/620/1 566/619/1
f 569/617/1 568/621/1 567/620/1
f 734/622/1 736/623/1 735/624/1
f 734/622/1 737/625/1 736/623/1
f 734/622/1 738/626/1 737/625/1
f 733/627/1 738/626/1 734/622/1
f 733/627/1 739/628/1 738/626/1
f 708/629/1 710/630/1 709/631/1
f 733/627/1 740/632/1 739/628/1
f 732/633/1 740/632/1 733/627/1
f 708/629/1 711/634/1 710/630/1
f 731/635/1 740/632/1 732/633/1
f 731/635/1 741/636/1 740/632/1
f 708/629/1 712/637/1 711/634/1
f 707/638/1 712/637/1 708/629/1
f 730/639/1 741/636/1 731/635/1
f 730/639/1 742/640/1 741/636/1
f 707/638/1 713/641/1 712/637/1
f 729/642/1 742/640/1 730/639/1
f 729/642/1 743/643/1 742/640/1
f 707/638/1 714/644/1 713/641/1
f 706/645/1 714/644/1 707/638/1
f 728/646/1 743/643/1 729/642/1
f 728/646/1 744/647/1 743/643/1
f 705/648/1 714/644/1 706/645/1
f 705/648/1 715/649/1 714/644/1
f 727/650/1 744/647/1 728/646/1
f 727/650/1 745/651/1 744/647/1
f 704/652/1 715/649/1 705/648/1
f 704/652/1 716/653/1 715/649/1
f 726/654/1 745/651/1 727/650/1
f 726/654/1 746/655/1 745/651/1
f 703/656/1 716/653/1 704/652/1
f 703/656/1 717/657/1 716/653/1
f 725/658/1 746/655/1 726/654/1
f 725/658/1 747/659/1 746/655/1
f 702/660/1 717/657/1 703/656/1
f 797/77/1 749/661/1 748/662/1
f 702/660/1 718/663/1 717/657/1
f 724/664/1 747/659/1 725/658/1
f 701/665/1 718/663/1 702/660/1
f 701/665/1 719/666/1 718/663/1
f 724/664/1 723/667/1 747/659/1
f 723/667/1 722/668/1 747/659/1
f 700/669/1 719/666/1 701/665/1
f 700/669/1 720/670/1 719/666/1
f 797/77/1 750/671/1 749/661/1
f 796/672/1 750/671/1 797/77/1
f 699/673/1 720/670/1 700/669/1
f 699/673/1 721/674/1 720/670/1
f 698/675/1 721/674/1 699/673/1
f 796/672/1 751/676/1 750/671/1
f 698/675/1 697/677/1 721/674/1
f 697/677/1 696/678/1 721/674/1
f 795/679/1 751/676/1 796/672/1
f 795/679/1 752/680/1 751/676/1
f 794/681/1 752/680/1 795/679/1
f 794/681/1 753/682/1 752/680/1
f 793/683/1 753/682/1 794/681/1
f 793/683/1 754/684/1 753/682/1
f 792/685/1 754/684/1 793/683/1
f 792/685/1 755/686/1 754/684/1
f 791/687/1 755/686/1 792/685/1
f 791/687/1 756/688/1 755/686/1
f 790/689/1 756/688/1 791/687/1
f 790/689/1 757/690/1 756/688/1
f 789/691/1 757/690/1 790/689/1
f 789/691/1 758/692/1 757/690/1
f 788/693/1 758/692/1 789/691/1
f 788/693/1 759/694/1 758/692/1
f 787/695/1 759/694/1 788/693/1
f 787/695/1 760/696/1 759/694/1
f 786/697/1 760/696/1 787/695/1
f 786/697/1 761/698/1 760/696/1
f 785/699/1 761/698/1 786/697/1
f 785/699/1 762/700/1 761/698/1
f 784/701/1 762/700/1 785/699/1
f 784/701/1 763/702/1 762/700/1
f 783/703/1 763/702/1 784/701/1
f 783/703/1 764/704/1 763/702/1
f 782/705/1 764/704/1 783/703/1
f 782/705/1 765/706/1 764/704/1
f 781/707/1 765/706/1 782/705/1
f 781/707/1 766/708/1 765/706/1
f 780/709/1 766/708/1 781/707/1
f 780/709/1 767/710/1 766/708/1
f 779/711/1 767/710/1 780/709/1
f 779/711/1 768/712/1 767/710/1
f 778/713/1 768/712/1 779/711/1
f 778/713/1 769/714/1 768/712/1
f 777/715/1 769/714/1 778/713/1
f 777/715/1 770/716/1 769/714/1
f 776/717/1 770/716/1 777/715/1
f 776/717/1 771/718/1 770/716/1
f 775/719/1 771/718/1 776/717/1
f 775/719/1 772/720/1 771/718/1
f 774/721/1 772/720/1 775/719/1
f 773/722/1 772/720/1 774/721/1
f 694/723/1 634/82/1 695/724/1
f 694/723/1 635/725/1 634/82/1
f 694/723/1 636/726/1 635/725/1
f 693/727/1 636/726/1 694/723/1
f 693/727/1 637/728/1 636/726/1
f 693/727/1 638/729/1 637/728/1
f 693/727/1 639/730/1 638/729/1
f 693/727/1 640/731/1 639/730/1
f 693/727/1 641/732/1 640/731/1
f 692/733/1 641/732/1 693/727/1
f 692/733/1 642/734/1 641/732/1
f 692/733/1 643/735/1 642/734/1
f 692/733/1 644/736/1 643/735/1
f 692/733/1 645/737/1 644/736/1
f 692/733/1 646/738/1 645/737/1
f 691/739/1 646/738/1 692/733/1
f 691/739/1 647/740/1 646/738/1
f 691/739/1 648/741/1 647/740/1
f 690/742/1 648/741/1 691/739/1
f 690/742/1 649/743/1 648/741/1
f 690/742/1 650/744/1 649/743/1
f 689/745/1 650/744/1 690/742/1
f 689/745/1 651/746/1 650/744/1
f 688/747/1 651/746/1 689/745/1
f 688/747/1 652/748/1 651/746/1
f 687/749/1 652/748/1 688/747/1
f 687/749/1 653/750/1 652/748/1
f 686/751/1 653/750/1 687/749/1
f 686/751/1 654/752/1 653/750/1
f 685/753/1 654/752/1 686/751/1
f 685/753/1 655/754/1 654/752/1
f 684/755/1 655/754/1 685/753/1
f 684/755/1 656/756/1 655/754/1
f 683/757/1 656/756/1 684/755/1
f 683/757/1 657/758/1 656/756/1
f 682/759/1 657/758/1 683/757/1
f 682/759/1 658/760/1 657/758/1
f 681/761/1 658/760/1 682/759/1
f 681/761/1 659/762/1 658/760/1
f 680/763/1 659/762/1 681/761/1
f 680/763/1 660/764/1 659/762/1
f 679/765/1 660/764/1 680/763/1
f 679/765/1 661/766/1 660/764/1
f 678/767/1 661/766/1 679/765/1
f 678/767/1 662/768/1 661/766/1
f 677/769/1 662/768/1 678/767/1
f 676/770/1 662/768/1 677/769/1
f 676/770/1 663/771/1 662/768/1
f 675/772/1 663/771/1 676/770/1
f 675/772/1 664/773/1 663/771/1
f 674/774/1 664/773/1 675/772/1
f 674/774/1 665/775/1 664/773/1
f 673/776/1 665/775/1 674/774/1
f 673/776/1 666/777/1 665/775/1
f 672/778/1 666/777/1 673/776/1
f 672/778/1 667/779/1 666/777/1
f 671/780/1 667/779/1 672/778/1
f 671/780/1 668/781/1 667/779/1
f 671/780/1 669/782/1 668/781/1
f 670/783/1 669/782/1 671/780/1
f 810/180/1 812/181/1 811/182/1
f 810/180/1 813/183/1 812/181/1
f 810/180/1 814/184/1 813/183/1
f 810/180/1 815/185/1 814/184/1
f 810/180/1 816/186/1 815/185/1
f 809/187/1 816/186/1 810/180/1
f 809/187/1 817/188/1 816/186/1
f 808/189/1 817/188/1 809/187/1
f 808/189/1 818/190/1 817/188/1
f 807/191/1 818/190/1 808/189/1
f 807/191/1 819/192/1 818/190/1
f 806/193/1 819/192/1 807/191/1
f 806/193/1 820/194/1 819/192/1
f 805/195/1 820/194/1 806/193/1
f 834/196/1 836/197/1 835/198/1
f 805/195/1 821/199/1 820/194/1
f 804/200/1 821/199/1 805/195/1
f 804/200/1 822/201/1 821/199/1
f 803/202/1 822/201/1 804/200/1
f 833/203/1 836/197/1 834/196/1
f 803/202/1 823/204/1 822/201/1
f 802/205/1 823/204/1 803/202/1
f 802/205/1 801/206/1 823/204/1
f 801/206/1 800/207/1 823/204/1
f 800/207/1 799/208/1 823/204/1
f 799/208/1 798/82/1 823/204/1
f 832/209/1 836/197/1 833/203/1
f 832/209/1 837/210/1 836/197/1
f 831/211/1 837/210/1 832/209/1
f 831/211/1 838/212/1 837/210/1
f 830/213/1 838/212/1 831/211/1
f 830/213/1 839/214/1 838/212/1
f 829/215/1 839/214/1 830/213/1
f 829/215/1 840/216/1 839/214/1
f 828/217/1 840/216/1 829/215/1
f 828/217/1 841/218/1 840/216/1
f 827/219/1 841/218/1 828/217/1
f 826/220/1 841/218/1 827/219/1
f 826/220/1 842/221/1 841/218/1
f 825/222/1 842/221/1 826/220/1
f 825/222/1 843/223/1 842/221/1
f 824/224/1 843/223/1 825/222/1
f 824/224/1 844/225/1 843/223/1
f 873/77/1 844/225/1 824/224/1
f 873/77/1 845/226/1 844/225/1
f 872/227/1 845/226/1 873/77/1
f 872/227/1 846/228/1 845/226/1
f 871/229/1 846/228/1 872/227/1
f 870/230/1 846/228/1 871/229/1
f 870/230/1 847/231/1 846/228/1
f 869/232/1 847/231/1 870/230/1
f 868/233/1 847/231/1 869/232/1
f 868/233/1 848/234/1 847/231/1
f 867/235/1 848/234/1 868/233/1
f 866/236/1 848/234/1 867/235/1
f 866/236/1 849/237/1 848/234/1
f 865/238/1 849/237/1 866/236/1
f 865/238/1 850/239/1 849/237/1
f 864/240/1 850/239/1 865/238/1
f 863/241/1 850/239/1 864/240/1
f 863/241/1 851/242/1 850/239/1
f 862/243/1 851/242/1 863/241/1
f 862/243/1 852/244/1 851/242/1
f 861/245/1 852/244/1 862/243/1
f 860/246/1 852/244/1 861/245/1
f 860/246/1 853/247/1 852/244/1
f 860/246/1 854/248/1 853/247/1
f 860/246/1 855/249/1 854/248/1
f 860/246/1 856/250/1 855/249/1
f 860/246/1 857/251/1 856/250/1
f 860/246/1 858/252/1 857/251/1
f 860/246/1 859/253/1 858/252/1
f 896/784/1 898/785/1 897/786/1
f 934/787/1 936/788/1 935/789/1
f 934/787/1 937/790/1 936/788/1
f 895/791/1 898/785/1 896/784/1
f 934/787/1 938/792/1 937/790/1
f 894/793/1 898/785/1 895/791/1
f 934/787/1 939/794/1 938/792/1
f 893/795/1 898/785/1 894/793/1
f 934/787/1 940/796/1 939/794/1
f 892/797/1 898/785/1 893/795/1
f 934/787/1 941/798/1 940/796/1
f 891/799/1 898/785/1 892/797/1
f 934/787/1 942/800/1 941/798/1
f 890/801/1 898/785/1 891/799/1
f 934/787/1 943/802/1 942/800/1
f 889/803/1 898/785/1 890/801/1
f 934/787/1 944/804/1 943/802/1
f 888/805/1 898/785/1 889/803/1
f 934/787/1 945/806/1 944/804/1
f 887/807/1 898/785/1 888/805/1
f 934/787/1 946/808/1 945/806/1
f 886/809/1 898/785/1 887/807/1
f 934/787/1 947/77/1 946/808/1
f 885/810/1 898/785/1 886/809/1
f 934/787/1 874/82/1 947/77/1
f 934/787/1 875/811/1 874/82/1
f 934/787/1 876/812/1 875/811/1
f 934/787/1 877/813/1 876/812/1
f 934/787/1 878/814/1 877/813/1
f 934/787/1 879/815/1 878/814/1
f 934/787/1 880/816/1 879/815/1
f 934/787/1 881/817/1 880/816/1
f 934/787/1 882/818/1 881/817/1
f 934/787/1 883/819/1 882/818/1
f 934/787/1 884/820/1 883/819/1
f 934/787/1 885/810/1 884/820/1
f 934/787/1 933/821/1 885/810/1
f 933/821/1 932/822/1 885/810/1
f 932/822/1 931/823/1 885/810/1
f 931/823/1 930/824/1 885/810/1
f 930/824/1 929/825/1 885/810/1
f 929/825/1 928/826/1 885/810/1
f 928/826/1 927/827/1 885/810/1
f 927/827/1 926/828/1 885/810/1
f 926/828/1 925/829/1 885/810/1
f 925/829/1 924/830/1 885/810/1
f 924/830/1 923/831/1 885/810/1
f 923/831/1 922/832/1 885/810/1
f 922/832/1 921/833/1 885/810/1
f 921/833/1 920/834/1 885/810/1
f 920/834/1 919/835/1 885/810/1
f 919/835/1 917/836/1 885/810/1
f 917/836/1 914/837/1 885/810/1
f 914/837/1 911/838/1 885/810/1
f 911/838/1 910/839/1 885/810/1
f 910/839/1 909/840/1 885/810/1
f 909/840/1 908/841/1 885/810/1
f 908/841/1 907/842/1 885/810/1
f 907/842/1 906/843/1 885/810/1
f 906/843/1 905/844/1 885/810/1
f 905/844/1 904/845/1 885/810/1
f 904/845/1 903/846/1 885/810/1
f 903/846/1 898/785/1 885/810/1
f 918/847/1 917/836/1 919/835/1
f 916/848/1 914/837/1 917/836/1
f 915/849/2 914/837/2 916/848/2
f 913/850/1 911/838/1 914/837/1
f 912/851/1 911/838/1 913/850/1
f 902/852/1 898/785/1 903/846/1
f 901/853/1 898/785/1 902/852/1
f 900/854/1 898/785/1 901/853/1
f 899/855/1 898/785/1 900/854/1
f 1044/856/1 1046/857/1 1045/858/1
f 1044/856/1 1047/859/1 1046/857/1
f 1044/856/1 1048/860/1 1047/859/1
f 1043/861/1 1048/860/1 1044/856/1
f 1043/861/1 1049/862/1 1048/860/1
f 1042/863/1 1049/862/1 1043/861/1
f 1042/863/1 1050/864/1 1049/862/1
f 1041/865/1 1050/864/1 1042/863/1
f 1041/865/1 1051/866/1 1050/864/1
f 1040/867/1 1051/866/1 1041/865/1
f 1040/867/1 1052/868/1 1051/866/1
f 1039/869/1 1052/868/1 1040/867/1
f 1039/869/1 1053/870/1 1052/868/1
f 1038/871/1 1053/870/1 1039/869/1
f 1038/871/1 1054/872/1 1053/870/1
f 1037/873/1 1054/872/1 1038/871/1
f 1037/873/1 1055/874/1 1054/872/1
f 1036/875/1 1055/874/1 1037/873/1
f 1036/875/1 1056/876/1 1055/874/1
f 1035/877/1 1056/876/1 1036/875/1
f 1035/877/1 1057/878/1 1056/876/1
f 1034/155/1 1057/878/1 1035/877/1
f 1034/155/1 1058/879/1 1057/878/1
f 1033/880/1 1058/879/1 1034/155/1
f 1033/880/1 1059/881/1 1058/879/1
f 1032/882/1 1059/881/1 1033/880/1
f 1032/882/1 1060/883/1 1059/881/1
f 1031/884/1 1060/883/1 1032/882/1
f 1031/884/1 1061/885/1 1060/883/1
f 1030/886/1 1061/885/1 1031/884/1
f 1030/886/1 1062/887/1 1061/885/1
f 1029/888/1 1062/887/1 1030/886/1
f 1029/888/1 1063/889/1 1062/887/1
f 1028/890/1 1063/889/1 1029/888/1
f 1028/890/1 1064/891/1 1063/889/1
f 1027/892/1 1064/891/1 1028/890/1
f 1027/892/1 1065/893/1 1064/891/1
f 1026/894/1 1065/893/1 1027/892/1
f 1081/895/1 1083/896/1 1082/897/1
f 1080/898/1 1083/896/1 1081/895/1
f 1026/894/1 1066/899/1 1065/893/1
f 1025/900/1 1066/899/1 1026/894/1
f 1079/901/1 1083/896/1 1080/898/1
f 1079/901/1 1084/902/1 1083/896/1
f 1078/903/1 1084/902/1 1079/901/1
f 1025/900/1 1067/904/1 1066/899/1
f 1077/299/1 1084/902/1 1078/903/1
f 1077/299/1 1085/905/1 1084/902/1
f 1024/906/1 1067/904/1 1025/900/1
f 1076/907/1 1085/905/1 1077/299/1
f 1076/907/1 1086/908/1 1085/905/1
f 1075/909/1 1086/908/1 1076/907/1
f 1024/906/1 1068/910/1 1067/904/1
f 1075/909/1 1087/911/1 1086/908/1
f 1074/912/1 1087/911/1 1075/909/1
f 1023/913/1 1068/910/1 1024/906/1
f 1073/914/1 1087/911/1 1074/912/1
f 1073/914/1 1088/915/1 1087/911/1
f 1023/913/1 1069/916/1 1068/910/1
f 1072/917/1 1088/915/1 1073/914/1
f 1022/918/1 1069/916/1 1023/913/1
f 1072/917/1 1089/919/1 1088/915/1
f 1071/920/1 1089/919/1 1072/917/1
f 1070/921/1 1089/919/1 1071/920/1
f 1022/918/1 1070/921/1 1069/916/1
f 1022/918/1 1089/919/1 1070/921/1
f 1022/918/1 1090/922/1 1089/919/1
f 1120/77/1 1090/922/1 1022/918/1
f 1120/77/1 1091/923/1 1090/922/1
f 1119/924/1 1091/923/1 1120/77/1
f 1118/925/1 1091/923/1 1119/924/1
f 1117/926/1 1091/923/1 1118/925/1
f 1117/926/1 1092/927/1 1091/923/1
f 1116/928/1 1092/927/1 1117/926/1
f 1115/929/1 1092/927/1 1116/928/1
f 1114/930/1 1092/927/1 1115/929/1
f 1113/931/1 1092/927/1 1114/930/1
f 1112/932/1 1092/927/1 1113/931/1
f 1112/932/1 1093/933/1 1092/927/1
f 1111/934/1 1093/933/1 1112/932/1
f 1110/935/1 1093/933/1 1111/934/1
f 1109/936/1 1093/933/1 1110/935/1
f 1108/937/1 1093/933/1 1109/936/1
f 1108/937/1 1094/938/1 1093/933/1
f 1107/939/1 1106/940/1 1108/937/1
f 1106/940/1 1105/941/1 1108/937/1
f 1105/941/1 1104/942/1 1108/937/1
f 1104/942/1 1103/943/1 1108/937/1
f 1103/943/1 1102/944/1 1108/937/1
f 1102/944/1 1101/945/1 1108/937/1
f 1101/945/1 1100/946/1 1108/937/1
f 1100/946/1 1099/947/1 1108/937/1
f 1099/947/1 1098/948/1 1108/937/1
f 1098/948/1 1097/949/1 1108/937/1
f 1097/949/1 1096/950/1 1108/937/1
f 1096/950/1 1095/951/1 1108/937/1
f 1095/951/1 1094/938/1 1108/937/1
f 970/952/1 972/953/1 971/954/1
f 970/952/1 973/955/1 972/953/1
f 970/952/1 974/956/1 973/955/1
f 969/957/1 974/956/1 970/952/1
f 969/957/1 975/958/1 974/956/1
f 968/959/1 975/958/1 969/957/1
f 968/959/1 976/960/1 975/958/1
f 967/961/1 976/960/1 968/959/1
f 967/961/1 977/962/1 976/960/1
f 966/963/1 977/962/1 967/961/1
f 966/963/1 978/964/1 977/962/1
f 965/965/1 978/964/1 966/963/1
f 965/965/1 979/966/1 978/964/1
f 964/967/1 979/966/1 965/965/1
f 964/967/1 980/968/1 979/966/1
f 963/969/1 980/968/1 964/967/1
f 963/969/1 981/970/1 980/968/1
f 962/971/1 981/970/1 963/969/1
f 962/971/1 982/972/1 981/970/1
f 961/973/1 982/972/1 962/971/1
f 961/973/1 983/974/1 982/972/1
f 960/975/1 983/974/1 961/973/1
f 960/975/1 984/976/1 983/974/1
f 959/977/1 984/976/1 960/975/1
f 959/977/1 985/978/1 984/976/1
f 958/979/1 985/978/1 959/977/1
f 958/979/1 986/980/1 985/978/1
f 957/981/1 986/980/1 958/979/1
f 956/982/1 986/980/1 957/981/1
f 956/982/1 987/983/1 986/980/1
f 955/984/1 987/983/1 956/982/1
f 955/984/1 988/985/1 987/983/1
f 954/986/1 988/985/1 955/984/1
f 954/986/1 989/987/1 988/985/1
f 953/988/1 989/987/1 954/986/1
f 953/988/1 990/989/1 989/987/1
f 952/990/1 990/989/1 953/988/1
f 952/990/1 991/272/1 990/989/1
f 951/991/1 991/272/1 952/990/1
f 951/991/1 992/992/1 991/272/1
f 950/993/1 992/992/1 951/991/1
f 950/993/1 993/994/1 992/992/1
f 949/995/1 993/994/1 950/993/1
f 949/995/1 994/996/1 993/994/1
f 948/82/1 994/996/1 949/995/1
f 948/82/1 995/997/1 994/996/1
f 1021/998/1 995/997/1 948/82/1
f 1021/998/1 996/999/1 995/997/1
f 1020/1000/1 996/999/1 1021/998/1
f 1019/1001/1 996/999/1 1020/1000/1
f 1019/1001/1 997/1002/1 996/999/1
f 1018/1003/1 997/1002/1 1019/1001/1
f 1018/1003/1 998/1004/1 997/1002/1
f 1017/1005/1 998/1004/1 1018/1003/1
f 1017/1005/1 999/1006/1 998/1004/1
f 1016/1007/1 999/1006/1 1017/1005/1
f 1016/1007/1 1000/1008/1 999/1006/1
f 1015/1009/1 1000/1008/1 1016/1007/1
f 1015/1009/1 1001/1010/1 1000/1008/1
f 1014/1011/1 1001/1010/1 1015/1009/1
f 1013/1012/1 1001/1010/1 1014/1011/1
f 1013/1012/1 1002/1013/1 1001/1010/1
f 1012/1014/1 1002/1013/1 1013/1012/1
f 1012/1014/1 1003/1015/1 1002/1013/1
f 1011/1016/1 1003/1015/1 1012/1014/1
f 1011/1016/1 1004/1017/1 1003/1015/1
f 1010/1018/1 1004/1017/1 1011/1016/1
f 1009/1019/1 1004/1017/1 1010/1018/1
f 1009/1019/1 1005/1020/1 1004/1017/1
f 1009/1019/1 1006/1021/1 1005/1020/1
f 1008/1022/1 1006/1021/1 1009/1019/1
f 1008/1022/1 1007/1023/1 1006/1021/1
f 1221/622/1 1223/623/1 1222/624/1
f 1221/622/1 1224/625/1 1223/623/1
f 1221/622/1 1225/626/1 1224/625/1
f 1220/627/1 1225/626/1 1221/622/1
f 1220/627/1 1226/628/1 1225/626/1
f 1195/629/1 1197/630/1 1196/631/1
f 1220/627/1 1227/632/1 1226/628/1
f 1219/633/1 1227/632/1 1220/627/1
f 1195/629/1 1198/634/1 1197/630/1
f 1218/635/1 1227/632/1 1219/633/1
f 1218/635/1 1228/636/1 1227/632/1
f 1195/629/1 1199/637/1 1198/634/1
f 1194/638/1 1199/637/1 1195/629/1
f 1217/639/1 1228/636/1 1218/635/1
f 1217/639/1 1229/640/1 1228/636/1
f 1194/638/1 1200/641/1 1199/637/1
f 1216/642/1 1229/640/1 1217/639/1
f 1216/642/1 1230/643/1 1229/640/1
f 1194/638/1 1201/644/1 1200/641/1
f 1193/645/1 1201/644/1 1194/638/1
f 1215/646/1 1230/643/1 1216/642/1
f 1215/646/1 1231/647/1 1230/643/1
f 1192/648/1 1201/644/1 1193/645/1
f 1192/648/1 1202/649/1 1201/644/1
f 1214/650/1 1231/647/1 1215/646/1
f 1214/650/1 1232/651/1 1231/647/1
f 1191/652/1 1202/649/1 1192/648/1
f 1191/652/1 1203/653/1 1202/649/1
f 1213/654/1 1232/651/1 1214/650/1
f 1213/654/1 1233/655/1 1232/651/1
f 1190/656/1 1203/653/1 1191/652/1
f 1190/656/1 1204/657/1 1203/653/1
f 1212/658/1 1233/655/1 1213/654/1
f 1212/658/1 1234/659/1 1233/655/1
f 1189/660/1 1204/657/1 1190/656/1
f 1284/77/1 1236/661/1 1235/662/1
f 1189/660/1 1205/663/1 1204/657/1
f 1211/664/1 1234/659/1 1212/658/1
f 1188/665/1 1205/663/1 1189/660/1
f 1188/665/1 1206/666/1 1205/663/1
f 1211/664/1 1210/667/1 1234/659/1
f 1210/667/1 1209/668/1 1234/659/1
f 1187/669/1 1206/666/1 1188/665/1
f 1187/669/1 1207/670/1 1206/666/1
f 1284/77/1 1237/671/1 1236/661/1
f 1283/672/1 1237/671/1 1284/77/1
f 1186/673/1 1207/670/1 1187/669/1
f 1186/673/1 1208/674/1 1207/670/1
f 1185/675/1 1208/674/1 1186/673/1
f 1283/672/1 1238/676/1 1237/671/1
f 1185/675/1 1184/677/1 1208/674/1
f 1184/677/1 1183/678/1 1208/674/1
f 1282/679/1 1238/676/1 1283/672/1
f 1282/679/1 1239/680/1 1238/676/1
f 1281/681/1 1239/680/1 1282/679/1
f 1281/681/1 1240/682/1 1239/680/1
f 1280/683/1 1240/682/1 1281/681/1
f 1280/683/1 1241/684/1 1240/682/1
f 1279/685/1 1241/684/1 1280/683/1
f 1279/685/1 1242/686/1 1241/684/1
f 1278/687/1 1242/686/1 1279/685/1
f 1278/687/1 1243/688/1 1242/686/1
f 1277/689/1 1243/688/1 1278/687/1
f 1277/689/1 1244/690/1 1243/688/1
f 1276/691/1 1244/690/1 1277/689/1
f 1276/691/1 1245/692/1 1244/690/1
f 1275/693/1 1245/692/1 1276/691/1
f 1275/693/1 1246/694/1 1245/692/1
f 1274/695/1 1246/694/1 1275/693/1
f 1274/695/1 1247/696/1 1246/694/1
f 1273/697/1 1247/696/1 1274/695/1
f 1273/697/1 1248/698/1 1247/696/1
f 1272/699/1 1248/698/1 1273/697/1
f 1272/699/1 1249/700/1 1248/698/1
f 1271/701/1 1249/700/1 1272/699/1
f 1271/701/1 1250/702/1 1249/700/1
f 1270/703/1 1250/702/1 1271/701/1
f 1270/703/1 1251/704/1 1250/702/1
f 1269/705/1 1251/704/1 1270/703/1
f 1269/705/1 1252/706/1 1251/704/1
f 1268/707/1 1252/706/1 1269/705/1
f 1268/707/1 1253/708/1 1252/706/1
f 1267/709/1 1253/708/1 1268/707/1
f 1267/709/1 1254/710/1 1253/708/1
f 1266/711/1 1254/710/1 1267/709/1
f 1266/711/1 1255/712/1 1254/710/1
f 1265/713/1 1255/712/1 1266/711/1
f 1265/713/1 1256/714/1 1255/712/1
f 1264/715/1 1256/714/1 1265/713/1
f 1264/715/1 1257/716/1 1256/714/1
f 1263/717/1 1257/716/1 1264/715/1
f 1263/717/1 1258/718/1 1257/716/1
f 1262/719/1 1258/718/1 1263/717/1
f 1262/719/1 1259/720/1 1258/718/1
f 1261/721/1 1259/720/1 1262/719/1
f 1260/722/1 1259/720/1 1261/721/1
f 1181/723/1 1121/82/1 1182/724/1
f 1181/723/1 1122/725/1 1121/82/1
f 1181/723/1 1123/726/1 1122/725/1
f 1180/727/1 1123/726/1 1181/723/1
f 1180/727/1 1124/728/1 1123/726/1
f 1180/727/1 1125/729/1 1124/728/1
f 1180/727/1 1126/730/1 1125/729/1
f 1180/727/1 1127/731/1 1126/730/1
f 1180/727/1 1128/732/1 1127/731/1
f 1179/733/1 1128/732/1 1180/727/1
f 1179/733/1 1129/734/1 1128/732/1
f 1179/733/1 1130/735/1 1129/734/1
f 1179/733/1 1131/736/1 1130/735/1
f 1179/733/1 1132/737/1 1131/736/1
f 1179/733/1 1133/738/1 1132/737/1
f 1178/739/1 1133/738/1 1179/733/1
f 1178/739/1 1134/740/1 1133/738/1
f 1178/739/1 1135/741/1 1134/740/1
f 1177/742/1 1135/741/1 1178/739/1
f 1177/742/1 1136/743/1 1135/741/1
f 1177/742/1 1137/744/1 1136/743/1
f 1176/745/1 1137/744/1 1177/742/1
f 1176/745/1 1138/746/1 1137/744/1
f 1175/747/1 1138/746/1 1176/745/1
f 1175/747/1 1139/748/1 1138/746/1
f 1174/749/1 1139/748/1 1175/747/1
f 1174/749/1 1140/750/1 1139/748/1
f 1173/751/1 1140/750/1 1174/749/1
f 1173/751/1 1141/752/1 1140/750/1
f 1172/753/1 1141/752/1 1173/751/1
f 1172/753/1 1142/754/1 1141/752/1
f 1171/755/1 1142/754/1 1172/753/1
f 1171/755/1 1143/756/1 1142/754/1
f 1170/757/1 1143/756/1 1171/755/1
f 1170/757/1 1144/758/1 1143/756/1
f 1169/759/1 1144/758/1 1170/757/1
f 1169/759/1 1145/760/1 1144/758/1
f 1168/761/1 1145/760/1 1169/759/1
f 1168/761/1 1146/762/1 1145/760/1
f 1167/763/1 1146/762/1 1168/761/1
f 1167/763/1 1147/764/1 1146/762/1
f 1166/765/1 1147/764/1 1167/763/1
f 1166/765/1 1148/766/1 1147/764/1
f 1165/767/1 1148/766/1 1166/765/1
f 1165/767/1 1149/768/1 1148/766/1
f 1164/769/1 1149/768/1 1165/767/1
f 1163/770/1 1149/768/1 1164/769/1
f 1163/770/1 1150/771/1 1149/768/1
f 1162/772/1 1150/771/1 1163/770/1
f 1162/772/1 1151/773/1 1150/771/1
f 1161/774/1 1151/773/1 1162/772/1
f 1161/774/1 1152/775/1 1151/773/1
f 1160/776/1 1152/775/1 1161/774/1
f 1160/776/1 1153/777/1 1152/775/1
f 1159/778/1 1153/777/1 1160/776/1
f 1159/778/1 1154/779/1 1153/777/1
f 1158/780/1 1154/779/1 1159/778/1
f 1158/780/1 1155/781/1 1154/779/1
f 1158/780/1 1156/782/1 1155/781/1
f 1157/783/1 1156/782/1 1158/780/1
f 1323/1/2 1324/3/2 1325/2/2
f 1323/1/2 1325/2/2 1326/4/2
f 1323/1/2 1326/4/2 1327/5/2
f 1322/6/2 1323/1/2 1327/5/2
f 1322/6/2 1327/5/2 1328/7/2
f 1297/8/2 1298/10/2 1299/9/2
f 1322/6/2 1328/7/2 1329/11/2
f 1321/12/2 1322/6/2 1329/11/2
f 1297/8/2 1299/9/2 1300/13/2
f 1449/14/2 1450/16/2 1451/15/2
f 1320/17/2 1321/12/2 1329/11/2
f 1320/17/2 1329/11/2 1330/18/2
f 1297/8/2 1300/13/2 1301/19/2
f 1296/20/2 1297/8/2 1301/19/2
f 1319/21/2 1320/17/2 1330/18/2
f 1448/22/2 1449/14/2 1451/15/2
f 1319/21/2 1330/18/2 1331/23/2
f 1296/20/2 1301/19/2 1302/24/2
f 1447/25/2 1448/22/2 1451/15/2
f 1318/26/2 1319/21/2 1331/23/2
f 1446/27/2 1447/25/2 1451/15/2
f 1318/26/2 1331/23/2 1332/28/2
f 1296/20/2 1302/24/2 1303/29/2
f 1295/30/2 1296/20/2 1303/29/2
f 1445/31/2 1446/27/2 1451/15/2
f 1317/32/2 1318/26/2 1332/28/2
f 1445/31/2 1451/15/2 1452/33/2
f 1317/32/2 1332/28/2 1333/34/2
f 1294/35/2 1295/30/2 1303/29/2
f 1444/36/2 1445/31/2 1452/33/2
f 1294/35/2 1303/29/2 1304/37/2
f 1316/38/2 1317/32/2 1333/34/2
f 1443/39/2 1444/36/2 1452/33/2
f 1316/38/2 1333/34/2 1334/40/2
f 1443/39/2 1452/33/2 1453/41/2
f 1293/42/2 1294/35/2 1304/37/2
f 1293/42/2 1304/37/2 1305/43/2
f 1442/44/2 1443/39/2 1453/41/2
f 1315/45/2 1316/38/2 1334/40/2
f 1442/44/2 1453/41/2 1454/46/2
f 1441/47/2 1442/44/2 1454/46/2
f 1315/45/2 1334/40/2 1335/48/2
f 1292/49/2 1293/42/2 1305/43/2
f 1441/47/2 1454/46/2 1455/50/2
f 1292/49/2 1305/43/2 1306/51/2
f 1440/52/2 1441/47/2 1455/50/2
f 1314/53/2 1315/45/2 1335/48/2
f 1440/52/2 1455/50/2 1456/54/2
f 1314/53/2 1335/48/2 1336/55/2
f 1439/56/2 1440/52/2 1456/54/2
f 1291/57/2 1292/49/2 1306/51/2
f 1291/57/2 1306/51/2 1307/58/2
f 1438/59/2 1439/56/2 1456/54/2
f 1438/59/2 1456/54/2 1457/60/2
f 1313/61/2 1314/53/2 1336/55/2
f 1437/62/2 1438/59/2 1457/60/2
f 1437/62/2 1457/60/2 1458/63/2
f 1290/64/2 1291/57/2 1307/58/2
f 1290/64/2 1307/58/2 1308/65/2
f 1313/61/2 1336/55/2 1312/66/2
f 1312/66/2 1336/55/2 1311/67/2
f 1437/62/2 1458/63/2 1459/68/2
f 1289/69/2 1290/64/2 1308/65/2
f 1437/62/2 1459/68/2 1460/70/2
f 1289/69/2 1308/65/2 1309/71/2
f 1437/62/2 1460/70/2 1461/72/2
f 1436/73/2 1437/62/2 1461/72/2
f 1288/74/2 1289/69/2 1309/71/2
f 1436/73/2 1461/72/2 1462/75/2
f 1288/74/2 1309/71/2 1310/76/2
f 1436/73/2 1462/75/2 1463/77/2
f 1436/73/2 1463/77/2 1337/78/2
f 1287/79/2 1288/74/2 1310/76/2
f 1435/80/2 1436/73/2 1337/78/2
f 1287/79/2 1310/76/2 1286/81/2
f 1286/81/2 1310/76/2 1285/82/2
f 1349/83/2 1350/85/2 1351/84/2
f 1348/86/2 1349/83/2 1351/84/2
f 1347/87/2 1348/86/2 1351/84/2
f 1346/88/2 1347/87/2 1351/84/2
f 1345/89/2 1346/88/2 1351/84/2
f 1344/90/2 1345/89/2 1351/84/2
f 1343/91/2 1344/90/2 1351/84/2
f 1342/92/2 1343/91/2 1351/84/2
f 1341/93/2 1342/92/2 1351/84/2
f 1340/94/2 1341/93/2 1351/84/2
f 1339/95/2 1340/94/2 1351/84/2
f 1338/96/2 1339/95/2 1351/84/2
f 1435/80/2 1337/78/2 1338/96/2
f 1435/80/2 1338/96/2 1351/84/2
f 1434/97/2 1435/80/2 1351/84/2
f 1434/97/2 1351/84/2 1352/98/2
f 1433/99/2 1434/97/2 1352/98/2
f 1433/99/2 1352/98/2 1353/100/2
f 1433/99/2 1353/100/2 1354/101/2
f 1433/99/2 1354/101/2 1355/102/2
f 1433/99/2 1355/102/2 1356/103/2
f 1433/99/2 1356/103/2 1357/104/2
f 1432/105/2 1433/99/2 1357/104/2
f 1432/105/2 1357/104/2 1358/106/2
f 1432/105/2 1358/106/2 1413/107/2
f 1413/107/2 1358/106/2 1359/108/2
f 1413/107/2 1359/108/2 1360/109/2
f 1413/107/2 1360/109/2 1361/110/2
f 1413/107/2 1361/110/2 1412/111/2
f 1412/111/2 1361/110/2 1362/112/2
f 1432/105/2 1413/107/2 1414/113/2
f 1411/114/2 1412/111/2 1362/112/2
f 1411/114/2 1362/112/2 1363/115/2
f 1431/116/2 1432/105/2 1414/113/2
f 1411/114/2 1363/115/2 1364/117/2
f 1410/118/2 1411/114/2 1364/117/2
f 1431/116/2 1414/113/2 1415/119/2
f 1410/118/2 1364/117/2 1365/120/2
f 1430/121/2 1431/116/2 1415/119/2
f 1409/122/2 1410/118/2 1365/120/2
f 1430/121/2 1415/119/2 1416/123/2
f 1409/122/2 1365/120/2 1366/124/2
f 1430/121/2 1416/123/2 1417/125/2
f 1408/126/2 1409/122/2 1366/124/2
f 1429/127/2 1430/121/2 1417/125/2
f 1429/127/2 1417/125/2 1418/128/2
f 1408/126/2 1366/124/2 1367/129/2
f 1407/130/2 1408/126/2 1367/129/2
f 1428/131/2 1429/127/2 1418/128/2
f 1428/131/2 1418/128/2 1419/132/2
f 1406/133/2 1407/130/2 1367/129/2
f 1406/133/2 1367/129/2 1368/134/2
f 1427/135/2 1428/131/2 1419/132/2
f 1427/135/2 1419/132/2 1420/136/2
f 1405/137/2 1406/133/2 1368/134/2
f 1405/137/2 1368/134/2 1369/138/2
f 1427/135/2 1420/136/2 1421/139/2
f 1426/140/2 1427/135/2 1421/139/2
f 1426/140/2 1421/139/2 1422/141/2
f 1404/142/2 1405/137/2 1369/138/2
f 1404/142/2 1369/138/2 1370/143/2
f 1425/144/2 1426/140/2 1422/141/2
f 1425/144/2 1422/141/2 1423/145/2
f 1403/146/2 1404/142/2 1370/143/2
f 1403/146/2 1370/143/2 1371/147/2
f 1425/144/2 1423/145/2 1424/148/2
f 1402/149/2 1403/146/2 1371/147/2
f 1402/149/2 1371/147/2 1372/150/2
f 1401/151/2 1402/149/2 1372/150/2
f 1401/151/2 1372/150/2 1373/152/2
f 1400/153/2 1401/151/2 1373/152/2
f 1399/154/2 1400/153/2 1373/152/2
f 1399/154/2 1373/152/2 1374/155/2
f 1398/156/2 1399/154/2 1374/155/2
f 1398/156/2 1374/155/2 1375/157/2
f 1397/158/2 1398/156/2 1375/157/2
f 1397/158/2 1375/157/2 1376/159/2
f 1396/160/2 1397/158/2 1376/159/2
f 1396/160/2 1376/159/2 1377/161/2
f 1395/162/2 1396/160/2 1377/161/2
f 1395/162/2 1377/161/2 1378/163/2
f 1394/164/2 1395/162/2 1378/163/2
f 1394/164/2 1378/163/2 1379/165/2
f 1393/166/2 1394/164/2 1379/165/2
f 1393/166/2 1379/165/2 1380/167/2
f 1392/168/2 1393/166/2 1380/167/2
f 1391/169/2 1392/168/2 1380/167/2
f 1391/169/2 1380/167/2 1381/170/2
f 1390/171/2 1391/169/2 1381/170/2
f 1390/171/2 1381/170/2 1382/172/2
f 1389/173/2 1390/171/2 1382/172/2
f 1389/173/2 1382/172/2 1383/174/2
f 1388/175/2 1389/173/2 1383/174/2
f 1387/176/2 1388/175/2 1383/174/2
f 1387/176/2 1383/174/2 1384/177/2
f 1387/176/2 1384/177/2 1385/178/2
f 1387/176/2 1385/178/2 1386/179/2
f 1476/180/2 1477/182/2 1478/181/2
f 1476/180/2 1478/181/2 1479/183/2
f 1476/180/2 1479/183/2 1480/184/2
f 1476/180/2 1480/184/2 1481/185/2
f 1476/180/2 1481/185/2 1482/186/2
f 1475/187/2 1476/180/2 1482/186/2
f 1475/187/2 1482/186/2 1483/188/2
f 1474/189/2 1475/187/2 1483/188/2
f 1474/189/2 1483/188/2 1484/190/2
f 1473/191/2 1474/189/2 1484/190/2
f 1473/191/2 1484/190/2 1485/192/2
f 1472/193/2 1473/191/2 1485/192/2
f 1472/193/2 1485/192/2 1486/194/2
f 1471/195/2 1472/193/2 1486/194/2
f 1500/196/2 1501/198/2 1502/197/2
f 1471/195/2 1486/194/2 1487/199/2
f 1470/200/2 1471/195/2 1487/199/2
f 1470/200/2 1487/199/2 1488/201/2
f 1469/202/2 1470/200/2 1488/201/2
f 1499/203/2 1500/196/2 1502/197/2
f 1469/202/2 1488/201/2 1489/204/2
f 1468/205/2 1469/202/2 1489/204/2
f 1468/205/2 1489/204/2 1467/206/2
f 1467/206/2 1489/204/2 1466/207/2
f 1466/207/2 1489/204/2 1465/208/2
f 1465/208/2 1489/204/2 1464/82/2
f 1498/209/2 1499/203/2 1502/197/2
f 1498/209/2 1502/197/2 1503/210/2
f 1497/211/2 1498/209/2 1503/210/2
f 1497/211/2 1503/210/2 1504/212/2
f 1496/213/2 1497/211/2 1504/212/2
f 1496/213/2 1504/212/2 1505/214/2
f 1495/215/2 1496/213/2 1505/214/2
f 1495/215/2 1505/214/2 1506/216/2
f 1494/217/2 1495/215/2 1506/216/2
f 1494/217/2 1506/216/2 1507/218/2
f 1493/219/2 1494/217/2 1507/218/2
f 1492/220/2 1493/219/2 1507/218/2
f 1492/220/2 1507/218/2 1508/221/2
f 1491/222/2 1492/220/2 1508/221/2
f 1491/222/2 1508/221/2 1509/223/2
f 1490/224/2 1491/222/2 1509/223/2
f 1490/224/2 1509/223/2 1510/225/2
f 1539/77/2 1490/224/2 1510/225/2
f 1539/77/2 1510/225/2 1511/226/2
f 1538/227/2 1539/77/2 1511/226/2
f 1538/227/2 1511/226/2 1512/228/2
f 1537/229/2 1538/227/2 1512/228/2
f 1536/230/2 1537/229/2 1512/228/2
f 1536/230/2 1512/228/2 1513/231/2
f 1535/232/2 1536/230/2 1513/231/2
f 1534/233/2 1535/232/2 1513/231/2
f 1534/233/2 1513/231/2 1514/234/2
f 1533/235/2 1534/233/2 1514/234/2
f 1532/236/2 1533/235/2 1514/234/2
f 1532/236/2 1514/234/2 1515/237/2
f 1531/238/2 1532/236/2 1515/237/2
f 1531/238/2 1515/237/2 1516/239/2
f 1530/240/2 1531/238/2 1516/239/2
f 1529/241/2 1530/240/2 1516/239/2
f 1529/241/2 1516/239/2 1517/242/2
f 1528/243/2 1529/241/2 1517/242/2
f 1528/243/2 1517/242/2 1518/244/2
f 1527/245/2 1528/243/2 1518/244/2
f 1526/246/2 1527/245/2 1518/244/2
f 1526/246/2 1518/244/2 1519/247/2
f 1526/246/2 1519/247/2 1520/248/2
f 1526/246/2 1520/248/2 1521/249/2
f 1526/246/2 1521/249/2 1522/250/2
f 1526/246/2 1522/250/2 1523/251/2
f 1526/246/2 1523/251/2 1524/252/2
f 1526/246/2 1524/252/2 1525/253/2
f 1550/254/2 1551/256/2 1552/255/2
f 1549/257/2 1550/254/2 1552/255/2
f 1548/258/2 1549/257/2 1552/255/2
f 1547/259/2 1548/258/2 1552/255/2
f 1547/259/2 1552/255/2 1553/260/2
f 1546/261/2 1547/259/2 1553/260/2
f 1545/262/2 1546/261/2 1553/260/2
f 1545/262/2 1553/260/2 1554/263/2
f 1545/262/2 1554/263/2 1555/264/2
f 1544/265/2 1545/262/2 1555/264/2
f 1544/265/2 1555/264/2 1556/266/2
f 1543/267/2 1544/265/2 1556/266/2
f 1543/267/2 1556/266/2 1557/268/2
f 1542/269/2 1543/267/2 1557/268/2
f 1542/269/2 1557/268/2 1558/270/2
f 1541/271/2 1542/269/2 1558/270/2
f 1541/271/2 1558/270/2 1559/272/2
f 1540/82/2 1541/271/2 1559/272/2
f 1540/82/2 1559/272/2 1560/273/2
f 1616/77/2 1540/82/2 1560/273/2
f 1616/77/2 1560/273/2 1561/274/2
f 1615/275/2 1616/77/2 1561/274/2
f 1614/276/2 1615/275/2 1561/274/2
f 1614/276/2 1561/274/2 1562/277/2
f 1613/278/2 1614/276/2 1562/277/2
f 1613/278/2 1562/277/2 1563/279/2
f 1612/280/2 1613/278/2 1563/279/2
f 1612/280/2 1563/279/2 1564/281/2
f 1611/282/2 1612/280/2 1564/281/2
f 1611/282/2 1564/281/2 1591/283/2
f 1591/283/2 1564/281/2 1565/284/2
f 1610/285/2 1611/282/2 1591/283/2
f 1609/286/2 1610/285/2 1591/283/2
f 1608/287/2 1609/286/2 1591/283/2
f 1607/288/2 1608/287/2 1591/283/2
f 1607/288/2 1591/283/2 1592/289/2
f 1590/290/2 1591/283/2 1565/284/2
f 1606/291/2 1607/288/2 1592/289/2
f 1606/291/2 1592/289/2 1593/292/2
f 1605/293/2 1606/291/2 1593/292/2
f 1605/293/2 1593/292/2 1594/294/2
f 1604/295/2 1605/293/2 1594/294/2
f 1604/295/2 1594/294/2 1595/296/2
f 1603/297/2 1604/295/2 1595/296/2
f 1603/297/2 1595/296/2 1596/298/2
f 1603/297/2 1596/298/2 1597/299/2
f 1603/297/2 1597/299/2 1598/300/2
f 1603/297/2 1598/300/2 1599/301/2
f 1603/297/2 1599/301/2 1600/302/2
f 1603/297/2 1600/302/2 1601/303/2
f 1603/297/2 1601/303/2 1602/304/2
f 1589/305/2 1590/290/2 1565/284/2
f 1589/305/2 1565/284/2 1566/306/2
f 1588/307/2 1589/305/2 1566/306/2
f 1588/307/2 1566/306/2 1567/308/2
f 1587/309/2 1588/307/2 1567/308/2
f 1587/309/2 1567/308/2 1568/310/2
f 1586/311/2 1587/309/2 1568/310/2
f 1586/311/2 1568/310/2 1569/312/2
f 1585/313/2 1586/311/2 1569/312/2
f 1585/313/2 1569/312/2 1570/314/2
f 1584/315/2 1585/313/2 1570/314/2
f 1584/315/2 1570/314/2 1571/316/2
f 1584/315/2 1571/316/2 1572/317/2
f 1583/318/2 1584/315/2 1572/317/2
f 1583/318/2 1572/317/2 1573/319/2
f 1582/320/2 1583/318/2 1573/319/2
f 1582/320/2 1573/319/2 1574/321/2
f 1581/322/2 1582/320/2 1574/321/2
f 1581/322/2 1574/321/2 1575/323/2
f 1580/324/2 1581/322/2 1575/323/2
f 1580/324/2 1575/323/2 1576/325/2
f 1579/326/2 1580/324/2 1576/325/2
f 1579/326/2 1576/325/2 1577/327/2
f 1578/155/2 1579/326/2 1577/327/2
f 1752/328/2 1753/330/2 1754/329/2
f 1790/331/2 1791/333/2 1792/332/2
f 1790/331/2 1792/332/2 1793/334/2
f 1751/335/2 1752/328/2 1754/329/2
f 1790/331/2 1793/334/2 1794/336/2
f 1750/337/2 1751/335/2 1754/329/2
f 1790/331/2 1794/336/2 1795/338/2
f 1749/339/2 1750/337/2 1754/329/2
f 1790/331/2 1795/338/2 1796/340/2
f 1748/341/2 1749/339/2 1754/329/2
f 1790/331/2 1796/340/2 1797/342/2
f 1747/343/2 1748/341/2 1754/329/2
f 1790/331/2 1797/342/2 1798/344/2
f 1746/345/2 1747/343/2 1754/329/2
f 1790/331/2 1798/344/2 1799/346/2
f 1745/347/2 1746/345/2 1754/329/2
f 1790/331/2 1799/346/2 1800/348/2
f 1744/349/2 1745/347/2 1754/329/2
f 1790/331/2 1800/348/2 1801/350/2
f 1743/351/2 1744/349/2 1754/329/2
f 1790/331/2 1801/350/2 1802/352/2
f 1742/353/2 1743/351/2 1754/329/2
f 1790/331/2 1802/352/2 1803/77/2
f 1741/234/2 1742/353/2 1754/329/2
f 1790/331/2 1803/77/2 1730/354/2
f 1790/331/2 1730/354/2 1731/355/2
f 1790/331/2 1731/355/2 1732/356/2
f 1790/331/2 1732/356/2 1733/357/2
f 1790/331/2 1733/357/2 1734/358/2
f 1790/331/2 1734/358/2 1735/359/2
f 1790/331/2 1735/359/2 1736/360/2
f 1790/331/2 1736/360/2 1737/361/2
f 1790/331/2 1737/361/2 1738/362/2
f 1790/331/2 1738/362/2 1739/363/2
f 1790/331/2 1739/363/2 1740/364/2
f 1790/331/2 1740/364/2 1741/234/2
f 1790/331/2 1741/234/2 1789/365/2
f 1789/365/2 1741/234/2 1788/366/2
f 1788/366/2 1741/234/2 1787/367/2
f 1787/367/2 1741/234/2 1786/368/2
f 1786/368/2 1741/234/2 1785/369/2
f 1785/369/2 1741/234/2 1784/370/2
f 1784/370/2 1741/234/2 1783/371/2
f 1783/371/2 1741/234/2 1782/372/2
f 1782/372/2 1741/234/2 1781/373/2
f 1781/373/2 1741/234/2 1780/374/2
f 1780/374/2 1741/234/2 1779/375/2
f 1779/375/2 1741/234/2 1778/376/2
f 1778/376/2 1741/234/2 1777/377/2
f 1777/377/2 1741/234/2 1776/378/2
f 1776/378/2 1741/234/2 1775/379/2
f 1775/379/2 1741/234/2 1773/380/2
f 1773/380/2 1741/234/2 1772/381/2
f 1772/381/2 1741/234/2 1771/382/2
f 1771/382/2 1741/234/2 1770/383/2
f 1770/383/2 1741/234/2 1769/384/2
f 1769/384/2 1741/234/2 1768/385/2
f 1768/385/2 1741/234/2 1767/386/2
f 1767/386/2 1741/234/2 1766/387/2
f 1766/387/2 1741/234/2 1765/388/2
f 1765/388/2 1741/234/2 1764/389/2
f 1764/389/2 1741/234/2 1763/390/2
f 1763/390/2 1741/234/2 1762/391/2
f 1762/391/2 1741/234/2 1761/392/2
f 1761/392/2 1741/234/2 1760/393/2
f 1760/393/2 1741/234/2 1759/394/2
f 1759/394/2 1741/234/2 1758/395/2
f 1758/395/2 1741/234/2 1757/396/2
f 1757/396/2 1741/234/2 1756/397/2
f 1756/397/2 1741/234/2 1755/398/2
f 1755/398/2 1741/234/2 1754/329/2
f 1774/399/1 1775/379/1 1773/380/1
f 1639/400/2 1640/402/2 1641/401/2
f 1716/403/2 1717/405/2 1718/404/2
f 1716/403/2 1718/404/2 1719/406/2
f 1638/407/2 1639/400/2 1641/401/2
f 1716/403/2 1719/406/2 1720/408/2
f 1637/409/2 1638/407/2 1641/401/2
f 1716/403/2 1720/408/2 1721/410/2
f 1636/411/2 1637/409/2 1641/401/2
f 1716/403/2 1721/410/2 1722/412/2
f 1635/413/2 1636/411/2 1641/401/2
f 1716/403/2 1722/412/2 1723/414/2
f 1634/415/2 1635/413/2 1641/401/2
f 1716/403/2 1723/414/2 1724/416/2
f 1633/417/2 1634/415/2 1641/401/2
f 1716/403/2 1724/416/2 1725/418/2
f 1632/419/2 1633/417/2 1641/401/2
f 1716/403/2 1725/418/2 1726/420/2
f 1631/421/2 1632/419/2 1641/401/2
f 1716/403/2 1726/420/2 1727/422/2
f 1630/423/2 1631/421/2 1641/401/2
f 1716/403/2 1727/422/2 1728/424/2
f 1629/425/2 1630/423/2 1641/401/2
f 1716/403/2 1728/424/2 1729/426/2
f 1628/427/2 1629/425/2 1641/401/2
f 1716/403/2 1729/426/2 1617/82/2
f 1716/403/2 1617/82/2 1618/428/2
f 1716/403/2 1618/428/2 1619/429/2
f 1716/403/2 1619/429/2 1620/430/2
f 1716/403/2 1620/430/2 1621/431/2
f 1716/403/2 1621/431/2 1622/432/2
f 1716/403/2 1622/432/2 1623/433/2
f 1716/403/2 1623/433/2 1624/434/2
f 1716/403/2 1624/434/2 1625/435/2
f 1716/403/2 1625/435/2 1626/436/2
f 1716/403/2 1626/436/2 1627/437/2
f 1716/403/2 1627/437/2 1628/427/2
f 1716/403/2 1628/427/2 1715/438/2
f 1715/438/2 1628/427/2 1714/439/2
f 1714/439/2 1628/427/2 1713/440/2
f 1713/440/2 1628/427/2 1712/441/2
f 1712/441/2 1628/427/2 1711/442/2
f 1711/442/2 1628/427/2 1710/155/2
f 1710/155/2 1628/427/2 1709/443/2
f 1709/443/2 1628/427/2 1708/444/2
f 1708/444/2 1628/427/2 1707/445/2
f 1707/445/2 1628/427/2 1706/446/2
f 1706/446/2 1628/427/2 1705/447/2
f 1705/447/2 1628/427/2 1704/448/2
f 1704/448/2 1628/427/2 1703/449/2
f 1703/449/2 1628/427/2 1654/450/2
f 1654/450/2 1628/427/2 1653/451/2
f 1653/451/2 1628/427/2 1652/452/2
f 1652/452/2 1628/427/2 1651/453/2
f 1651/453/2 1628/427/2 1650/454/2
f 1650/454/2 1628/427/2 1649/455/2
f 1649/455/2 1628/427/2 1648/456/2
f 1648/456/2 1628/427/2 1647/457/2
f 1647/457/2 1628/427/2 1646/458/2
f 1646/458/2 1628/427/2 1645/459/2
f 1645/459/2 1628/427/2 1644/460/2
f 1644/460/2 1628/427/2 1643/461/2
f 1643/461/2 1628/427/2 1642/462/2
f 1642/462/2 1628/427/2 1641/401/2
f 1702/463/2 1703/449/2 1654/450/2
f 1702/463/2 1654/450/2 1655/464/2
f 1701/465/2 1702/463/2 1655/464/2
f 1701/465/2 1655/464/2 1656/466/2
f 1700/467/2 1701/465/2 1656/466/2
f 1700/467/2 1656/466/2 1657/468/2
f 1699/469/2 1700/467/2 1657/468/2
f 1699/469/2 1657/468/2 1658/470/2
f 1698/471/2 1699/469/2 1658/470/2
f 1698/471/2 1658/470/2 1659/472/2
f 1697/473/2 1698/471/2 1659/472/2
f 1697/473/2 1659/472/2 1660/474/2
f 1696/475/2 1697/473/2 1660/474/2
f 1695/476/2 1696/475/2 1660/474/2
f 1695/476/2 1660/474/2 1661/477/2
f 1694/478/2 1695/476/2 1661/477/2
f 1694/478/2 1661/477/2 1662/479/2
f 1693/480/2 1694/478/2 1662/479/2
f 1693/480/2 1662/479/2 1663/481/2
f 1692/482/2 1693/480/2 1663/481/2
f 1692/482/2 1663/481/2 1664/483/2
f 1691/484/2 1692/482/2 1664/483/2
f 1691/484/2 1664/483/2 1665/485/2
f 1690/486/2 1691/484/2 1665/485/2
f 1689/487/2 1690/486/2 1665/485/2
f 1689/487/2 1665/485/2 1666/488/2
f 1688/489/2 1689/487/2 1666/488/2
f 1688/489/2 1666/488/2 1667/490/2
f 1687/491/2 1688/489/2 1667/490/2
f 1687/491/2 1667/490/2 1668/492/2
f 1686/493/2 1687/491/2 1668/492/2
f 1686/493/2 1668/492/2 1669/494/2
f 1685/495/2 1686/493/2 1669/494/2
f 1684/496/2 1685/495/2 1669/494/2
f 1684/496/2 1669/494/2 1670/497/2
f 1683/498/2 1684/496/2 1670/497/2
f 1683/498/2 1670/497/2 1671/499/2
f 1682/500/2 1683/498/2 1671/499/2
f 1681/501/2 1682/500/2 1671/499/2
f 1681/501/2 1671/499/2 1672/502/2
f 1680/503/2 1681/501/2 1672/502/2
f 1680/503/2 1672/502/2 1673/504/2
f 1679/204/2 1680/503/2 1673/504/2
f 1679/204/2 1673/504/2 1674/505/2
f 1678/506/2 1679/204/2 1674/505/2
f 1678/506/2 1674/505/2 1675/507/2
f 1678/506/2 1675/507/2 1676/508/2
f 1678/506/2 1676/508/2 1677/509/2
f 1816/510/2 1817/512/2 1818/511/2
f 1816/510/2 1818/511/2 1819/513/2
f 1877/514/2 1878/516/2 1879/515/2
f 1815/517/2 1816/510/2 1819/513/2
f 1815/517/2 1819/513/2 1820/518/2
f 1904/519/2 1905/521/2 1906/520/2
f 1815/517/2 1820/518/2 1821/522/2
f 1814/523/2 1815/517/2 1821/522/2
f 1877/514/2 1879/515/2 1880/524/2
f 1813/525/2 1814/523/2 1821/522/2
f 1904/519/2 1906/520/2 1907/526/2
f 1876/527/2 1877/514/2 1880/524/2
f 1813/525/2 1821/522/2 1822/528/2
f 1876/527/2 1880/524/2 1881/529/2
f 1876/527/2 1881/529/2 1882/530/2
f 1903/531/2 1904/519/2 1907/526/2
f 1876/527/2 1882/530/2 1883/532/2
f 1903/531/2 1907/526/2 1908/533/2
f 1812/534/2 1813/525/2 1822/528/2
f 1876/527/2 1883/532/2 1884/535/2
f 1812/534/2 1822/528/2 1823/536/2
f 1876/527/2 1884/535/2 1885/537/2
f 1876/527/2 1885/537/2 1886/538/2
f 1875/539/2 1876/527/2 1886/538/2
f 1875/539/2 1886/538/2 1887/540/2
f 1903/531/2 1908/533/2 1909/541/2
f 1902/542/2 1903/531/2 1909/541/2
f 1875/539/2 1887/540/2 1888/543/2
f 1811/544/2 1812/534/2 1823/536/2
f 1875/539/2 1888/543/2 1889/545/2
f 1875/539/2 1889/545/2 1890/546/2
f 1811/544/2 1823/536/2 1824/547/2
f 1875/539/2 1890/546/2 1891/548/2
f 1901/549/2 1902/542/2 1909/541/2
f 1875/539/2 1891/548/2 1830/550/2
f 1901/549/2 1909/541/2 1910/551/2
f 1810/552/2 1811/544/2 1824/547/2
f 1874/553/2 1875/539/2 1830/550/2
f 1810/552/2 1824/547/2 1825/554/2
f 1900/555/2 1901/549/2 1910/551/2
f 1900/555/2 1910/551/2 1911/556/2
f 1874/553/2 1830/550/2 1831/557/2
f 1809/558/2 1810/552/2 1825/554/2
f 1899/559/2 1900/555/2 1911/556/2
f 1809/558/2 1825/554/2 1826/560/2
f 1873/561/2 1874/553/2 1831/557/2
f 1899/559/2 1911/556/2 1912/562/2
f 1808/563/2 1809/558/2 1826/560/2
f 1873/561/2 1831/557/2 1832/564/2
f 1808/563/2 1826/560/2 1827/565/2
f 1898/566/2 1899/559/2 1912/562/2
f 1898/566/2 1912/562/2 1913/567/2
f 1807/568/2 1808/563/2 1827/565/2
f 1872/569/2 1873/561/2 1832/564/2
f 1807/568/2 1827/565/2 1828/570/2
f 1897/571/2 1898/566/2 1913/567/2
f 1872/569/2 1832/564/2 1833/572/2
f 1806/573/2 1807/568/2 1828/570/2
f 1897/571/2 1913/567/2 1914/574/2
f 1806/573/2 1828/570/2 1829/575/2
f 1896/576/2 1897/571/2 1914/574/2
f 1871/577/2 1872/569/2 1833/572/2
f 1805/578/2 1806/573/2 1829/575/2
f 1871/577/2 1833/572/2 1834/579/2
f 1896/576/2 1914/574/2 1915/580/2
f 1805/578/2 1829/575/2 1804/82/2
f 1895/581/2 1896/576/2 1915/580/2
f 1870/582/2 1871/577/2 1834/579/2
f 1895/581/2 1915/580/2 1916/583/2
f 1870/582/2 1834/579/2 1835/584/2
f 1894/585/2 1895/581/2 1916/583/2
f 1894/585/2 1916/583/2 1917/77/2
f 1869/586/2 1870/582/2 1835/584/2
f 1869/586/2 1835/584/2 1836/587/2
f 1893/588/2 1894/585/2 1917/77/2
f 1893/588/2 1917/77/2 1892/589/2
f 1868/590/2 1869/586/2 1836/587/2
f 1868/590/2 1836/587/2 1837/591/2
f 1867/592/2 1868/590/2 1837/591/2
f 1867/592/2 1837/591/2 1838/593/2
f 1866/594/2 1867/592/2 1838/593/2
f 1866/594/2 1838/593/2 1839/595/2
f 1865/596/2 1866/594/2 1839/595/2
f 1865/596/2 1839/595/2 1840/597/2
f 1864/598/2 1865/596/2 1840/597/2
f 1864/598/2 1840/597/2 1841/599/2
f 1863/600/2 1864/598/2 1841/599/2
f 1863/600/2 1841/599/2 1842/601/2
f 1862/602/2 1863/600/2 1842/601/2
f 1862/602/2 1842/601/2 1843/603/2
f 1861/604/2 1862/602/2 1843/603/2
f 1861/604/2 1843/603/2 1844/605/2
f 1860/606/2 1861/604/2 1844/605/2
f 1859/607/2 1860/606/2 1844/605/2
f 1859/607/2 1844/605/2 1845/608/2
f 1858/609/2 1859/607/2 1845/608/2
f 1858/609/2 1845/608/2 1846/610/2
f 1857/611/2 1858/609/2 1846/610/2
f 1856/612/2 1857/611/2 1846/610/2
f 1856/612/2 1846/610/2 1847/613/2
f 1855/614/2 1856/612/2 1847/613/2
f 1854/615/2 1855/614/2 1847/613/2
f 1854/615/2 1847/613/2 1848/616/2
f 1853/617/2 1854/615/2 1848/616/2
f 1853/617/2 1848/616/2 1849/618/2
f 1853/617/2 1849/618/2 1850/619/2
f 1853/617/2 1850/619/2 1851/620/2
f 1853/617/2 1851/620/2 1852/621/2
f 2018/622/2 2019/624/2 2020/623/2
f 2018/622/2 2020/623/2 2021/625/2
f 2018/622/2 2021/625/2 2022/626/2
f 2017/627/2 2018/622/2 2022/626/2
f 2017/627/2 2022/626/2 2023/628/2
f 1992/629/2 1993/631/2 1994/630/2
f 2017/627/2 2023/628/2 2024/632/2
f 2016/633/2 2017/627/2 2024/632/2
f 1992/629/2 1994/630/2 1995/634/2
f 2015/635/2 2016/633/2 2024/632/2
f 2015/635/2 2024/632/2 2025/636/2
f 1992/629/2 1995/634/2 1996/637/2
f 1991/638/2 1992/629/2 1996/637/2
f 2014/639/2 2015/635/2 2025/636/2
f 2014/639/2 2025/636/2 2026/640/2
f 1991/638/2 1996/637/2 1997/641/2
f 2013/642/2 2014/639/2 2026/640/2
f 2013/642/2 2026/640/2 2027/643/2
f 1991/638/2 1997/641/2 1998/644/2
f 1990/645/2 1991/638/2 1998/644/2
f 2012/646/2 2013/642/2 2027/643/2
f 2012/646/2 2027/643/2 2028/647/2
f 1989/648/2 1990/645/2 1998/644/2
f 1989/648/2 1998/644/2 1999/649/2
f 2011/650/2 2012/646/2 2028/647/2
f 2011/650/2 2028/647/2 2029/651/2
f 1988/652/2 1989/648/2 1999/649/2
f 1988/652/2 1999/649/2 2000/653/2
f 2010/654/2 2011/650/2 2029/651/2
f 2010/654/2 2029/651/2 2030/655/2
f 1987/656/2 1988/652/2 2000/653/2
f 1987/656/2 2000/653/2 2001/657/2
f 2009/658/2 2010/654/2 2030/655/2
f 2009/658/2 2030/655/2 2031/659/2
f 1986/660/2 1987/656/2 2001/657/2
f 2081/77/2 2032/662/2 2033/661/2
f 1986/660/2 2001/657/2 2002/663/2
f 2008/664/2 2009/658/2 2031/659/2
f 1985/665/2 1986/660/2 2002/663/2
f 1985/665/2 2002/663/2 2003/666/2
f 2008/664/2 2031/659/2 2007/667/2
f 2007/667/2 2031/659/2 2006/668/2
f 1984/669/2 1985/665/2 2003/666/2
f 1984/669/2 2003/666/2 2004/670/2
f 2081/77/2 2033/661/2 2034/671/2
f 2080/672/2 2081/77/2 2034/671/2
f 1983/673/2 1984/669/2 2004/670/2
f 1983/673/2 2004/670/2 2005/674/2
f 1982/675/2 1983/673/2 2005/674/2
f 2080/672/2 2034/671/2 2035/676/2
f 1982/675/2 2005/674/2 1981/677/2
f 1981/677/2 2005/674/2 1980/678/2
f 2079/679/2 2080/672/2 2035/676/2
f 2079/679/2 2035/676/2 2036/680/2
f 2078/681/2 2079/679/2 2036/680/2
f 2078/681/2 2036/680/2 2037/682/2
f 2077/683/2 2078/681/2 2037/682/2
f 2077/683/2 2037/682/2 2038/684/2
f 2076/685/2 2077/683/2 2038/684/2
f 2076/685/2 2038/684/2 2039/686/2
f 2075/687/2 2076/685/2 2039/686/2
f 2075/687/2 2039/686/2 2040/688/2
f 2074/689/2 2075/687/2 2040/688/2
f 2074/689/2 2040/688/2 2041/690/2
f 2073/691/2 2074/689/2 2041/690/2
f 2073/691/2 2041/690/2 2042/692/2
f 2072/693/2 2073/691/2 2042/692/2
f 2072/693/2 2042/692/2 2043/694/2
f 2071/695/2 2072/693/2 2043/694/2
f 2071/695/2 2043/694/2 2044/696/2
f 2070/697/2 2071/695/2 2044/696/2
f 2070/697/2 2044/696/2 2045/698/2
f 2069/699/2 2070/697/2 2045/698/2
f 2069/699/2 2045/698/2 2046/700/2
f 2068/701/2 2069/699/2 2046/700/2
f 2068/701/2 2046/700/2 2047/702/2
f 2067/703/2 2068/701/2 2047/702/2
f 2067/703/2 2047/702/2 2048/704/2
f 2066/705/2 2067/703/2 2048/704/2
f 2066/705/2 2048/704/2 2049/706/2
f 2065/707/2 2066/705/2 2049/706/2
f 2065/707/2 2049/706/2 2050/708/2
f 2064/709/2 2065/707/2 2050/708/2
f 2064/709/2 2050/708/2 2051/710/2
f 2063/711/2 2064/709/2 2051/710/2
f 2063/711/2 2051/710/2 2052/712/2
f 2062/713/2 2063/711/2 2052/712/2
f 2062/713/2 2052/712/2 2053/714/2
f 2061/715/2 2062/713/2 2053/714/2
f 2061/715/2 2053/714/2 2054/716/2
f 2060/717/2 2061/715/2 2054/716/2
f 2060/717/2 2054/716/2 2055/718/2
f 2059/719/2 2060/717/2 2055/718/2
f 2059/719/2 2055/718/2 2056/720/2
f 2058/721/2 2059/719/2 2056/720/2
f 2057/722/2 2058/721/2 2056/720/2
f 1978/723/2 1979/724/2 1918/82/2
f 1978/723/2 1918/82/2 1919/725/2
f 1978/723/2 1919/725/2 1920/726/2
f 1977/727/2 1978/723/2 1920/726/2
f 1977/727/2 1920/726/2 1921/728/2
f 1977/727/2 1921/728/2 1922/729/2
f 1977/727/2 1922/729/2 1923/730/2
f 1977/727/2 1923/730/2 1924/731/2
f 1977/727/2 1924/731/2 1925/732/2
f 1976/733/2 1977/727/2 1925/732/2
f 1976/733/2 1925/732/2 1926/734/2
f 1976/733/2 1926/734/2 1927/735/2
f 1976/733/2 1927/735/2 1928/736/2
f 1976/733/2 1928/736/2 1929/737/2
f 1976/733/2 1929/737/2 1930/738/2
f 1975/739/2 1976/733/2 1930/738/2
f 1975/739/2 1930/738/2 1931/740/2
f 1975/739/2 1931/740/2 1932/741/2
f 1974/742/2 1975/739/2 1932/741/2
f 1974/742/2 1932/741/2 1933/743/2
f 1974/742/2 1933/743/2 1934/744/2
f 1973/745/2 1974/742/2 1934/744/2
f 1973/745/2 1934/744/2 1935/746/2
f 1972/747/2 1973/745/2 1935/746/2
f 1972/747/2 1935/746/2 1936/748/2
f 1971/749/2 1972/747/2 1936/748/2
f 1971/749/2 1936/748/2 1937/750/2
f 1970/751/2 1971/749/2 1937/750/2
f 1970/751/2 1937/750/2 1938/752/2
f 1969/753/2 1970/751/2 1938/752/2
f 1969/753/2 1938/752/2 1939/754/2
f 1968/755/2 1969/753/2 1939/754/2
f 1968/755/2 1939/754/2 1940/756/2
f 1967/757/2 1968/755/2 1940/756/2
f 1967/757/2 1940/756/2 1941/758/2
f 1966/759/2 1967/757/2 1941/758/2
f 1966/759/2 1941/758/2 1942/760/2
f 1965/761/2 1966/759/2 1942/760/2
f 1965/761/2 1942/760/2 1943/762/2
f 1964/763/2 1965/761/2 1943/762/2
f 1964/763/2 1943/762/2 1944/764/2
f 1963/765/2 1964/763/2 1944/764/2
f 1963/765/2 1944/764/2 1945/766/2
f 1962/767/2 1963/765/2 1945/766/2
f 1962/767/2 1945/766/2 1946/768/2
f 1961/769/2 1962/767/2 1946/768/2
f 1960/770/2 1961/769/2 1946/768/2
f 1960/770/2 1946/768/2 1947/771/2
f 1959/772/2 1960/770/2 1947/771/2
f 1959/772/2 1947/771/2 1948/773/2
f 1958/774/2 1959/772/2 1948/773/2
f 1958/774/2 1948/773/2 1949/775/2
f 1957/776/2 1958/774/2 1949/775/2
f 1957/776/2 1949/775/2 1950/777/2
f 1956/778/2 1957/776/2 1950/777/2
f 1956/778/2 1950/777/2 1951/779/2
f 1955/780/2 1956/778/2 1951/779/2
f 1955/780/2 1951/779/2 1952/781/2
f 1955/780/2 1952/781/2 1953/782/2
f 1954/783/2 1955/780/2 1953/782/2
f 2094/180/2 2095/182/2 2096/181/2
f 2094/180/2 2096/181/2 2097/183/2
f 2094/180/2 2097/183/2 2098/184/2
f 2094/180/2 2098/184/2 2099/185/2
f 2094/180/2 2099/185/2 2100/186/2
f 2093/187/2 2094/180/2 2100/186/2
f 2093/187/2 2100/186/2 2101/188/2
f 2092/189/2 2093/187/2 2101/188/2
f 2092/189/2 2101/188/2 2102/190/2
f 2091/191/2 2092/189/2 2102/190/2
f 2091/191/2 2102/190/2 2103/192/2
f 2090/193/2 2091/191/2 2103/192/2
f 2090/193/2 2103/192/2 2104/194/2
f 2089/195/2 2090/193/2 2104/194/2
f 2118/196/2 2119/198/2 2120/197/2
f 2089/195/2 2104/194/2 2105/199/2
f 2088/200/2 2089/195/2 2105/199/2
f 2088/200/2 2105/199/2 2106/201/2
f 2087/202/2 2088/200/2 2106/201/2
f 2117/203/2 2118/196/2 2120/197/2
f 2087/202/2 2106/201/2 2107/204/2
f 2086/205/2 2087/202/2 2107/204/2
f 2086/205/2 2107/204/2 2085/206/2
f 2085/206/2 2107/204/2 2084/207/2
f 2084/207/2 2107/204/2 2083/208/2
f 2083/208/2 2107/204/2 2082/82/2
f 2116/209/2 2117/203/2 2120/197/2
f 2116/209/2 2120/197/2 2121/210/2
f 2115/211/2 2116/209/2 2121/210/2
f 2115/211/2 2121/210/2 2122/212/2
f 2114/213/2 2115/211/2 2122/212/2
f 2114/213/2 2122/212/2 2123/214/2
f 2113/215/2 2114/213/2 2123/214/2
f 2113/215/2 2123/214/2 2124/216/2
f 2112/217/2 2113/215/2 2124/216/2
f 2112/217/2 2124/216/2 2125/218/2
f 2111/219/2 2112/217/2 2125/218/2
f 2110/220/2 2111/219/2 2125/218/2
f 2110/220/2 2125/218/2 2126/221/2
f 2109/222/2 2110/220/2 2126/221/2
f 2109/222/2 2126/221/2 2127/223/2
f 2108/224/2 2109/222/2 2127/223/2
f 2108/224/2 2127/223/2 2128/225/2
f 2157/77/2 2108/224/2 2128/225/2
f 2157/77/2 2128/225/2 2129/226/2
f 2156/227/2 2157/77/2 2129/226/2
f 2156/227/2 2129/226/2 2130/228/2
f 2155/229/2 2156/227/2 2130/228/2
f 2154/230/2 2155/229/2 2130/228/2
f 2154/230/2 2130/228/2 2131/231/2
f 2153/232/2 2154/230/2 2131/231/2
f 2152/233/2 2153/232/2 2131/231/2
f 2152/233/2 2131/231/2 2132/234/2
f 2151/235/2 2152/233/2 2132/234/2
f 2150/236/2 2151/235/2 2132/234/2
f 2150/236/2 2132/234/2 2133/237/2
f 2149/238/2 2150/236/2 2133/237/2
f 2149/238/2 2133/237/2 2134/239/2
f 2148/240/2 2149/238/2 2134/239/2
f 2147/241/2 2148/240/2 2134/239/2
f 2147/241/2 2134/239/2 2135/242/2
f 2146/243/2 2147/241/2 2135/242/2
f 2146/243/2 2135/242/2 2136/244/2
f 2145/245/2 2146/243/2 2136/244/2
f 2144/246/2 2145/245/2 2136/244/2
f 2144/246/2 2136/244/2 2137/247/2
f 2144/246/2 2137/247/2 2138/248/2
f 2144/246/2 2138/248/2 2139/249/2
f 2144/246/2 2139/249/2 2140/250/2
f 2144/246/2 2140/250/2 2141/251/2
f 2144/246/2 2141/251/2 2142/252/2
f 2144/246/2 2142/252/2 2143/253/2
f 2180/784/2 2181/786/2 2182/785/2
f 2218/787/2 2219/789/2 2220/788/2
f 2218/787/2 2220/788/2 2221/790/2
f 2179/791/2 2180/784/2 2182/785/2
f 2218/787/2 2221/790/2 2222/792/2
f 2178/793/2 2179/791/2 2182/785/2
f 2218/787/2 2222/792/2 2223/794/2
f 2177/795/2 2178/793/2 2182/785/2
f 2218/787/2 2223/794/2 2224/796/2
f 2176/797/2 2177/795/2 2182/785/2
f 2218/787/2 2224/796/2 2225/798/2
f 2175/799/2 2176/797/2 2182/785/2
f 2218/787/2 2225/798/2 2226/800/2
f 2174/801/2 2175/799/2 2182/785/2
f 2218/787/2 2226/800/2 2227/802/2
f 2173/803/2 2174/801/2 2182/785/2
f 2218/787/2 2227/802/2 2228/804/2
f 2172/805/2 2173/803/2 2182/785/2
f 2218/787/2 2228/804/2 2229/806/2
f 2171/807/2 2172/805/2 2182/785/2
f 2218/787/2 2229/806/2 2230/808/2
f 2170/809/2 2171/807/2 2182/785/2
f 2218/787/2 2230/808/2 2231/77/2
f 2169/810/2 2170/809/2 2182/785/2
f 2218/787/2 2231/77/2 2158/82/2
f 2218/787/2 2158/82/2 2159/811/2
f 2218/787/2 2159/811/2 2160/812/2
f 2218/787/2 2160/812/2 2161/813/2
f 2218/787/2 2161/813/2 2162/814/2
f 2218/787/2 2162/814/2 2163/815/2
f 2218/787/2 2163/815/2 2164/816/2
f 2218/787/2 2164/816/2 2165/817/2
f 2218/787/2 2165/817/2 2166/818/2
f 2218/787/2 2166/818/2 2167/819/2
f 2218/787/2 2167/819/2 2168/820/2
f 2218/787/2 2168/820/2 2169/810/2
f 2218/787/2 2169/810/2 2217/821/2
f 2217/821/2 2169/810/2 2216/822/2
f 2216/822/2 2169/810/2 2215/823/2
f 2215/823/2 2169/810/2 2214/824/2
f 2214/824/2 2169/810/2 2213/825/2
f 2213/825/2 2169/810/2 2212/826/2
f 2212/826/2 2169/810/2 2211/827/2
f 2211/827/2 2169/810/2 2210/828/2
f 2210/828/2 2169/810/2 2209/829/2
f 2209/829/2 2169/810/2 2208/830/2
f 2208/830/2 2169/810/2 2207/831/2
f 2207/831/2 2169/810/2 2206/832/2
f 2206/832/2 2169/810/2 2205/833/2
f 2205/833/2 2169/810/2 2204/834/2
f 2204/834/2 2169/810/2 2203/835/2
f 2203/835/2 2169/810/2 2201/836/2
f 2201/836/2 2169/810/2 2198/837/2
f 2198/837/2 2169/810/2 2195/838/2
f 2195/838/2 2169/810/2 2194/839/2
f 2194/839/2 2169/810/2 2193/840/2
f 2193/840/2 2169/810/2 2192/841/2
f 2192/841/2 2169/810/2 2191/842/2
f 2191/842/2 2169/810/2 2190/843/2
f 2190/843/2 2169/810/2 2189/844/2
f 2189/844/2 2169/810/2 2188/845/2
f 2188/845/2 2169/810/2 2187/846/2
f 2187/846/2 2169/810/2 2182/785/2
f 2202/847/1 2203/835/1 2201/836/1
f 2200/848/1 2201/836/1 2198/837/1
f 2199/849/1 2200/848/1 2198/837/1
f 2197/850/1 2198/837/1 2195/838/1
f 2196/851/2 2197/850/2 2195/838/2
f 2186/852/2 2187/846/2 2182/785/2
f 2185/853/2 2186/852/2 2182/785/2
f 2184/854/2 2185/853/2 2182/785/2
f 2183/855/2 2184/854/2 2182/785/2
f 2328/856/2 2329/858/2 2330/857/2
f 2328/856/2 2330/857/2 2331/859/2
f 2328/856/2 2331/859/2 2332/860/2
f 2327/861/2 2328/856/2 2332/860/2
f 2327/861/2 2332/860/2 2333/862/2
f 2326/863/2 2327/861/2 2333/862/2
f 2326/863/2 2333/862/2 2334/864/2
f 2325/865/2 2326/863/2 2334/864/2
f 2325/865/2 2334/864/2 2335/866/2
f 2324/867/2 2325/865/2 2335/866/2
f 2324/867/2 2335/866/2 2336/868/2
f 2323/869/2 2324/867/2 2336/868/2
f 2323/869/2 2336/868/2 2337/870/2
f 2322/871/2 2323/869/2 2337/870/2
f 2322/871/2 2337/870/2 2338/872/2
f 2321/873/2 2322/871/2 2338/872/2
f 2321/873/2 2338/872/2 2339/874/2
f 2320/875/2 2321/873/2 2339/874/2
f 2320/875/2 2339/874/2 2340/876/2
f 2319/877/2 2320/875/2 2340/876/2
f 2319/877/2 2340/876/2 2341/878/2
f 2318/155/2 2319/877/2 2341/878/2
f 2318/155/2 2341/878/2 2342/879/2
f 2317/880/2 2318/155/2 2342/879/2
f 2317/880/2 2342/879/2 2343/881/2
f 2316/882/2 2317/880/2 2343/881/2
f 2316/882/2 2343/881/2 2344/883/2
f 2315/884/2 2316/882/2 2344/883/2
f 2315/884/2 2344/883/2 2345/885/2
f 2314/886/2 2315/884/2 2345/885/2
f 2314/886/2 2345/885/2 2346/887/2
f 2313/888/2 2314/886/2 2346/887/2
f 2313/888/2 2346/887/2 2347/889/2
f 2312/890/2 2313/888/2 2347/889/2
f 2312/890/2 2347/889/2 2348/891/2
f 2311/892/2 2312/890/2 2348/891/2
f 2311/892/2 2348/891/2 2349/893/2
f 2310/894/2 2311/892/2 2349/893/2
f 2365/895/2 2366/897/2 2367/896/2
f 2364/898/2 2365/895/2 2367/896/2
f 2310/894/2 2349/893/2 2350/899/2
f 2309/900/2 2310/894/2 2350/899/2
f 2363/901/2 2364/898/2 2367/896/2
f 2363/901/2 2367/896/2 2368/902/2
f 2362/903/2 2363/901/2 2368/902/2
f 2309/900/2 2350/899/2 2351/904/2
f 2361/299/2 2362/903/2 2368/902/2
f 2361/299/2 2368/902/2 2369/905/2
f 2308/906/2 2309/900/2 2351/904/2
f 2360/907/2 2361/299/2 2369/905/2
f 2360/907/2 2369/905/2 2370/908/2
f 2359/909/2 2360/907/2 2370/908/2
f 2308/906/2 2351/904/2 2352/910/2
f 2359/909/2 2370/908/2 2371/911/2
f 2358/912/2 2359/909/2 2371/911/2
f 2307/913/2 2308/906/2 2352/910/2
f 2357/914/2 2358/912/2 2371/911/2
f 2357/914/2 2371/911/2 2372/915/2
f 2307/913/2 2352/910/2 2353/916/2
f 2356/917/2 2357/914/2 2372/915/2
f 2306/918/2 2307/913/2 2353/916/2
f 2356/917/2 2372/915/2 2373/919/2
f 2355/920/2 2356/917/2 2373/919/2
f 2354/921/2 2355/920/2 2373/919/2
f 2306/918/2 2353/916/2 2354/921/2
f 2306/918/2 2354/921/2 2373/919/2
f 2306/918/2 2373/919/2 2374/922/2
f 2404/77/2 2306/918/2 2374/922/2
f 2404/77/2 2374/922/2 2375/923/2
f 2403/924/2 2404/77/2 2375/923/2
f 2402/925/2 2403/924/2 2375/923/2
f 2401/926/2 2402/925/2 2375/923/2
f 2401/926/2 2375/923/2 2376/927/2
f 2400/928/2 2401/926/2 2376/927/2
f 2399/929/2 2400/928/2 2376/927/2
f 2398/930/2 2399/929/2 2376/927/2
f 2397/931/2 2398/930/2 2376/927/2
f 2396/932/2 2397/931/2 2376/927/2
f 2396/932/2 2376/927/2 2377/933/2
f 2395/934/2 2396/932/2 2377/933/2
f 2394/935/2 2395/934/2 2377/933/2
f 2393/936/2 2394/935/2 2377/933/2
f 2392/937/2 2393/936/2 2377/933/2
f 2392/937/2 2377/933/2 2378/938/2
f 2391/939/2 2392/937/2 2390/940/2
f 2390/940/2 2392/937/2 2389/941/2
f 2389/941/2 2392/937/2 2388/942/2
f 2388/942/2 2392/937/2 2387/943/2
f 2387/943/2 2392/937/2 2386/944/2
f 2386/944/2 2392/937/2 2385/945/2
f 2385/945/2 2392/937/2 2384/946/2
f 2384/946/2 2392/937/2 2383/947/2
f 2383/947/2 2392/937/2 2382/948/2
f 2382/948/2 2392/937/2 2381/949/2
f 2381/949/2 2392/937/2 2380/950/2
f 2380/950/2 2392/937/2 2379/951/2
f 2379/951/2 2392/937/2 2378/938/2
f 2254/952/2 2255/954/2 2256/953/2
f 2254/952/2 2256/953/2 2257/955/2
f 2254/952/2 2257/955/2 2258/956/2
f 2253/957/2 2254/952/2 2258/956/2
f 2253/957/2 2258/956/2 2259/958/2
f 2252/959/2 2253/957/2 2259/958/2
f 2252/959/2 2259/958/2 2260/960/2
f 2251/961/2 2252/959/2 2260/960/2
f 2251/961/2 2260/960/2 2261/962/2
f 2250/963/2 2251/961/2 2261/962/2
f 2250/963/2 2261/962/2 2262/964/2
f 2249/965/2 2250/963/2 2262/964/2
f 2249/965/2 2262/964/2 2263/966/2
f 2248/967/2 2249/965/2 2263/966/2
f 2248/967/2 2263/966/2 2264/968/2
f 2247/969/2 2248/967/2 2264/968/2
f 2247/969/2 2264/968/2 2265/970/2
f 2246/971/2 2247/969/2 2265/970/2
f 2246/971/2 2265/970/2 2266/972/2
f 2245/973/2 2246/971/2 2266/972/2
f 2245/973/2 2266/972/2 2267/974/2
f 2244/975/2 2245/973/2 2267/974/2
f 2244/975/2 2267/974/2 2268/976/2
f 2243/977/2 2244/975/2 2268/976/2
f 2243/977/2 2268/976/2 2269/978/2
f 2242/979/2 2243/977/2 2269/978/2
f 2242/979/2 2269/978/2 2270/980/2
f 2241/981/2 2242/979/2 2270/980/2
f 2240/982/2 2241/981/2 2270/980/2
f 2240/982/2 2270/980/2 2271/983/2
f 2239/984/2 2240/982/2 2271/983/2
f 2239/984/2 2271/983/2 2272/985/2
f 2238/986/2 2239/984/2 2272/985/2
f 2238/986/2 2272/985/2 2273/987/2
f 2237/988/2 2238/986/2 2273/987/2
f 2237/988/2 2273/987/2 2274/989/2
f 2236/990/2 2237/988/2 2274/989/2
f 2236/990/2 2274/989/2 2275/272/2
f 2235/991/2 2236/990/2 2275/272/2
f 2235/991/2 2275/272/2 2276/992/2
f 2234/993/2 2235/991/2 2276/992/2
f 2234/993/2 2276/992/2 2277/994/2
f 2233/995/2 2234/993/2 2277/994/2
f 2233/995/2 2277/994/2 2278/996/2
f 2232/82/2 2233/995/2 2278/996/2
f 2232/82/2 2278/996/2 2279/997/2
f 2305/998/2 2232/82/2 2279/997/2
f 2305/998/2 2279/997/2 2280/999/2
f 2304/1000/2 2305/998/2 2280/999/2
f 2303/1001/2 2304/1000/2 2280/999/2
f 2303/1001/2 2280/999/2 2281/1002/2
f 2302/1003/2 2303/1001/2 2281/1002/2
f 2302/1003/2 2281/1002/2 2282/1004/2
f 2301/1005/2 2302/1003/2 2282/1004/2
f 2301/1005/2 2282/1004/2 2283/1006/2
f 2300/1007/2 2301/1005/2 2283/1006/2
f 2300/1007/2 2283/1006/2 2284/1008/2
f 2299/1009/2 2300/1007/2 2284/1008/2
f 2299/1009/2 2284/1008/2 2285/1010/2
f 2298/1011/2 2299/1009/2 2285/1010/2
f 2297/1012/2 2298/1011/2 2285/1010/2
f 2297/1012/2 2285/1010/2 2286/1013/2
f 2296/1014/2 2297/1012/2 2286/1013/2
f 2296/1014/2 2286/1013/2 2287/1015/2
f 2295/1016/2 2296/1014/2 2287/1015/2
f 2295/1016/2 2287/1015/2 2288/1017/2
f 2294/1018/2 2295/1016/2 2288/1017/2
f 2293/1019/2 2294/1018/2 2288/1017/2
f 2293/1019/2 2288/1017/2 2289/1020/2
f 2293/1019/2 2289/1020/2 2290/1021/2
f 2292/1022/2 2293/1019/2 2290/1021/2
f 2292/1022/2 2290/1021/2 2291/1023/2
f 2505/622/2 2506/624/2 2507/623/2
f 2505/622/2 2507/623/2 2508/625/2
f 2505/622/2 2508/625/2 2509/626/2
f 2504/627/2 2505/622/2 2509/626/2
f 2504/627/2 2509/626/2 2510/628/2
f 2479/629/2 2480/631/2 2481/630/2
f 2504/627/2 2510/628/2 2511/632/2
f 2503/633/2 2504/627/2 2511/632/2
f 2479/629/2 2481/630/2 2482/634/2
f 2502/635/2 2503/633/2 2511/632/2
f 2502/635/2 2511/632/2 2512/636/2
f 2479/629/2 2482/634/2 2483/637/2
f 2478/638/2 2479/629/2 2483/637/2
f 2501/639/2 2502/635/2 2512/636/2
f 2501/639/2 2512/636/2 2513/640/2
f 2478/638/2 2483/637/2 2484/641/2
f 2500/642/2 2501/639/2 2513/640/2
f 2500/642/2 2513/640/2 2514/643/2
f 2478/638/2 2484/641/2 2485/644/2
f 2477/645/2 2478/638/2 2485/644/2
f 2499/646/2 2500/642/2 2514/643/2
f 2499/646/2 2514/643/2 2515/647/2
f 2476/648/2 2477/645/2 2485/644/2
f 2476/648/2 2485/644/2 2486/649/2
f 2498/650/2 2499/646/2 2515/647/2
f 2498/650/2 2515/647/2 2516/651/2
f 2475/652/2 2476/648/2 2486/649/2
f 2475/652/2 2486/649/2 2487/653/2
f 2497/654/2 2498/650/2 2516/651/2
f 2497/654/2 2516/651/2 2517/655/2
f 2474/656/2 2475/652/2 2487/653/2
f 2474/656/2 2487/653/2 2488/657/2
f 2496/658/2 2497/654/2 2517/655/2
f 2496/658/2 2517/655/2 2518/659/2
f 2473/660/2 2474/656/2 2488/657/2
f 2568/77/2 2519/662/2 2520/661/2
f 2473/660/2 2488/657/2 2489/663/2
f 2495/664/2 2496/658/2 2518/659/2
f 2472/665/2 2473/660/2 2489/663/2
f 2472/665/2 2489/663/2 2490/666/2
f 2495/664/2 2518/659/2 2494/667/2
f 2494/667/2 2518/659/2 2493/668/2
f 2471/669/2 2472/665/2 2490/666/2
f 2471/669/2 2490/666/2 2491/670/2
f 2568/77/2 2520/661/2 2521/671/2
f 2567/672/2 2568/77/2 2521/671/2
f 2470/673/2 2471/669/2 2491/670/2
f 2470/673/2 2491/670/2 2492/674/2
f 2469/675/2 2470/673/2 2492/674/2
f 2567/672/2 2521/671/2 2522/676/2
f 2469/675/2 2492/674/2 2468/677/2
f 2468/677/2 2492/674/2 2467/678/2
f 2566/679/2 2567/672/2 2522/676/2
f 2566/679/2 2522/676/2 2523/680/2
f 2565/681/2 2566/679/2 2523/680/2
f 2565/681/2 2523/680/2 2524/682/2
f 2564/683/2 2565/681/2 2524/682/2
f 2564/683/2 2524/682/2 2525/684/2
f 2563/685/2 2564/683/2 2525/684/2
f 2563/685/2 2525/684/2 2526/686/2
f 2562/687/2 2563/685/2 2526/686/2
f 2562/687/2 2526/686/2 2527/688/2
f 2561/689/2 2562/687/2 2527/688/2
f 2561/689/2 2527/688/2 2528/690/2
f 2560/691/2 2561/689/2 2528/690/2
f 2560/691/2 2528/690/2 2529/692/2
f 2559/693/2 2560/691/2 2529/692/2
f 2559/693/2 2529/692/2 2530/694/2
f 2558/695/2 2559/693/2 2530/694/2
f 2558/695/2 2530/694/2 2531/696/2
f 2557/697/2 2558/695/2 2531/696/2
f 2557/697/2 2531/696/2 2532/698/2
f 2556/699/2 2557/697/2 2532/698/2
f 2556/699/2 2532/698/2 2533/700/2
f 2555/701/2 2556/699/2 2533/700/2
f 2555/701/2 2533/700/2 2534/702/2
f 2554/703/2 2555/701/2 2534/702/2
f 2554/703/2 2534/702/2 2535/704/2
f 2553/705/2 2554/703/2 2535/704/2
f 2553/705/2 2535/704/2 2536/706/2
f 2552/707/2 2553/705/2 2536/706/2
f 2552/707/2 2536/706/2 2537/708/2
f 2551/709/2 2552/707/2 2537/708/2
f 2551/709/2 2537/708/2 2538/710/2
f 2550/711/2 2551/709/2 2538/710/2
f 2550/711/2 2538/710/2 2539/712/2
f 2549/713/2 2550/711/2 2539/712/2
f 2549/713/2 2539/712/2 2540/714/2
f 2548/715/2 2549/713/2 2540/714/2
f 2548/715/2 2540/714/2 2541/716/2
f 2547/717/2 2548/715/2 2541/716/2
f 2547/717/2 2541/716/2 2542/718/2
f 2546/719/2 2547/717/2 2542/718/2
f 2546/719/2 2542/718/2 2543/720/2
f 2545/721/2 2546/719/2 2543/720/2
f 2544/722/2 2545/721/2 2543/720/2
f 2465/723/2 2466/724/2 2405/82/2
f 2465/723/2 2405/82/2 2406/725/2
f 2465/723/2 2406/725/2 2407/726/2
f 2464/727/2 2465/723/2 2407/726/2
f 2464/727/2 2407/726/2 2408/728/2
f 2464/727/2 2408/728/2 2409/729/2
f 2464/727/2 2409/729/2 2410/730/2
f 2464/727/2 2410/730/2 2411/731/2
f 2464/727/2 2411/731/2 2412/732/2
f 2463/733/2 2464/727/2 2412/732/2
f 2463/733/2 2412/732/2 2413/734/2
f 2463/733/2 2413/734/2 2414/735/2
f 2463/733/2 2414/735/2 2415/736/2
f 2463/733/2 2415/736/2 2416/737/2
f 2463/733/2 2416/737/2 2417/738/2
f 2462/739/2 2463/733/2 2417/738/2
f 2462/739/2 2417/738/2 2418/740/2
f 2462/739/2 2418/740/2 2419/741/2
f 2461/742/2 2462/739/2 2419/741/2
f 2461/742/2 2419/741/2 2420/743/2
f 2461/742/2 2420/743/2 2421/744/2
f 2460/745/2 2461/742/2 2421/744/2
f 2460/745/2 2421/744/2 2422/746/2
f 2459/747/2 2460/745/2 2422/746/2
f 2459/747/2 2422/746/2 2423/748/2
f 2458/749/2 2459/747/2 2423/748/2
f 2458/749/2 2423/748/2 2424/750/2
f 2457/751/2 2458/749/2 2424/750/2
f 2457/751/2 2424/750/2 2425/752/2
f 2456/753/2 2457/751/2 2425/752/2
f 2456/753/2 2425/752/2 2426/754/2
f 2455/755/2 2456/753/2 2426/754/2
f 2455/755/2 2426/754/2 2427/756/2
f 2454/757/2 2455/755/2 2427/756/2
f 2454/757/2 2427/756/2 2428/758/2
f 2453/759/2 2454/757/2 2428/758/2
f 2453/759/2 2428/758/2 2429/760/2
f 2452/761/2 2453/759/2 2429/760/2
f 2452/761/2 2429/760/2 2430/762/2
f 2451/763/2 2452/761/2 2430/762/2
f 2451/763/2 2430/762/2 2431/764/2
f 2450/765/2 2451/763/2 2431/764/2
f 2450/765/2 2431/764/2 2432/766/2
f 2449/767/2 2450/765/2 2432/766/2
f 2449/767/2 2432/766/2 2433/768/2
f 2448/769/2 2449/767/2 2433/768/2
f 2447/770/2 2448/769/2 2433/768/2
f 2447/770/2 2433/768/2 2434/771/2
f 2446/772/2 2447/770/2 2434/771/2
f 2446/772/2 2434/771/2 2435/773/2
f 2445/774/2 2446/772/2 2435/773/2
f 2445/774/2 2435/773/2 2436/775/2
f 2444/776/2 2445/774/2 2436/775/2
f 2444/776/2 2436/775/2 2437/777/2
f 2443/778/2 2444/776/2 2437/777/2
f 2443/778/2 2437/777/2 2438/779/2
f 2442/780/2 2443/778/2 2438/779/2
f 2442/780/2 2438/779/2 2439/781/2
f 2442/780/2 2439/781/2 2440/782/2
f 2441/783/2 2442/780/2 2440/782/2
s 1
f 2570/1024/3 2572/1025/4 2571/1026/4 2569/82/3
f 2572/1025/4 2574/1027/5 2573/1028/5 2571/1026/4
f 2574/1027/5 2576/1029/6 2575/1030/6 2573/1028/5
f 2576/1029/6 2578/1031/7 2577/1032/7 2575/1030/6
f 2578/1031/7 2580/1033/8 2579/1034/8 2577/1032/7
f 2580/1033/8 2582/1035/9 2581/1036/9 2579/1034/8
f 2582/1035/9 2584/1037/10 2583/1038/10 2581/1036/9
f 2584/1037/10 2586/1039/11 2585/1040/11 2583/1038/10
f 2586/1039/11 2588/1041/12 2587/1042/12 2585/1040/11
f 2588/1041/12 2590/1043/13 2589/1044/13 2587/1042/12
f 2590/1043/13 2592/1045/14 2591/1046/14 2589/1044/13
f 2592/1045/14 2594/1047/15 2593/1048/15 2591/1046/14
f 2594/1047/15 2596/1049/16 2595/155/16 2593/1048/15
f 2596/1049/16 2598/1050/17 2597/1051/17 2595/155/16
f 2598/1050/17 2600/1052/18 2599/1053/18 2597/1051/17
f 2600/1052/18 2602/1054/19 2601/1055/19 2599/1053/18
f 2602/1054/19 2604/1056/20 2603/1057/20 2601/1055/19
f 2604/1056/20 2606/1058/21 2605/1059/21 2603/1057/20
f 2606/1058/21 2608/1060/22 2607/1061/22 2605/1059/21
f 2608/1060/22 2610/1062/23 2609/1063/23 2607/1061/22
f 2610/1062/23 2612/1064/24 2611/1065/24 2609/1063/23
f 2612/1064/24 2614/1066/25 2613/1067/25 2611/1065/24
f 2614/1066/25 2616/1068/26 2615/1069/26 2613/1067/25
f 2616/1068/26 2618/1070/27 2617/1071/27 2615/1069/26
f 2618/1070/27 2620/1072/28 2619/1073/28 2617/1071/27
f 2620/1072/28 2570/1074/3 2569/77/3 2619/1073/28
f 2622/1024/29 2624/1025/30 2623/1026/30 2621/82/29
f 2624/1025/30 2626/1027/31 2625/1028/31 2623/1026/30
f 2626/1027/31 2628/1029/32 2627/1030/32 2625/1028/31
f 2628/1029/32 2630/1031/33 2629/1032/33 2627/1030/32
f 2630/1031/33 2632/1033/34 2631/1034/34 2629/1032/33
f 2632/1033/34 2634/1035/35 2633/1036/35 2631/1034/34
f 2634/1035/35 2636/1037/36 2635/1038/36 2633/1036/35
f 2636/1037/36 2638/1039/37 2637/1040/37 2635/1038/36
f 2638/1039/37 2640/1041/38 2639/1042/38 2637/1040/37
f 2640/1041/38 2642/1043/39 2641/1044/39 2639/1042/38
f 2642/1043/39 2644/1045/40 2643/1046/40 2641/1044/39
f 2644/1045/40 2646/1047/41 2645/1048/41 2643/1046/40
f 2646/1047/41 2648/1049/42 2647/155/42 2645/1048/41
f 2648/1049/42 2650/1050/43 2649/1051/43 2647/155/42
f 2650/1050/43 2652/1052/44 2651/1053/44 2649/1051/43
f 2652/1052/44 2654/1054/45 2653/1055/45 2651/1053/44
f 2654/1054/45 2656/1056/46 2655/1057/46 2653/1055/45
f 2656/1056/46 2658/1058/47 2657/1059/47 2655/1057/46
f 2658/1058/47 2660/1060/48 2659/1061/48 2657/1059/47
f 2660/1060/48 2662/1062/49 2661/1063/49 2659/1061/48
f 2662/1062/49 2664/1064/50 2663/1065/50 2661/1063/49
f 2664/1064/50 2666/1066/51 2665/1067/51 2663/1065/50
f 2666/1066/51 2668/1068/52 2667/1069/52 2665/1067/51
f 2668/1068/52 2670/1070/26 2669/1071/26 2667/1069/52
f 2670/1070/26 2672/1072/53 2671/1073/53 2669/1071/26
f 2672/1072/53 2622/1074/29 2621/77/29 2671/1073/53
f 2674/1024/54 2676/1075/55 2675/430/55 2673/82/54
f 2676/1075/55 2678/1076/56 2677/433/56 2675/430/55
f 2678/1076/56 2680/1077/57 2679/436/57 2677/433/56
f 2680/1077/57 2682/1078/58 2681/425/58 2679/436/57
f 2682/1078/58 2684/1079/59 2683/419/59 2681/425/58
f 2684/1079/59 2686/1080/60 2685/413/60 2683/419/59
f 2686/1080/60 2688/1081/61 2687/407/61 2685/413/60
f 2688/1081/61 2690/1082/62 2689/401/62 2687/407/61
f 2690/1082/62 2692/1083/63 2691/460/63 2689/401/62
f 2692/1083/63 2694/1084/64 2693/457/64 2691/460/63
f 2694/1084/64 2696/1085/65 2695/454/65 2693/457/64
f 2696/1085/65 2698/1086/66 2697/451/66 2695/454/65
f 2698/1086/66 2700/1087/67 2699/466/67 2697/451/66
f 2700/1087/67 2702/1088/68 2701/472/68 2699/466/67
f 2702/1088/68 2704/1089/69 2703/479/69 2701/472/68
f 2704/1089/69 2706/1090/70 2705/485/70 2703/479/69
f 2706/1090/70 2708/1091/71 2707/492/71 2705/485/70
f 2708/1091/71 2710/1092/72 2709/499/72 2707/492/71
f 2710/1092/72 2712/1093/73 2711/505/73 2709/499/72
f 2712/1093/73 2714/1094/74 2713/509/74 2711/505/73
f 2714/1094/74 2716/1095/75 2715/503/75 2713/509/74
f 2716/1095/75 2718/1096/76 2717/498/76 2715/503/75
f 2718/1096/76 2720/1097/77 2719/493/77 2717/498/76
f 2720/1097/77 2722/1098/78 2721/487/78 2719/493/77
f 2722/1098/78 2724/1099/79 2723/482/79 2721/487/78
f 2724/1099/79 2726/1100/80 2725/476/80 2723/482/79
f 2726/1100/80 2728/1101/81 2727/471/81 2725/476/80
f 2728/1101/81 2730/1102/82 2729/465/82 2727/471/81
f 2730/1102/82 2732/1103/83 2731/448/83 2729/465/82
f 2732/1103/83 2734/1104/84 2733/445/84 2731/448/83
f 2734/1104/84 2736/1049/85 2735/155/85 2733/445/84
f 2736/1049/85 2738/1105/86 2737/440/86 2735/155/85
f 2738/1105/86 2740/1106/87 2739/403/87 2737/440/86
f 2740/1106/87 2742/1107/88 2741/406/88 2739/403/87
f 2742/1107/88 2744/1108/89 2743/412/89 2741/406/88
f 2744/1108/89 2746/1109/90 2745/418/90 2743/412/89
f 2746/1109/90 2748/1110/91 2747/424/91 2745/418/90
f 2748/1110/91 2750/1111/92 2749/355/92 2747/424/91
f 2750/1111/92 2752/1112/93 2751/358/93 2749/355/92
f 2752/1112/93 2754/1113/94 2753/361/94 2751/358/93
f 2754/1113/94 2756/1114/95 2755/364/95 2753/361/94
f 2756/1114/95 2758/1115/96 2757/351/96 2755/364/95
f 2758/1115/96 2760/1116/97 2759/345/97 2757/351/96
f 2760/1116/97 2762/1117/98 2761/339/98 2759/345/97
f 2762/1117/98 2764/1118/99 2763/328/99 2761/339/98
f 2764/1118/99 2766/1119/100 2765/398/100 2763/328/99
f 2766/1119/100 2768/1120/101 2767/395/101 2765/398/100
f 2768/1120/101 2770/1121/102 2769/392/102 2767/395/101
f 2770/1121/102 2772/1122/103 2771/389/103 2769/392/102
f 2772/1122/103 2774/1123/104 2773/386/104 2771/389/103
f 2774/1123/104 2776/1124/105 2775/383/105 2773/386/104
f 2776/1124/105 2778/1125/106 2777/380/106 2775/383/105
f 2778/1125/106 2780/1126/107 2779/378/107 2777/380/106
f 2780/1126/107 2782/1127/108 2781/375/108 2779/378/107
f 2782/1127/108 2784/1128/109 2783/372/109 2781/375/108
f 2784/1128/109 2786/1129/110 2785/369/110 2783/372/109
f 2786/1129/110 2788/1130/111 2787/366/111 2785/369/110
f 2788/1130/111 2790/1131/112 2789/333/112 2787/366/111
f 2790/1131/112 2792/1132/113 2791/336/113 2789/333/112
f 2792/1132/113 2794/1133/114 2793/342/114 2791/336/113
f 2794/1133/114 2796/1134/115 2795/348/115 2793/342/114
f 2796/1134/115 2674/1074/54 2673/77/54 2795/348/115
f 2798/1024/116 2800/1135/117 2799/1136/117 2797/82/116
f 2800/1135/117 2802/1137/118 2801/206/118 2799/1136/117
f 2802/1137/118 2804/1138/119 2803/1139/119 2801/206/118
f 2804/1138/119 2806/1140/120 2805/200/120 2803/1139/119
f 2806/1140/120 2808/1141/121 2807/1142/121 2805/200/120
f 2808/1141/121 2810/1143/122 2809/191/122 2807/1142/121
f 2810/1143/122 2812/1144/123 2811/1145/123 2809/191/122
f 2812/1144/123 2814/1146/124 2813/180/124 2811/1145/123
f 2814/1146/124 2816/1147/125 2815/1148/125 2813/180/124
f 2816/1147/125 2818/1149/126 2817/183/126 2815/1148/125
f 2818/1149/126 2820/1150/127 2819/1151/127 2817/183/126
f 2820/1150/127 2822/1152/128 2821/186/128 2819/1151/127
f 2822/1152/128 2824/1153/129 2823/1154/129 2821/186/128
f 2824/1153/129 2826/1155/130 2825/192/130 2823/1154/129
f 2826/1155/130 2828/1156/131 2827/1157/131 2825/192/130
f 2828/1156/131 2830/1158/132 2829/201/132 2827/1157/131
f 2830/1158/132 2832/1159/133 2831/1160/133 2829/201/132
f 2832/1159/133 2834/1161/134 2833/222/134 2831/1160/133
f 2834/1161/134 2836/1162/135 2835/1163/135 2833/222/134
f 2836/1162/135 2838/1164/136 2837/217/136 2835/1163/135
f 2838/1164/136 2840/1165/137 2839/1166/137 2837/217/136
f 2840/1165/137 2842/1167/138 2841/211/138 2839/1166/137
f 2842/1167/138 2844/1168/139 2843/1169/139 2841/211/138
f 2844/1168/139 2846/1170/140 2845/196/140 2843/1169/139
f 2846/1170/140 2848/1049/141 2847/155/141 2845/196/140
f 2848/1049/141 2850/1171/142 2849/210/142 2847/155/141
f 2850/1171/142 2852/1172/143 2851/1173/143 2849/210/142
f 2852/1172/143 2854/1174/144 2853/216/144 2851/1173/143
f 2854/1174/144 2856/1175/145 2855/1176/145 2853/216/144
f 2856/1175/145 2858/1177/146 2857/223/146 2855/1176/145
f 2858/1177/146 2860/1178/147 2859/1179/147 2857/223/146
f 2860/1178/147 2862/1180/148 2861/228/148 2859/1179/147
f 2862/1180/148 2864/1181/149 2863/1182/149 2861/228/148
f 2864/1181/149 2866/1183/150 2865/237/150 2863/1182/149
f 2866/1183/150 2868/1184/151 2867/1185/151 2865/237/150
f 2868/1184/151 2870/1186/152 2869/244/152 2867/1185/151
f 2870/1186/152 2872/1187/153 2871/1188/153 2869/244/152
f 2872/1187/153 2874/1189/154 2873/249/154 2871/1188/153
f 2874/1189/154 2876/1190/155 2875/1191/155 2873/249/154
f 2876/1190/155 2878/1192/156 2877/252/156 2875/1191/155
f 2878/1192/156 2880/1193/157 2879/1194/157 2877/252/156
f 2880/1193/157 2882/1195/158 2881/245/158 2879/1194/157
f 2882/1195/158 2884/1196/159 2883/1197/159 2881/245/158
f 2884/1196/159 2886/1198/160 2885/240/160 2883/1197/159
f 2886/1198/160 2888/1199/161 2887/1200/161 2885/240/160
f 2888/1199/161 2890/1201/162 2889/235/162 2887/1200/161
f 2890/1201/162 2892/1202/163 2891/1203/163 2889/235/162
f 2892/1202/163 2894/1204/164 2893/230/164 2891/1203/163
f 2894/1204/164 2896/1205/165 2895/1206/165 2893/230/164
f 2896/1205/165 2798/1074/116 2797/77/116 2895/1206/165
f 2898/1024/166 2900/1207/166 2899/1208/166 2897/82/166
f 2900/1207/166 2902/1209/166 2901/1210/166 2899/1208/166
f 2902/1209/166 2904/1211/166 2903/1212/166 2901/1210/166
f 2904/1211/166 2906/1213/166 2905/1214/166 2903/1212/166
f 2906/1213/166 2908/1215/166 2907/1216/166 2905/1214/166
f 2908/1215/166 2910/1217/166 2909/1218/166 2907/1216/166
f 2910/1217/166 2912/1219/166 2911/1220/166 2909/1218/166
f 2912/1219/166 2914/1221/166 2913/1222/166 2911/1220/166
f 2914/1221/166 2916/1223/166 2915/1224/166 2913/1222/166
f 2916/1223/166 2918/1225/166 2917/1226/166 2915/1224/166
f 2918/1225/166 2920/1227/167 2919/1228/167 2917/1226/166
f 2920/1227/167 2922/1229/168 2921/1230/168 2919/1228/167
f 2922/1229/168 2924/1231/169 2923/1232/169 2921/1230/168
f 2924/1231/169 2926/1233/170 2925/1234/170 2923/1232/169
f 2926/1233/170 2928/1235/171 2927/1236/171 2925/1234/170
f 2928/1235/171 2930/1237/172 2929/1238/172 2927/1236/171
f 2930/1237/172 2932/1239/173 2931/1240/173 2929/1238/172
f 2932/1239/173 2934/1241/174 2933/1242/174 2931/1240/173
f 2934/1241/174 2936/1243/175 2935/1244/175 2933/1242/174
f 2936/1243/175 2938/1245/176 2937/1246/176 2935/1244/175
f 2938/1245/176 2940/1247/177 2939/1248/177 2937/1246/176
f 2940/1247/177 2942/1249/178 2941/1250/178 2939/1248/177
f 2942/1249/178 2944/1251/179 2943/1252/179 2941/1250/178
f 2944/1251/179 2946/1253/180 2945/1254/180 2943/1252/179
f 2946/1253/180 2948/1255/181 2947/1256/181 2945/1254/180
f 2948/1255/181 2950/1257/182 2949/1258/182 2947/1256/181
f 2950/1257/182 2952/1259/183 2951/1260/183 2949/1258/182
f 2952/1259/183 2954/1261/184 2953/1262/184 2951/1260/183
f 2954/1261/184 2956/1263/185 2955/1264/185 2953/1262/184
f 2956/1263/185 2958/1265/186 2957/1266/186 2955/1264/185
f 2958/1265/186 2960/1267/187 2959/1268/187 2957/1266/186
f 2960/1267/187 2962/1269/188 2961/1270/188 2959/1268/187
f 2962/1269/188 2964/1271/189 2963/204/189 2961/1270/188
f 2964/1271/189 2966/1272/190 2965/1273/190 2963/204/189
f 2966/1272/190 2968/1274/191 2967/1275/191 2965/1273/190
f 2968/1274/191 2970/1276/192 2969/1277/192 2967/1275/191
f 2970/1276/192 2972/1278/193 2971/1279/193 2969/1277/192
f 2972/1278/193 2974/1280/193 2973/1281/193 2971/1279/193
f 2974/1280/193 2976/1282/193 2975/1283/193 2973/1281/193
f 2976/1282/193 2978/1284/193 2977/1285/193 2975/1283/193
f 2978/1284/193 2980/1286/193 2979/1287/193 2977/1285/193
f 2980/1286/193 2982/1288/193 2981/1289/193 2979/1287/193
f 2982/1288/193 2984/1290/193 2983/1291/193 2981/1289/193
f 2984/1290/193 2986/1292/193 2985/1293/193 2983/1291/193
f 2986/1292/193 2988/1294/193 2987/1295/193 2985/1293/193
f 2988/1294/193 2990/1296/193 2989/1297/193 2987/1295/193
f 2990/1296/193 2992/1298/193 2991/1299/193 2989/1297/193
f 2992/1298/193 2994/1300/194 2993/1301/194 2991/1299/193
f 2994/1300/194 2996/1302/195 2995/1303/195 2993/1301/194
f 2996/1302/195 2998/1304/196 2997/1305/196 2995/1303/195
f 2998/1304/196 3000/1306/197 2999/1307/197 2997/1305/196
f 3000/1306/197 3002/1308/198 3001/1309/198 2999/1307/197
f 3002/1308/198 3004/1310/199 3003/1311/199 3001/1309/198
f 3004/1310/199 3006/1312/200 3005/1313/200 3003/1311/199
f 3006/1312/200 3008/1314/201 3007/1315/201 3005/1313/200
f 3008/1314/201 3010/1316/202 3009/1317/202 3007/1315/201
f 3010/1316/202 3012/1318/203 3011/1319/203 3009/1317/202
f 3012/1318/203 3014/1320/204 3013/1321/204 3011/1319/203
f 3014/1320/204 3016/1322/205 3015/1323/205 3013/1321/204
f 3016/1322/205 3018/1324/206 3017/1325/206 3015/1323/205
f 3018/1324/206 3020/1326/207 3019/1327/207 3017/1325/206
f 3020/1326/207 3022/1328/208 3021/1329/208 3019/1327/207
f 3022/1328/208 3024/1330/209 3023/1331/209 3021/1329/208
f 3024/1330/209 3026/1332/210 3025/1333/210 3023/1331/209
f 3026/1332/210 3028/1334/211 3027/1335/211 3025/1333/210
f 3028/1334/211 3030/1336/212 3029/234/212 3027/1335/211
f 3030/1336/212 3032/1337/213 3031/1338/213 3029/234/212
f 3032/1337/213 3034/1339/214 3033/1340/214 3031/1338/213
f 3034/1339/214 3036/1341/215 3035/1342/215 3033/1340/214
f 3036/1341/215 3038/1343/216 3037/1344/216 3035/1342/215
f 3038/1343/216 3040/1345/217 3039/1346/217 3037/1344/216
f 3040/1345/217 3042/1347/218 3041/1348/218 3039/1346/217
f 3042/1347/218 3044/1349/219 3043/1350/219 3041/1348/218
f 3044/1349/219 3046/1351/220 3045/1352/220 3043/1350/219
f 3046/1351/220 3048/1353/221 3047/1354/221 3045/1352/220
f 3048/1353/221 3050/1355/222 3049/1356/222 3047/1354/221
f 3050/1355/222 3052/1357/223 3051/1358/223 3049/1356/222
f 3052/1357/223 3054/1359/224 3053/1360/224 3051/1358/223
f 3054/1359/224 3056/1361/225 3055/1362/225 3053/1360/224
f 3056/1361/225 3058/1363/226 3057/1364/226 3055/1362/225
f 3058/1363/226 3060/1365/227 3059/1366/227 3057/1364/226
f 3060/1365/227 3062/1367/228 3061/1368/228 3059/1366/227
f 3062/1367/228 3064/1369/229 3063/1370/229 3061/1368/228
f 3064/1369/229 3066/1371/230 3065/1372/230 3063/1370/229
f 3066/1371/230 3068/1373/231 3067/1374/231 3065/1372/230
f 3068/1373/231 3070/1375/232 3069/1376/232 3067/1374/231
f 3070/1375/232 3072/1377/233 3071/1378/233 3069/1376/232
f 3072/1377/233 3074/1379/234 3073/1380/234 3071/1378/233
f 3074/1379/234 3076/1381/235 3075/1382/235 3073/1380/234
f 3076/1381/235 3078/1383/236 3077/1384/236 3075/1382/235
f 3078/1383/236 3080/1385/237 3079/1386/237 3077/1384/236
f 3080/1385/237 3082/1387/238 3081/1388/238 3079/1386/237
f 3082/1387/238 3084/1389/239 3083/1390/239 3081/1388/238
f 3084/1389/239 3086/1391/240 3085/1392/240 3083/1390/239
f 3086/1391/240 3088/1393/241 3087/1394/241 3085/1392/240
f 3088/1393/241 3090/1395/242 3089/1396/242 3087/1394/241
f 3090/1395/242 3092/1397/243 3091/1398/243 3089/1396/242
f 3092/1397/243 3094/1399/244 3093/1400/244 3091/1398/243
f 3094/1399/244 2898/1074/166 2897/77/166 3093/1400/244
f 3096/1024/245 3098/1401/246 3097/1402/246 3095/82/245
f 3098/1401/246 3100/1403/247 3099/1404/247 3097/1402/246
f 3100/1403/247 3102/1405/248 3101/1406/248 3099/1404/247
f 3102/1405/248 3104/1407/249 3103/1408/249 3101/1406/248
f 3104/1407/249 3106/1409/250 3105/1410/250 3103/1408/249
f 3106/1409/250 3108/1411/251 3107/1412/251 3105/1410/250
f 3108/1411/251 3110/1413/252 3109/1414/252 3107/1412/251
f 3110/1413/252 3112/1415/253 3111/1416/253 3109/1414/252
f 3112/1415/253 3114/1417/254 3113/1418/254 3111/1416/253
f 3114/1417/254 3116/1419/255 3115/1420/255 3113/1418/254
f 3116/1419/255 3118/1421/256 3117/1422/256 3115/1420/255
f 3118/1421/256 3120/1423/257 3119/1424/257 3117/1422/256
f 3120/1423/257 3122/1425/258 3121/1426/258 3119/1424/257
f 3122/1425/258 3124/1427/259 3123/1428/259 3121/1426/258
f 3124/1427/259 3126/1429/260 3125/1430/260 3123/1428/259
f 3126/1429/260 3128/1431/261 3127/1432/261 3125/1430/260
f 3128/1431/261 3130/1433/262 3129/1434/262 3127/1432/261
f 3130/1433/262 3132/1435/263 3131/1436/263 3129/1434/262
f 3132/1435/263 3134/1437/264 3133/1438/264 3131/1436/263
f 3134/1437/264 3136/1439/265 3135/1440/265 3133/1438/264
f 3136/1439/265 3138/1441/266 3137/1442/266 3135/1440/265
f 3138/1441/266 3140/1443/267 3139/1444/267 3137/1442/266
f 3140/1443/267 3142/1445/268 3141/1446/268 3139/1444/267
f 3142/1445/268 3144/1447/269 3143/1448/269 3141/1446/268
f 3144/1447/269 3146/1449/270 3145/1450/270 3143/1448/269
f 3146/1449/270 3148/1451/271 3147/1452/271 3145/1450/270
f 3148/1451/271 3150/1453/272 3149/1454/272 3147/1452/271
f 3150/1453/272 3152/1455/273 3151/1456/273 3149/1454/272
f 3152/1455/273 3154/1457/274 3153/1458/274 3151/1456/273
f 3154/1457/274 3156/1459/275 3155/1460/275 3153/1458/274
f 3156/1459/275 3158/1461/276 3157/1462/276 3155/1460/275
f 3158/1461/276 3160/1463/277 3159/1464/277 3157/1462/276
f 3160/1463/277 3162/1465/278 3161/1466/278 3159/1464/277
f 3162/1465/278 3164/1467/279 3163/1468/279 3161/1466/278
f 3164/1467/279 3166/1469/280 3165/1470/280 3163/1468/279
f 3166/1469/280 3168/1471/281 3167/1472/281 3165/1470/280
f 3168/1471/281 3170/1049/282 3169/155/282 3167/1472/281
f 3170/1049/282 3172/1473/283 3171/1474/283 3169/155/282
f 3172/1473/283 3174/1475/284 3173/1476/284 3171/1474/283
f 3174/1475/284 3176/1477/285 3175/1478/285 3173/1476/284
f 3176/1477/285 3178/1479/286 3177/1480/286 3175/1478/285
f 3178/1479/286 3180/1481/287 3179/1482/287 3177/1480/286
f 3180/1481/287 3182/1483/288 3181/1484/288 3179/1482/287
f 3182/1483/288 3184/1485/289 3183/1486/289 3181/1484/288
f 3184/1485/289 3186/1487/290 3185/1488/290 3183/1486/289
f 3186/1487/290 3188/1489/291 3187/1490/291 3185/1488/290
f 3188/1489/291 3190/1491/292 3189/1492/292 3187/1490/291
f 3190/1491/292 3192/1493/293 3191/1494/293 3189/1492/292
f 3192/1493/293 3194/1495/294 3193/1496/294 3191/1494/293
f 3194/1495/294 3196/1497/295 3195/1498/295 3193/1496/294
f 3196/1497/295 3198/1499/296 3197/1500/296 3195/1498/295
f 3198/1499/296 3200/1501/297 3199/1502/297 3197/1500/296
f 3200/1501/297 3202/1503/298 3201/1504/298 3199/1502/297
f 3202/1503/298 3204/1505/299 3203/1506/299 3201/1504/298
f 3204/1505/299 3206/1507/300 3205/1508/300 3203/1506/299
f 3206/1507/300 3208/1509/301 3207/1510/301 3205/1508/300
f 3208/1509/301 3210/1511/302 3209/1512/302 3207/1510/301
f 3210/1511/302 3212/1513/303 3211/1514/303 3209/1512/302
f 3212/1513/303 3214/1515/304 3213/1516/304 3211/1514/303
f 3214/1515/304 3216/1517/305 3215/1518/305 3213/1516/304
f 3216/1517/305 3218/1519/306 3217/1520/306 3215/1518/305
f 3218/1519/306 3220/1521/307 3219/1522/307 3217/1520/306
f 3220/1521/307 3222/1523/308 3221/1524/308 3219/1522/307
f 3222/1523/308 3224/1525/309 3223/1526/309 3221/1524/308
f 3224/1525/309 3226/1527/310 3225/1528/310 3223/1526/309
f 3226/1527/310 3228/1529/311 3227/1530/311 3225/1528/310
f 3228/1529/311 3230/1531/312 3229/1532/312 3227/1530/311
f 3230/1531/312 3232/1533/313 3231/1534/313 3229/1532/312
f 3232/1533/313 3234/1535/314 3233/1536/314 3231/1534/313
f 3234/1535/314 3236/1537/315 3235/1538/315 3233/1536/314
f 3236/1537/315 3238/1539/316 3237/1540/316 3235/1538/315
f 3238/1539/316 3240/1541/317 3239/1542/317 3237/1540/316
f 3240/1541/317 3242/1543/318 3241/1544/318 3239/1542/317
f 3242/1543/318 3096/1074/245 3095/77/245 3241/1544/318
f 3244/1024/319 3246/1401/319 3245/1402/319 3243/82/319
f 3246/1401/319 3248/1403/319 3247/1404/319 3245/1402/319
f 3248/1403/319 3250/1405/319 3249/1406/319 3247/1404/319
f 3250/1405/319 3252/1407/319 3251/1408/319 3249/1406/319
f 3252/1407/319 3254/1409/319 3253/1410/319 3251/1408/319
f 3254/1409/319 3256/1411/319 3255/1412/319 3253/1410/319
f 3256/1411/319 3258/1413/319 3257/1414/319 3255/1412/319
f 3258/1413/319 3260/1415/319 3259/1416/319 3257/1414/319
f 3260/1415/319 3262/1417/319 3261/1418/319 3259/1416/319
f 3262/1417/319 3264/1419/319 3263/1420/319 3261/1418/319
f 3264/1419/319 3266/1421/320 3265/1422/320 3263/1420/319
f 3266/1421/320 3268/1423/321 3267/1424/321 3265/1422/320
f 3268/1423/321 3270/1425/322 3269/1426/322 3267/1424/321
f 3270/1425/322 3272/1427/323 3271/1428/323 3269/1426/322
f 3272/1427/323 3274/1429/324 3273/1430/324 3271/1428/323
f 3274/1429/324 3276/1431/325 3275/1432/325 3273/1430/324
f 3276/1431/325 3278/1433/326 3277/1434/326 3275/1432/325
f 3278/1433/326 3280/1435/327 3279/1436/327 3277/1434/326
f 3280/1435/327 3282/1437/328 3281/1438/328 3279/1436/327
f 3282/1437/328 3284/1439/329 3283/1440/329 3281/1438/328
f 3284/1439/329 3286/1441/330 3285/1442/330 3283/1440/329
f 3286/1441/330 3288/1443/331 3287/1444/331 3285/1442/330
f 3288/1443/331 3290/1445/332 3289/1446/332 3287/1444/331
f 3290/1445/332 3292/1447/333 3291/1448/333 3289/1446/332
f 3292/1447/333 3294/1449/334 3293/1450/334 3291/1448/333
f 3294/1449/334 3296/1451/335 3295/1452/335 3293/1450/334
f 3296/1451/335 3298/1453/336 3297/1454/336 3295/1452/335
f 3298/1453/336 3300/1455/337 3299/1456/337 3297/1454/336
f 3300/1455/337 3302/1457/338 3301/1458/338 3299/1456/337
f 3302/1457/338 3304/1459/339 3303/1460/339 3301/1458/338
f 3304/1459/339 3306/1461/340 3305/1462/340 3303/1460/339
f 3306/1461/340 3308/1463/341 3307/1464/341 3305/1462/340
f 3308/1463/341 3310/1465/342 3309/1466/342 3307/1464/341
f 3310/1465/342 3312/1467/343 3311/1468/343 3309/1466/342
f 3312/1467/343 3314/1469/344 3313/1470/344 3311/1468/343
f 3314/1469/344 3316/1471/345 3315/1472/345 3313/1470/344
f 3316/1471/345 3318/1049/346 3317/155/346 3315/1472/345
f 3318/1049/346 3320/1473/346 3319/1474/346 3317/155/346
f 3320/1473/346 3322/1475/346 3321/1476/346 3319/1474/346
f 3322/1475/346 3324/1477/346 3323/1478/346 3321/1476/346
f 3324/1477/346 3326/1479/346 3325/1480/346 3323/1478/346
f 3326/1479/346 3328/1481/346 3327/1482/346 3325/1480/346
f 3328/1481/346 3330/1483/346 3329/1484/346 3327/1482/346
f 3330/1483/346 3332/1485/346 3331/1486/346 3329/1484/346
f 3332/1485/346 3334/1487/346 3333/1488/346 3331/1486/346
f 3334/1487/346 3336/1489/346 3335/1490/346 3333/1488/346
f 3336/1489/346 3338/1491/346 3337/1492/346 3335/1490/346
f 3338/1491/346 3340/1493/347 3339/1494/347 3337/1492/346
f 3340/1493/347 3342/1495/348 3341/1496/348 3339/1494/347
f 3342/1495/348 3344/1497/349 3343/1498/349 3341/1496/348
f 3344/1497/349 3346/1499/350 3345/1500/350 3343/1498/349
f 3346/1499/350 3348/1501/351 3347/1502/351 3345/1500/350
f 3348/1501/351 3350/1503/352 3349/1504/352 3347/1502/351
f 3350/1503/352 3352/1505/353 3351/1506/353 3349/1504/352
f 3352/1505/353 3354/1507/354 3353/1508/354 3351/1506/353
f 3354/1507/354 3356/1509/355 3355/1510/355 3353/1508/354
f 3356/1509/355 3358/1511/356 3357/1512/356 3355/1510/355
f 3358/1511/356 3360/1513/357 3359/1514/357 3357/1512/356
f 3360/1513/357 3362/1515/358 3361/1516/358 3359/1514/357
f 3362/1515/358 3364/1517/359 3363/1518/359 3361/1516/358
f 3364/1517/359 3366/1519/360 3365/1520/360 3363/1518/359
f 3366/1519/360 3368/1521/361 3367/1522/361 3365/1520/360
f 3368/1521/361 3370/1523/362 3369/1524/362 3367/1522/361
f 3370/1523/362 3372/1525/363 3371/1526/363 3369/1524/362
f 3372/1525/363 3374/1527/364 3373/1528/364 3371/1526/363
f 3374/1527/364 3376/1529/365 3375/1530/365 3373/1528/364
f 3376/1529/365 3378/1531/366 3377/1532/366 3375/1530/365
f 3378/1531/366 3380/1533/367 3379/1534/367 3377/1532/366
f 3380/1533/367 3382/1535/368 3381/1536/368 3379/1534/367
f 3382/1535/368 3384/1537/369 3383/1538/369 3381/1536/368
f 3384/1537/369 3386/1539/370 3385/1540/370 3383/1538/369
f 3386/1539/370 3388/1541/371 3387/1542/371 3385/1540/370
f 3388/1541/371 3390/1543/372 3389/1544/372 3387/1542/371
f 3390/1543/372 3244/1074/319 3243/77/319 3389/1544/372
f 3392/1024/373 3394/1025/374 3393/1026/374 3391/82/373
f 3394/1025/374 3396/1027/375 3395/1028/375 3393/1026/374
f 3396/1027/375 3398/1029/376 3397/1030/376 3395/1028/375
f 3398/1029/376 3400/1031/377 3399/1032/377 3397/1030/376
f 3400/1031/377 3402/1033/378 3401/1034/378 3399/1032/377
f 3402/1033/378 3404/1035/379 3403/1036/379 3401/1034/378
f 3404/1035/379 3406/1037/380 3405/1038/380 3403/1036/379
f 3406/1037/380 3408/1039/381 3407/1040/381 3405/1038/380
f 3408/1039/381 3410/1041/382 3409/1042/382 3407/1040/381
f 3410/1041/382 3412/1043/383 3411/1044/383 3409/1042/382
f 3412/1043/383 3414/1045/384 3413/1046/384 3411/1044/383
f 3414/1045/384 3416/1047/385 3415/1048/385 3413/1046/384
f 3416/1047/385 3418/1049/386 3417/155/386 3415/1048/385
f 3418/1049/386 3420/1050/387 3419/1051/387 3417/155/386
f 3420/1050/387 3422/1052/388 3421/1053/388 3419/1051/387
f 3422/1052/388 3424/1054/389 3423/1055/389 3421/1053/388
f 3424/1054/389 3426/1056/390 3425/1057/390 3423/1055/389
f 3426/1056/390 3428/1058/391 3427/1059/391 3425/1057/390
f 3428/1058/391 3430/1060/392 3429/1061/392 3427/1059/391
f 3430/1060/392 3432/1062/393 3431/1063/393 3429/1061/392
f 3432/1062/393 3434/1064/394 3433/1065/394 3431/1063/393
f 3434/1064/394 3436/1066/395 3435/1067/395 3433/1065/394
f 3436/1066/395 3438/1068/396 3437/1069/396 3435/1067/395
f 3438/1068/396 3440/1070/397 3439/1071/397 3437/1069/396
f 3440/1070/397 3442/1072/398 3441/1073/398 3439/1071/397
f 3442/1072/398 3392/1074/373 3391/77/373 3441/1073/398
f 3444/1024/399 3446/1135/400 3445/1136/400 3443/82/399
f 3446/1135/400 3448/1137/401 3447/206/401 3445/1136/400
f 3448/1137/401 3450/1138/402 3449/1139/402 3447/206/401
f 3450/1138/402 3452/1140/403 3451/200/403 3449/1139/402
f 3452/1140/403 3454/1141/404 3453/1142/404 3451/200/403
f 3454/1141/404 3456/1143/405 3455/191/405 3453/1142/404
f 3456/1143/405 3458/1144/406 3457/1145/406 3455/191/405
f 3458/1144/406 3460/1146/407 3459/180/407 3457/1145/406
f 3460/1146/407 3462/1147/408 3461/1148/408 3459/180/407
f 3462/1147/408 3464/1149/409 3463/183/409 3461/1148/408
f 3464/1149/409 3466/1150/410 3465/1151/410 3463/183/409
f 3466/1150/410 3468/1152/411 3467/186/411 3465/1151/410
f 3468/1152/411 3470/1153/412 3469/1154/412 3467/186/411
f 3470/1153/412 3472/1155/413 3471/192/413 3469/1154/412
f 3472/1155/413 3474/1156/414 3473/1157/414 3471/192/413
f 3474/1156/414 3476/1158/415 3475/201/415 3473/1157/414
f 3476/1158/415 3478/1159/416 3477/1160/416 3475/201/415
f 3478/1159/416 3480/1161/417 3479/222/417 3477/1160/416
f 3480/1161/417 3482/1162/418 3481/1163/418 3479/222/417
f 3482/1162/418 3484/1164/419 3483/217/419 3481/1163/418
f 3484/1164/419 3486/1165/420 3485/1166/420 3483/217/419
f 3486/1165/420 3488/1167/421 3487/211/421 3485/1166/420
f 3488/1167/421 3490/1168/422 3489/1169/422 3487/211/421
f 3490/1168/422 3492/1170/423 3491/196/423 3489/1169/422
f 3492/1170/423 3494/1049/424 3493/155/424 3491/196/423
f 3494/1049/424 3496/1171/425 3495/210/425 3493/155/424
f 3496/1171/425 3498/1172/426 3497/1173/426 3495/210/425
f 3498/1172/426 3500/1174/427 3499/216/427 3497/1173/426
f 3500/1174/427 3502/1175/428 3501/1176/428 3499/216/427
f 3502/1175/428 3504/1177/429 3503/223/429 3501/1176/428
f 3504/1177/429 3506/1178/430 3505/1179/430 3503/223/429
f 3506/1178/430 3508/1180/431 3507/228/431 3505/1179/430
f 3508/1180/431 3510/1181/432 3509/1182/432 3507/228/431
f 3510/1181/432 3512/1183/433 3511/237/433 3509/1182/432
f 3512/1183/433 3514/1184/434 3513/1185/434 3511/237/433
f 3514/1184/434 3516/1186/435 3515/244/435 3513/1185/434
f 3516/1186/435 3518/1187/436 3517/1188/436 3515/244/435
f 3518/1187/436 3520/1189/437 3519/249/437 3517/1188/436
f 3520/1189/437 3522/1190/438 3521/1191/438 3519/249/437
f 3522/1190/438 3524/1192/439 3523/252/439 3521/1191/438
f 3524/1192/439 3526/1193/440 3525/1194/440 3523/252/439
f 3526/1193/440 3528/1195/441 3527/245/441 3525/1194/440
f 3528/1195/441 3530/1196/442 3529/1197/442 3527/245/441
f 3530/1196/442 3532/1198/443 3531/240/443 3529/1197/442
f 3532/1198/443 3534/1199/444 3533/1200/444 3531/240/443
f 3534/1199/444 3536/1201/445 3535/235/445 3533/1200/444
f 3536/1201/445 3538/1202/446 3537/1203/446 3535/235/445
f 3538/1202/446 3540/1204/447 3539/230/447 3537/1203/446
f 3540/1204/447 3542/1205/448 3541/1206/448 3539/230/447
f 3542/1205/448 3444/1074/399 3443/77/399 3541/1206/448
f 3544/1024/449 3546/1025/4 3545/1026/4 3543/82/449
f 3546/1025/4 3548/1027/5 3547/1028/5 3545/1026/4
f 3548/1027/5 3550/1029/450 3549/1030/450 3547/1028/5
f 3550/1029/450 3552/1031/7 3551/1032/7 3549/1030/450
f 3552/1031/7 3554/1033/8 3553/1034/8 3551/1032/7
f 3554/1033/8 3556/1035/9 3555/1036/9 3553/1034/8
f 3556/1035/9 3558/1037/10 3557/1038/10 3555/1036/9
f 3558/1037/10 3560/1039/11 3559/1040/11 3557/1038/10
f 3560/1039/11 3562/1041/12 3561/1042/12 3559/1040/11
f 3562/1041/12 3564/1043/13 3563/1044/13 3561/1042/12
f 3564/1043/13 3566/1045/14 3565/1046/14 3563/1044/13
f 3566/1045/14 3568/1047/15 3567/1048/15 3565/1046/14
f 3568/1047/15 3570/1049/16 3569/155/16 3567/1048/15
f 3570/1049/16 3572/1050/451 3571/1051/451 3569/155/16
f 3572/1050/451 3574/1052/18 3573/1053/18 3571/1051/451
f 3574/1052/18 3576/1054/19 3575/1055/19 3573/1053/18
f 3576/1054/19 3578/1056/20 3577/1057/20 3575/1055/19
f 3578/1056/20 3580/1058/21 3579/1059/21 3577/1057/20
f 3580/1058/21 3582/1060/22 3581/1061/22 3579/1059/21
f 3582/1060/22 3584/1062/452 3583/1063/452 3581/1061/22
f 3584/1062/452 3586/1064/24 3585/1065/24 3583/1063/452
f 3586/1064/24 3588/1066/25 3587/1067/25 3585/1065/24
f 3588/1066/25 3590/1068/453 3589/1069/453 3587/1067/25
f 3590/1068/453 3592/1070/27 3591/1071/27 3589/1069/453
f 3592/1070/27 3594/1072/28 3593/1073/28 3591/1071/27
f 3594/1072/28 3544/1074/449 3543/77/449 3593/1073/28
f 3596/1024/29 3598/1025/30 3597/1026/30 3595/82/29
f 3598/1025/30 3600/1027/31 3599/1028/31 3597/1026/30
f 3600/1027/31 3602/1029/32 3601/1030/32 3599/1028/31
f 3602/1029/32 3604/1031/33 3603/1032/33 3601/1030/32
f 3604/1031/33 3606/1033/34 3605/1034/34 3603/1032/33
f 3606/1033/34 3608/1035/35 3607/1036/35 3605/1034/34
f 3608/1035/35 3610/1037/36 3609/1038/36 3607/1036/35
f 3610/1037/36 3612/1039/37 3611/1040/37 3609/1038/36
f 3612/1039/37 3614/1041/38 3613/1042/38 3611/1040/37
f 3614/1041/38 3616/1043/39 3615/1044/39 3613/1042/38
f 3616/1043/39 3618/1045/40 3617/1046/40 3615/1044/39
f 3618/1045/40 3620/1047/41 3619/1048/41 3617/1046/40
f 3620/1047/41 3622/1049/42 3621/155/42 3619/1048/41
f 3622/1049/42 3624/1050/43 3623/1051/43 3621/155/42
f 3624/1050/43 3626/1052/44 3625/1053/44 3623/1051/43
f 3626/1052/44 3628/1054/45 3627/1055/45 3625/1053/44
f 3628/1054/45 3630/1056/46 3629/1057/46 3627/1055/45
f 3630/1056/46 3632/1058/47 3631/1059/47 3629/1057/46
f 3632/1058/47 3634/1060/48 3633/1061/48 3631/1059/47
f 3634/1060/48 3636/1062/49 3635/1063/49 3633/1061/48
f 3636/1062/49 3638/1064/50 3637/1065/50 3635/1063/49
f 3638/1064/50 3640/1066/51 3639/1067/51 3637/1065/50
f 3640/1066/51 3642/1068/52 3641/1069/52 3639/1067/51
f 3642/1068/52 3644/1070/26 3643/1071/26 3641/1069/52
f 3644/1070/26 3646/1072/53 3645/1073/53 3643/1071/26
f 3646/1072/53 3596/1074/29 3595/77/29 3645/1073/53
f 3648/1024/54 3650/1075/55 3649/430/55 3647/82/54
f 3650/1075/55 3652/1076/56 3651/433/56 3649/430/55
f 3652/1076/56 3654/1077/57 3653/436/57 3651/433/56
f 3654/1077/57 3656/1078/58 3655/425/58 3653/436/57
f 3656/1078/58 3658/1079/59 3657/419/59 3655/425/58
f 3658/1079/59 3660/1080/60 3659/413/60 3657/419/59
f 3660/1080/60 3662/1081/61 3661/407/61 3659/413/60
f 3662/1081/61 3664/1082/62 3663/401/62 3661/407/61
f 3664/1082/62 3666/1083/63 3665/460/63 3663/401/62
f 3666/1083/63 3668/1084/454 3667/457/454 3665/460/63
f 3668/1084/454 3670/1085/65 3669/454/65 3667/457/454
f 3670/1085/65 3672/1086/66 3671/451/66 3669/454/65
f 3672/1086/66 3674/1087/67 3673/466/67 3671/451/66
f 3674/1087/67 3676/1088/68 3675/472/68 3673/466/67
f 3676/1088/68 3678/1089/455 3677/479/455 3675/472/68
f 3678/1089/455 3680/1090/70 3679/485/70 3677/479/455
f 3680/1090/70 3682/1091/456 3681/492/456 3679/485/70
f 3682/1091/456 3684/1092/72 3683/499/72 3681/492/456
f 3684/1092/72 3686/1093/73 3685/505/73 3683/499/72
f 3686/1093/73 3688/1094/74 3687/509/74 3685/505/73
f 3688/1094/74 3690/1095/75 3689/503/75 3687/509/74
f 3690/1095/75 3692/1096/76 3691/498/76 3689/503/75
f 3692/1096/76 3694/1097/77 3693/493/77 3691/498/76
f 3694/1097/77 3696/1098/78 3695/487/78 3693/493/77
f 3696/1098/78 3698/1099/457 3697/482/457 3695/487/78
f 3698/1099/457 3700/1100/80 3699/476/80 3697/482/457
f 3700/1100/80 3702/1101/81 3701/471/81 3699/476/80
f 3702/1101/81 3704/1102/82 3703/465/82 3701/471/81
f 3704/1102/82 3706/1103/83 3705/448/83 3703/465/82
f 3706/1103/83 3708/1104/84 3707/445/84 3705/448/83
f 3708/1104/84 3710/1049/85 3709/155/85 3707/445/84
f 3710/1049/85 3712/1105/86 3711/440/86 3709/155/85
f 3712/1105/86 3714/1106/87 3713/403/87 3711/440/86
f 3714/1106/87 3716/1107/88 3715/406/88 3713/403/87
f 3716/1107/88 3718/1108/89 3717/412/89 3715/406/88
f 3718/1108/89 3720/1109/90 3719/418/90 3717/412/89
f 3720/1109/90 3722/1110/91 3721/424/91 3719/418/90
f 3722/1110/91 3724/1111/92 3723/355/92 3721/424/91
f 3724/1111/92 3726/1112/458 3725/358/458 3723/355/92
f 3726/1112/458 3728/1113/94 3727/361/94 3725/358/458
f 3728/1113/94 3730/1114/95 3729/364/95 3727/361/94
f 3730/1114/95 3732/1115/96 3731/351/96 3729/364/95
f 3732/1115/96 3734/1116/97 3733/345/97 3731/351/96
f 3734/1116/97 3736/1117/98 3735/339/98 3733/345/97
f 3736/1117/98 3738/1118/99 3737/328/99 3735/339/98
f 3738/1118/99 3740/1119/100 3739/398/100 3737/328/99
f 3740/1119/100 3742/1120/101 3741/395/101 3739/398/100
f 3742/1120/101 3744/1121/102 3743/392/102 3741/395/101
f 3744/1121/102 3746/1122/103 3745/389/103 3743/392/102
f 3746/1122/103 3748/1123/104 3747/386/104 3745/389/103
f 3748/1123/104 3750/1124/105 3749/383/105 3747/386/104
f 3750/1124/105 3752/1125/106 3751/380/106 3749/383/105
f 3752/1125/106 3754/1126/107 3753/378/107 3751/380/106
f 3754/1126/107 3756/1127/459 3755/375/459 3753/378/107
f 3756/1127/459 3758/1128/109 3757/372/109 3755/375/459
f 3758/1128/109 3760/1129/460 3759/369/460 3757/372/109
f 3760/1129/460 3762/1130/111 3761/366/111 3759/369/460
f 3762/1130/111 3764/1131/112 3763/333/112 3761/366/111
f 3764/1131/112 3766/1132/113 3765/336/113 3763/333/112
f 3766/1132/113 3768/1133/114 3767/342/114 3765/336/113
f 3768/1133/114 3770/1134/115 3769/348/115 3767/342/114
f 3770/1134/115 3648/1074/54 3647/77/54 3769/348/115
f 3772/1024/116 3774/1135/117 3773/1136/117 3771/82/116
f 3774/1135/117 3776/1137/118 3775/206/118 3773/1136/117
f 3776/1137/118 3778/1138/119 3777/1139/119 3775/206/118
f 3778/1138/119 3780/1140/120 3779/200/120 3777/1139/119
f 3780/1140/120 3782/1141/121 3781/1142/121 3779/200/120
f 3782/1141/121 3784/1143/461 3783/191/461 3781/1142/121
f 3784/1143/461 3786/1144/123 3785/1145/123 3783/191/461
f 3786/1144/123 3788/1146/124 3787/180/124 3785/1145/123
f 3788/1146/124 3790/1147/125 3789/1148/125 3787/180/124
f 3790/1147/125 3792/1149/126 3791/183/126 3789/1148/125
f 3792/1149/126 3794/1150/127 3793/1151/127 3791/183/126
f 3794/1150/127 3796/1152/128 3795/186/128 3793/1151/127
f 3796/1152/128 3798/1153/129 3797/1154/129 3795/186/128
f 3798/1153/129 3800/1155/130 3799/192/130 3797/1154/129
f 3800/1155/130 3802/1156/462 3801/1157/462 3799/192/130
f 3802/1156/462 3804/1158/132 3803/201/132 3801/1157/462
f 3804/1158/132 3806/1159/133 3805/1160/133 3803/201/132
f 3806/1159/133 3808/1161/134 3807/222/134 3805/1160/133
f 3808/1161/134 3810/1162/135 3809/1163/135 3807/222/134
f 3810/1162/135 3812/1164/136 3811/217/136 3809/1163/135
f 3812/1164/136 3814/1165/137 3813/1166/137 3811/217/136
f 3814/1165/137 3816/1167/138 3815/211/138 3813/1166/137
f 3816/1167/138 3818/1168/139 3817/1169/139 3815/211/138
f 3818/1168/139 3820/1170/140 3819/196/140 3817/1169/139
f 3820/1170/140 3822/1049/463 3821/155/463 3819/196/140
f 3822/1049/463 3824/1171/142 3823/210/142 3821/155/463
f 3824/1171/142 3826/1172/143 3825/1173/143 3823/210/142
f 3826/1172/143 3828/1174/144 3827/216/144 3825/1173/143
f 3828/1174/144 3830/1175/145 3829/1176/145 3827/216/144
f 3830/1175/145 3832/1177/146 3831/223/146 3829/1176/145
f 3832/1177/146 3834/1178/147 3833/1179/147 3831/223/146
f 3834/1178/147 3836/1180/148 3835/228/148 3833/1179/147
f 3836/1180/148 3838/1181/149 3837/1182/149 3835/228/148
f 3838/1181/149 3840/1183/150 3839/237/150 3837/1182/149
f 3840/1183/150 3842/1184/151 3841/1185/151 3839/237/150
f 3842/1184/151 3844/1186/152 3843/244/152 3841/1185/151
f 3844/1186/152 3846/1187/153 3845/1188/153 3843/244/152
f 3846/1187/153 3848/1189/154 3847/249/154 3845/1188/153
f 3848/1189/154 3850/1190/155 3849/1191/155 3847/249/154
f 3850/1190/155 3852/1192/156 3851/252/156 3849/1191/155
f 3852/1192/156 3854/1193/157 3853/1194/157 3851/252/156
f 3854/1193/157 3856/1195/158 3855/245/158 3853/1194/157
f 3856/1195/158 3858/1196/159 3857/1197/159 3855/245/158
f 3858/1196/159 3860/1198/160 3859/240/160 3857/1197/159
f 3860/1198/160 3862/1199/161 3861/1200/161 3859/240/160
f 3862/1199/161 3864/1201/162 3863/235/162 3861/1200/161
f 3864/1201/162 3866/1202/163 3865/1203/163 3863/235/162
f 3866/1202/163 3868/1204/164 3867/230/164 3865/1203/163
f 3868/1204/164 3870/1205/165 3869/1206/165 3867/230/164
f 3870/1205/165 3772/1074/116 3771/77/116 3869/1206/165
f 3872/1024/464 3874/1025/465 3873/1026/465 3871/82/464
f 3874/1025/465 3876/1027/466 3875/1028/466 3873/1026/465
f 3876/1027/466 3878/1029/467 3877/1030/467 3875/1028/466
f 3878/1029/467 3880/1031/468 3879/1032/468 3877/1030/467
f 3880/1031/468 3882/1033/469 3881/1034/469 3879/1032/468
f 3882/1033/469 3884/1035/470 3883/1036/470 3881/1034/469
f 3884/1035/470 3886/1037/151 3885/1038/151 3883/1036/470
f 3886/1037/151 3888/1039/471 3887/1040/471 3885/1038/151
f 3888/1039/471 3890/1041/153 3889/1042/153 3887/1040/471
f 3890/1041/153 3892/1043/472 3891/1044/472 3889/1042/153
f 3892/1043/472 3894/1045/473 3893/1046/473 3891/1044/472
f 3894/1045/473 3896/1047/474 3895/1048/474 3893/1046/473
f 3896/1047/474 3898/1049/475 3897/155/475 3895/1048/474
f 3898/1049/475 3900/1050/476 3899/1051/476 3897/155/475
f 3900/1050/476 3902/1052/477 3901/1053/477 3899/1051/476
f 3902/1052/477 3904/1054/478 3903/1055/478 3901/1053/477
f 3904/1054/478 3906/1056/479 3905/1057/479 3903/1055/478
f 3906/1056/479 3908/1058/480 3907/1059/480 3905/1057/479
f 3908/1058/480 3910/1060/481 3909/1061/481 3907/1059/480
f 3910/1060/481 3912/1062/482 3911/1063/482 3909/1061/481
f 3912/1062/482 3914/1064/483 3913/1065/483 3911/1063/482
f 3914/1064/483 3916/1066/484 3915/1067/484 3913/1065/483
f 3916/1066/484 3918/1068/485 3917/1069/485 3915/1067/484
f 3918/1068/485 3920/1070/486 3919/1071/486 3917/1069/485
f 3920/1070/486 3922/1072/487 3921/1073/487 3919/1071/486
f 3922/1072/487 3872/1074/464 3871/77/464 3921/1073/487
f 3924/1024/488 3926/1075/489 3925/430/489 3923/82/488
f 3926/1075/489 3928/1076/490 3927/433/490 3925/430/489
f 3928/1076/490 3930/1077/491 3929/436/491 3927/433/490
f 3930/1077/491 3932/1078/492 3931/425/492 3929/436/491
f 3932/1078/492 3934/1079/493 3933/419/493 3931/425/492
f 3934/1079/493 3936/1080/494 3935/413/494 3933/419/493
f 3936/1080/494 3938/1081/495 3937/407/495 3935/413/494
f 3938/1081/495 3940/1082/496 3939/401/496 3937/407/495
f 3940/1082/496 3942/1083/497 3941/460/497 3939/401/496
f 3942/1083/497 3944/1084/498 3943/457/498 3941/460/497
f 3944/1084/498 3946/1085/499 3945/454/499 3943/457/498
f 3946/1085/499 3948/1086/500 3947/451/500 3945/454/499
f 3948/1086/500 3950/1087/501 3949/466/501 3947/451/500
f 3950/1087/501 3952/1088/502 3951/472/502 3949/466/501
f 3952/1088/502 3954/1089/503 3953/479/503 3951/472/502
f 3954/1089/503 3956/1090/504 3955/485/504 3953/479/503
f 3956/1090/504 3958/1091/505 3957/492/505 3955/485/504
f 3958/1091/505 3960/1092/506 3959/499/506 3957/492/505
f 3960/1092/506 3962/1093/507 3961/505/507 3959/499/506
f 3962/1093/507 3964/1094/508 3963/509/508 3961/505/507
f 3964/1094/508 3966/1095/509 3965/503/509 3963/509/508
f 3966/1095/509 3968/1096/510 3967/498/510 3965/503/509
f 3968/1096/510 3970/1097/511 3969/493/511 3967/498/510
f 3970/1097/511 3972/1098/460 3971/487/460 3969/493/511
f 3972/1098/460 3974/1099/512 3973/482/512 3971/487/460
f 3974/1099/512 3976/1100/513 3975/476/513 3973/482/512
f 3976/1100/513 3978/1101/514 3977/471/514 3975/476/513
f 3978/1101/514 3980/1102/515 3979/465/515 3977/471/514
f 3980/1102/515 3982/1103/516 3981/448/516 3979/465/515
f 3982/1103/516 3984/1104/517 3983/445/517 3981/448/516
f 3984/1104/517 3986/1049/518 3985/155/518 3983/445/517
f 3986/1049/518 3988/1105/519 3987/440/519 3985/155/518
f 3988/1105/519 3990/1106/520 3989/403/520 3987/440/519
f 3990/1106/520 3992/1107/521 3991/406/521 3989/403/520
f 3992/1107/521 3994/1108/522 3993/412/522 3991/406/521
f 3994/1108/522 3996/1109/523 3995/418/523 3993/412/522
f 3996/1109/523 3998/1110/524 3997/424/524 3995/418/523
f 3998/1110/524 4000/1111/525 3999/355/525 3997/424/524
f 4000/1111/525 4002/1112/526 4001/358/526 3999/355/525
f 4002/1112/526 4004/1113/527 4003/361/527 4001/358/526
f 4004/1113/527 4006/1114/528 4005/364/528 4003/361/527
f 4006/1114/528 4008/1115/529 4007/351/529 4005/364/528
f 4008/1115/529 4010/1116/530 4009/345/530 4007/351/529
f 4010/1116/530 4012/1117/531 4011/339/531 4009/345/530
f 4012/1117/531 4014/1118/532 4013/328/532 4011/339/531
f 4014/1118/532 4016/1119/533 4015/398/533 4013/328/532
f 4016/1119/533 4018/1120/534 4017/395/534 4015/398/533
f 4018/1120/534 4020/1121/535 4019/392/535 4017/395/534
f 4020/1121/535 4022/1122/536 4021/389/536 4019/392/535
f 4022/1122/536 4024/1123/537 4023/386/537 4021/389/536
f 4024/1123/537 4026/1124/538 4025/383/538 4023/386/537
f 4026/1124/538 4028/1125/539 4027/380/539 4025/383/538
f 4028/1125/539 4030/1126/540 4029/378/540 4027/380/539
f 4030/1126/540 4032/1127/541 4031/375/541 4029/378/540
f 4032/1127/541 4034/1128/542 4033/372/542 4031/375/541
f 4034/1128/542 4036/1129/543 4035/369/543 4033/372/542
f 4036/1129/543 4038/1130/544 4037/366/544 4035/369/543
f 4038/1130/544 4040/1131/545 4039/333/545 4037/366/544
f 4040/1131/545 4042/1132/546 4041/336/546 4039/333/545
f 4042/1132/546 4044/1133/547 4043/342/547 4041/336/546
f 4044/1133/547 4046/1134/548 4045/348/548 4043/342/547
f 4046/1134/548 3924/1074/488 3923/77/488 4045/348/548
f 4048/1024/549 4050/1025/550 4049/1026/550 4047/82/549
f 4050/1025/550 4052/1027/551 4051/1028/551 4049/1026/550
f 4052/1027/551 4054/1029/552 4053/1030/552 4051/1028/551
f 4054/1029/552 4056/1031/553 4055/1032/553 4053/1030/552
f 4056/1031/553 4058/1033/554 4057/1034/554 4055/1032/553
f 4058/1033/554 4060/1035/555 4059/1036/555 4057/1034/554
f 4060/1035/555 4062/1037/556 4061/1038/556 4059/1036/555
f 4062/1037/556 4064/1039/557 4063/1040/557 4061/1038/556
f 4064/1039/557 4066/1041/558 4065/1042/558 4063/1040/557
f 4066/1041/558 4068/1043/559 4067/1044/559 4065/1042/558
f 4068/1043/559 4070/1045/560 4069/1046/560 4067/1044/559
f 4070/1045/560 4072/1047/165 4071/1048/165 4069/1046/560
f 4072/1047/165 4074/1049/561 4073/155/561 4071/1048/165
f 4074/1049/561 4076/1050/562 4075/1051/562 4073/155/561
f 4076/1050/562 4078/1052/563 4077/1053/563 4075/1051/562
f 4078/1052/563 4080/1054/564 4079/1055/564 4077/1053/563
f 4080/1054/564 4082/1056/565 4081/1057/565 4079/1055/564
f 4082/1056/565 4084/1058/566 4083/1059/566 4081/1057/565
f 4084/1058/566 4086/1060/567 4085/1061/567 4083/1059/566
f 4086/1060/567 4088/1062/568 4087/1063/568 4085/1061/567
f 4088/1062/568 4090/1064/569 4089/1065/569 4087/1063/568
f 4090/1064/569 4092/1066/570 4091/1067/570 4089/1065/569
f 4092/1066/570 4094/1068/571 4093/1069/571 4091/1067/570
f 4094/1068/571 4096/1070/572 4095/1071/572 4093/1069/571
f 4096/1070/572 4098/1072/573 4097/1073/573 4095/1071/572
f 4098/1072/573 4048/1074/549 4047/77/549 4097/1073/573
f 4100/1024/319 4102/1401/319 4101/1402/319 4099/82/319
f 4102/1401/319 4104/1403/319 4103/1404/319 4101/1402/319
f 4104/1403/319 4106/1405/319 4105/1406/319 4103/1404/319
f 4106/1405/319 4108/1407/319 4107/1408/319 4105/1406/319
f 4108/1407/319 4110/1409/319 4109/1410/319 4107/1408/319
f 4110/1409/319 4112/1411/319 4111/1412/319 4109/1410/319
f 4112/1411/319 4114/1413/319 4113/1414/319 4111/1412/319
f 4114/1413/319 4116/1415/319 4115/1416/319 4113/1414/319
f 4116/1415/319 4118/1417/319 4117/1418/319 4115/1416/319
f 4118/1417/319 4120/1419/319 4119/1420/319 4117/1418/319
f 4120/1419/319 4122/1421/574 4121/1422/574 4119/1420/319
f 4122/1421/574 4124/1423/575 4123/1424/575 4121/1422/574
f 4124/1423/575 4126/1425/576 4125/1426/576 4123/1424/575
f 4126/1425/576 4128/1427/577 4127/1428/577 4125/1426/576
f 4128/1427/577 4130/1429/578 4129/1430/578 4127/1428/577
f 4130/1429/578 4132/1431/579 4131/1432/579 4129/1430/578
f 4132/1431/579 4134/1433/580 4133/1434/580 4131/1432/579
f 4134/1433/580 4136/1435/581 4135/1436/581 4133/1434/580
f 4136/1435/581 4138/1437/582 4137/1438/582 4135/1436/581
f 4138/1437/582 4140/1439/583 4139/1440/583 4137/1438/582
f 4140/1439/583 4142/1441/584 4141/1442/584 4139/1440/583
f 4142/1441/584 4144/1443/585 4143/1444/585 4141/1442/584
f 4144/1443/585 4146/1445/586 4145/1446/586 4143/1444/585
f 4146/1445/586 4148/1447/587 4147/1448/587 4145/1446/586
f 4148/1447/587 4150/1449/588 4149/1450/588 4147/1448/587
f 4150/1449/588 4152/1451/589 4151/1452/589 4149/1450/588
f 4152/1451/589 4154/1453/590 4153/1454/590 4151/1452/589
f 4154/1453/590 4156/1455/591 4155/1456/591 4153/1454/590
f 4156/1455/591 4158/1457/342 4157/1458/342 4155/1456/591
f 4158/1457/342 4160/1459/592 4159/1460/592 4157/1458/342
f 4160/1459/592 4162/1461/593 4161/1462/593 4159/1460/592
f 4162/1461/593 4164/1463/594 4163/1464/594 4161/1462/593
f 4164/1463/594 4166/1465/595 4165/1466/595 4163/1464/594
f 4166/1465/595 4168/1467/596 4167/1468/596 4165/1466/595
f 4168/1467/596 4170/1469/597 4169/1470/597 4167/1468/596
f 4170/1469/597 4172/1471/598 4171/1472/598 4169/1470/597
f 4172/1471/598 4174/1049/346 4173/155/346 4171/1472/598
f 4174/1049/346 4176/1473/346 4175/1474/346 4173/155/346
f 4176/1473/346 4178/1475/346 4177/1476/346 4175/1474/346
f 4178/1475/346 4180/1477/346 4179/1478/346 4177/1476/346
f 4180/1477/346 4182/1479/346 4181/1480/346 4179/1478/346
f 4182/1479/346 4184/1481/346 4183/1482/346 4181/1480/346
f 4184/1481/346 4186/1483/346 4185/1484/346 4183/1482/346
f 4186/1483/346 4188/1485/346 4187/1486/346 4185/1484/346
f 4188/1485/346 4190/1487/346 4189/1488/346 4187/1486/346
f 4190/1487/346 4192/1489/346 4191/1490/346 4189/1488/346
f 4192/1489/346 4194/1491/346 4193/1492/346 4191/1490/346
f 4194/1491/346 4196/1493/599 4195/1494/599 4193/1492/346
f 4196/1493/599 4198/1495/600 4197/1496/600 4195/1494/599
f 4198/1495/600 4200/1497/601 4199/1498/601 4197/1496/600
f 4200/1497/601 4202/1499/602 4201/1500/602 4199/1498/601
f 4202/1499/602 4204/1501/603 4203/1502/603 4201/1500/602
f 4204/1501/603 4206/1503/604 4205/1504/604 4203/1502/603
f 4206/1503/604 4208/1505/605 4207/1506/605 4205/1504/604
f 4208/1505/605 4210/1507/606 4209/1508/606 4207/1506/605
f 4210/1507/606 4212/1509/607 4211/1510/607 4209/1508/606
f 4212/1509/607 4214/1511/608 4213/1512/608 4211/1510/607
f 4214/1511/608 4216/1513/609 4215/1514/609 4213/1512/608
f 4216/1513/609 4218/1515/610 4217/1516/610 4215/1514/609
f 4218/1515/610 4220/1517/611 4219/1518/611 4217/1516/610
f 4220/1517/611 4222/1519/612 4221/1520/612 4219/1518/611
f 4222/1519/612 4224/1521/613 4223/1522/613 4221/1520/612
f 4224/1521/613 4226/1523/614 4225/1524/614 4223/1522/613
f 4226/1523/614 4228/1525/615 4227/1526/615 4225/1524/614
f 4228/1525/615 4230/1527/616 4229/1528/616 4227/1526/615
f 4230/1527/616 4232/1529/617 4231/1530/617 4229/1528/616
f 4232/1529/617 4234/1531/618 4233/1532/618 4231/1530/617
f 4234/1531/618 4236/1533/619 4235/1534/619 4233/1532/618
f 4236/1533/619 4238/1535/620 4237/1536/620 4235/1534/619
f 4238/1535/620 4240/1537/621 4239/1538/621 4237/1536/620
f 4240/1537/621 4242/1539/622 4241/1540/622 4239/1538/621
f 4242/1539/622 4244/1541/623 4243/1542/623 4241/1540/622
f 4244/1541/623 4246/1543/624 4245/1544/624 4243/1542/623
f 4246/1543/624 4100/1074/319 4099/77/319 4245/1544/624
f 4248/1024/319 4250/1545/319 4249/578/319 4247/82/319
f 4250/1545/319 4252/1546/319 4251/573/319 4249/578/319
f 4252/1546/319 4254/1547/319 4253/568/319 4251/573/319
f 4254/1547/319 4256/1548/319 4255/563/319 4253/568/319
f 4256/1548/319 4258/1549/319 4257/558/319 4255/563/319
f 4258/1549/319 4260/1550/319 4259/552/319 4257/558/319
f 4260/1550/319 4262/1551/319 4261/544/319 4259/552/319
f 4262/1551/319 4264/1552/319 4263/534/319 4261/544/319
f 4264/1552/319 4266/1553/319 4265/525/319 4263/534/319
f 4266/1553/319 4268/1554/319 4267/523/319 4265/525/319
f 4268/1554/319 4270/1555/625 4269/517/625 4267/523/319
f 4270/1555/625 4272/1556/626 4271/510/626 4269/517/625
f 4272/1556/626 4274/1557/627 4273/512/627 4271/510/626
f 4274/1557/627 4276/1558/628 4275/511/628 4273/512/627
f 4276/1558/628 4278/1559/629 4277/513/629 4275/511/628
f 4278/1559/629 4280/1560/630 4279/518/630 4277/513/629
f 4280/1560/630 4282/1561/631 4281/522/631 4279/518/630
f 4282/1561/631 4284/1562/632 4283/528/632 4281/522/631
f 4284/1562/632 4286/1563/633 4285/536/633 4283/528/632
f 4286/1563/633 4288/1564/634 4287/547/634 4285/536/633
f 4288/1564/634 4290/1565/635 4289/554/635 4287/547/634
f 4290/1565/635 4292/1566/636 4291/560/636 4289/554/635
f 4292/1566/636 4294/1567/637 4293/565/637 4291/560/636
f 4294/1567/637 4296/1568/638 4295/570/638 4293/565/637
f 4296/1568/638 4298/1569/639 4297/575/639 4295/570/638
f 4298/1569/639 4300/1570/640 4299/550/640 4297/575/639
f 4300/1570/640 4302/1571/641 4301/557/641 4299/550/640
f 4302/1571/641 4304/1572/642 4303/564/642 4301/557/641
f 4304/1572/642 4306/1573/643 4305/572/643 4303/564/642
f 4306/1573/643 4308/1574/644 4307/579/644 4305/572/643
f 4308/1574/644 4310/1575/645 4309/584/645 4307/579/644
f 4310/1575/645 4312/1576/646 4311/587/646 4309/584/645
f 4312/1576/646 4314/1577/647 4313/591/647 4311/587/646
f 4314/1577/647 4316/1578/648 4315/593/648 4313/591/647
f 4316/1578/648 4318/1579/649 4317/595/649 4315/593/648
f 4318/1579/649 4320/1580/373 4319/597/373 4317/595/649
f 4320/1580/373 4322/1581/650 4321/599/650 4319/597/373
f 4322/1581/650 4324/1582/651 4323/601/651 4321/599/650
f 4324/1582/651 4326/1583/652 4325/603/652 4323/601/651
f 4326/1583/652 4328/1584/653 4327/605/653 4325/603/652
f 4328/1584/653 4330/1585/654 4329/608/654 4327/605/653
f 4330/1585/654 4332/1586/655 4331/610/655 4329/608/654
f 4332/1586/655 4334/1587/656 4333/613/656 4331/610/655
f 4334/1587/656 4336/1588/657 4335/616/657 4333/613/656
f 4336/1588/657 4338/1589/658 4337/618/658 4335/616/657
f 4338/1589/658 4340/1590/659 4339/619/659 4337/618/658
f 4340/1590/659 4342/1591/660 4341/620/660 4339/619/659
f 4342/1591/660 4344/1592/661 4343/621/661 4341/620/660
f 4344/1592/661 4346/1593/662 4345/617/662 4343/621/661
f 4346/1593/662 4348/1594/663 4347/615/663 4345/617/662
f 4348/1594/663 4350/1595/664 4349/614/664 4347/615/663
f 4350/1595/664 4352/1596/665 4351/612/665 4349/614/664
f 4352/1596/665 4354/1597/666 4353/611/666 4351/612/665
f 4354/1597/666 4356/1598/667 4355/609/667 4353/611/666
f 4356/1598/667 4358/1599/668 4357/607/668 4355/609/667
f 4358/1599/668 4360/1600/669 4359/606/669 4357/607/668
f 4360/1600/669 4362/1601/670 4361/604/670 4359/606/669
f 4362/1601/670 4364/1602/671 4363/602/671 4361/604/670
f 4364/1602/671 4366/1603/672 4365/600/672 4363/602/671
f 4366/1603/672 4368/1604/673 4367/598/673 4365/600/672
f 4368/1604/673 4370/1605/674 4369/596/674 4367/598/673
f 4370/1605/674 4372/1606/675 4371/594/675 4369/596/674
f 4372/1606/675 4374/1607/676 4373/592/676 4371/594/675
f 4374/1607/676 4376/1608/677 4375/590/677 4373/592/676
f 4376/1608/677 4378/1609/678 4377/586/678 4375/590/677
f 4378/1609/678 4380/1610/679 4379/582/679 4377/586/678
f 4380/1610/679 4382/1611/680 4381/577/680 4379/582/679
f 4382/1611/680 4384/1612/307 4383/569/307 4381/577/680
f 4384/1612/307 4386/1613/681 4385/561/681 4383/569/307
f 4386/1613/681 4388/1614/682 4387/553/682 4385/561/681
f 4388/1614/682 4390/1615/683 4389/539/683 4387/553/682
f 4390/1615/683 4392/1616/405 4391/527/405 4389/539/683
f 4392/1616/405 4394/1617/684 4393/514/684 4391/527/405
f 4394/1617/684 4396/1618/685 4395/516/685 4393/514/684
f 4396/1618/685 4398/1619/686 4397/515/686 4395/516/685
f 4398/1619/686 4400/1620/687 4399/524/687 4397/515/686
f 4400/1620/687 4402/1621/688 4401/529/688 4399/524/687
f 4402/1621/688 4404/1622/689 4403/530/689 4401/529/688
f 4404/1622/689 4406/1623/690 4405/532/690 4403/530/689
f 4406/1623/690 4408/1624/691 4407/535/691 4405/532/690
f 4408/1624/691 4410/1625/692 4409/537/692 4407/535/691
f 4410/1625/692 4412/1626/693 4411/538/693 4409/537/692
f 4412/1626/693 4414/1627/694 4413/540/694 4411/538/693
f 4414/1627/694 4416/1628/249 4415/543/249 4413/540/694
f 4416/1628/249 4418/1629/695 4417/545/695 4415/543/249
f 4418/1629/695 4420/1630/696 4419/546/696 4417/545/695
f 4420/1630/696 4422/1631/697 4421/548/697 4419/546/696
f 4422/1631/697 4424/1632/698 4423/589/698 4421/548/697
f 4424/1632/698 4426/1633/699 4425/588/699 4423/589/698
f 4426/1633/699 4428/1634/700 4427/585/700 4425/588/699
f 4428/1634/700 4430/1635/701 4429/581/701 4427/585/700
f 4430/1635/701 4432/1636/702 4431/576/702 4429/581/701
f 4432/1636/702 4434/1637/703 4433/571/703 4431/576/702
f 4434/1637/703 4436/1638/351 4435/566/351 4433/571/703
f 4436/1638/351 4438/1639/704 4437/559/704 4435/566/351
f 4438/1639/704 4440/1640/705 4439/555/705 4437/559/704
f 4440/1640/705 4442/1641/706 4441/549/706 4439/555/705
f 4442/1641/706 4444/1642/707 4443/542/707 4441/549/706
f 4444/1642/707 4446/1643/708 4445/531/708 4443/542/707
f 4446/1643/708 4448/1644/709 4447/519/709 4445/531/708
f 4448/1644/709 4450/1645/710 4449/521/710 4447/519/709
f 4450/1645/710 4452/1646/711 4451/520/711 4449/521/710
f 4452/1646/711 4454/1647/712 4453/526/712 4451/520/711
f 4454/1647/712 4456/1648/713 4455/533/713 4453/526/712
f 4456/1648/713 4458/1649/714 4457/541/714 4455/533/713
f 4458/1649/714 4460/1650/715 4459/551/715 4457/541/714
f 4460/1650/715 4462/1651/716 4461/556/716 4459/551/715
f 4462/1651/716 4464/1652/717 4463/562/717 4461/556/716
f 4464/1652/717 4466/1653/718 4465/567/718 4463/562/717
f 4466/1653/718 4468/1654/719 4467/574/719 4465/567/718
f 4468/1654/719 4470/1655/720 4469/580/720 4467/574/719
f 4470/1655/720 4472/1656/721 4471/583/721 4469/580/720
f 4472/1656/721 4248/1074/319 4247/77/319 4471/583/721
f 4474/1024/722 4476/1657/723 4475/1658/723 4473/82/722
f 4476/1657/723 4478/1659/724 4477/1660/724 4475/1658/723
f 4478/1659/724 4480/1661/725 4479/1662/725 4477/1660/724
f 4480/1661/725 4482/1663/726 4481/1664/726 4479/1662/725
f 4482/1663/726 4484/1665/727 4483/1666/727 4481/1664/726
f 4484/1665/727 4486/1667/728 4485/1668/728 4483/1666/727
f 4486/1667/728 4488/1223/202 4487/1224/202 4485/1668/728
f 4488/1223/202 4490/1669/729 4489/1670/729 4487/1224/202
f 4490/1669/729 4492/1671/730 4491/1672/730 4489/1670/729
f 4492/1671/730 4494/1673/731 4493/1674/731 4491/1672/730
f 4494/1673/731 4496/1675/732 4495/1676/732 4493/1674/731
f 4496/1675/732 4498/1677/733 4497/1678/733 4495/1676/732
f 4498/1677/733 4500/1679/734 4499/1680/734 4497/1678/733
f 4500/1679/734 4502/1241/735 4501/1242/735 4499/1680/734
f 4502/1241/735 4504/1681/736 4503/1682/736 4501/1242/735
f 4504/1681/736 4506/1683/737 4505/1684/737 4503/1682/736
f 4506/1683/737 4508/1685/738 4507/1686/738 4505/1684/737
f 4508/1685/738 4510/1687/739 4509/1688/739 4507/1686/738
f 4510/1687/739 4512/1689/740 4511/1690/740 4509/1688/739
f 4512/1689/740 4514/1691/741 4513/1692/741 4511/1690/740
f 4514/1691/741 4516/1259/742 4515/1260/742 4513/1692/741
f 4516/1259/742 4518/1693/743 4517/1694/743 4515/1260/742
f 4518/1693/743 4520/1695/744 4519/1696/744 4517/1694/743
f 4520/1695/744 4522/1697/745 4521/1698/745 4519/1696/744
f 4522/1697/745 4524/1699/746 4523/1700/746 4521/1698/745
f 4524/1699/746 4526/1701/747 4525/1702/747 4523/1700/746
f 4526/1701/747 4528/1703/748 4527/1704/748 4525/1702/747
f 4528/1703/748 4530/1276/749 4529/1277/749 4527/1704/748
f 4530/1276/749 4532/1705/750 4531/1706/750 4529/1277/749
f 4532/1705/750 4534/1707/751 4533/1708/751 4531/1706/750
f 4534/1707/751 4536/1709/752 4535/1710/752 4533/1708/751
f 4536/1709/752 4538/1711/753 4537/1712/753 4535/1710/752
f 4538/1711/753 4540/1713/754 4539/1714/754 4537/1712/753
f 4540/1713/754 4542/1715/755 4541/1716/755 4539/1714/754
f 4542/1715/755 4544/1294/756 4543/1295/756 4541/1716/755
f 4544/1294/756 4546/1717/757 4545/1718/757 4543/1295/756
f 4546/1717/757 4548/1719/758 4547/1720/758 4545/1718/757
f 4548/1719/758 4550/1721/759 4549/1722/759 4547/1720/758
f 4550/1721/759 4552/1723/760 4551/1724/760 4549/1722/759
f 4552/1723/760 4554/1725/761 4553/1726/761 4551/1724/760
f 4554/1725/761 4556/1727/762 4555/1728/762 4553/1726/761
f 4556/1727/762 4558/1312/763 4557/1313/763 4555/1728/762
f 4558/1312/763 4560/1729/764 4559/1730/764 4557/1313/763
f 4560/1729/764 4562/1731/765 4561/1732/765 4559/1730/764
f 4562/1731/765 4564/1733/766 4563/1734/766 4561/1732/765
f 4564/1733/766 4566/1735/767 4565/1736/767 4563/1734/766
f 4566/1735/767 4568/1737/768 4567/1738/768 4565/1736/767
f 4568/1737/768 4570/1739/769 4569/1740/769 4567/1738/768
f 4570/1739/769 4572/1330/770 4571/1331/770 4569/1740/769
f 4572/1330/770 4574/1741/771 4573/1742/771 4571/1331/770
f 4574/1741/771 4576/1743/772 4575/1744/772 4573/1742/771
f 4576/1743/772 4578/1745/773 4577/1746/773 4575/1744/772
f 4578/1745/773 4580/1747/774 4579/1748/774 4577/1746/773
f 4580/1747/774 4582/1749/775 4581/1750/775 4579/1748/774
f 4582/1749/775 4584/1751/776 4583/1752/776 4581/1750/775
f 4584/1751/776 4586/1347/777 4585/1348/777 4583/1752/776
f 4586/1347/777 4588/1753/778 4587/1754/778 4585/1348/777
f 4588/1753/778 4590/1755/779 4589/1756/779 4587/1754/778
f 4590/1755/779 4592/1757/780 4591/1758/780 4589/1756/779
f 4592/1757/780 4594/1759/781 4593/1760/781 4591/1758/780
f 4594/1759/781 4596/1761/782 4595/1762/782 4593/1760/781
f 4596/1761/782 4598/1763/783 4597/1764/783 4595/1762/782
f 4598/1763/783 4600/1365/784 4599/1366/784 4597/1764/783
f 4600/1365/784 4602/1765/785 4601/1766/785 4599/1366/784
f 4602/1765/785 4604/1767/786 4603/1768/786 4601/1766/785
f 4604/1767/786 4606/1769/787 4605/1770/787 4603/1768/786
f 4606/1769/787 4608/1771/788 4607/1772/788 4605/1770/787
f 4608/1771/788 4610/1773/789 4609/1774/789 4607/1772/788
f 4610/1773/789 4612/1775/790 4611/1776/790 4609/1774/789
f 4612/1775/790 4614/1383/791 4613/1384/791 4611/1776/790
f 4614/1383/791 4616/1777/792 4615/1778/792 4613/1384/791
f 4616/1777/792 4618/1779/793 4617/1780/793 4615/1778/792
f 4618/1779/793 4620/1781/794 4619/1782/794 4617/1780/793
f 4620/1781/794 4622/1783/795 4621/1784/795 4619/1782/794
f 4622/1783/795 4624/1785/796 4623/1786/796 4621/1784/795
f 4624/1785/796 4626/1787/797 4625/1788/797 4623/1786/796
f 4626/1787/797 4474/1074/722 4473/77/722 4625/1788/797
f 4628/1024/373 4630/1025/374 4629/1026/374 4627/82/373
f 4630/1025/374 4632/1027/798 4631/1028/798 4629/1026/374
f 4632/1027/798 4634/1029/376 4633/1030/376 4631/1028/798
f 4634/1029/376 4636/1031/377 4635/1032/377 4633/1030/376
f 4636/1031/377 4638/1033/378 4637/1034/378 4635/1032/377
f 4638/1033/378 4640/1035/379 4639/1036/379 4637/1034/378
f 4640/1035/379 4642/1037/380 4641/1038/380 4639/1036/379
f 4642/1037/380 4644/1039/381 4643/1040/381 4641/1038/380
f 4644/1039/381 4646/1041/382 4645/1042/382 4643/1040/381
f 4646/1041/382 4648/1043/383 4647/1044/383 4645/1042/382
f 4648/1043/383 4650/1045/384 4649/1046/384 4647/1044/383
f 4650/1045/384 4652/1047/385 4651/1048/385 4649/1046/384
f 4652/1047/385 4654/1049/386 4653/155/386 4651/1048/385
f 4654/1049/386 4656/1050/387 4655/1051/387 4653/155/386
f 4656/1050/387 4658/1052/388 4657/1053/388 4655/1051/387
f 4658/1052/388 4660/1054/389 4659/1055/389 4657/1053/388
f 4660/1054/389 4662/1056/799 4661/1057/799 4659/1055/389
f 4662/1056/799 4664/1058/800 4663/1059/800 4661/1057/799
f 4664/1058/800 4666/1060/392 4665/1061/392 4663/1059/800
f 4666/1060/392 4668/1062/393 4667/1063/393 4665/1061/392
f 4668/1062/393 4670/1064/394 4669/1065/394 4667/1063/393
f 4670/1064/394 4672/1066/395 4671/1067/395 4669/1065/394
f 4672/1066/395 4674/1068/396 4673/1069/396 4671/1067/395
f 4674/1068/396 4676/1070/397 4675/1071/397 4673/1069/396
f 4676/1070/397 4678/1072/398 4677/1073/398 4675/1071/397
f 4678/1072/398 4628/1074/373 4627/77/373 4677/1073/398
f 4680/1024/399 4682/1135/400 4681/1136/400 4679/82/399
f 4682/1135/400 4684/1137/801 4683/206/801 4681/1136/400
f 4684/1137/801 4686/1138/402 4685/1139/402 4683/206/801
f 4686/1138/402 4688/1140/403 4687/200/403 4685/1139/402
f 4688/1140/403 4690/1141/802 4689/1142/802 4687/200/403
f 4690/1141/802 4692/1143/405 4691/191/405 4689/1142/802
f 4692/1143/405 4694/1144/406 4693/1145/406 4691/191/405
f 4694/1144/406 4696/1146/407 4695/180/407 4693/1145/406
f 4696/1146/407 4698/1147/408 4697/1148/408 4695/180/407
f 4698/1147/408 4700/1149/409 4699/183/409 4697/1148/408
f 4700/1149/409 4702/1150/410 4701/1151/410 4699/183/409
f 4702/1150/410 4704/1152/411 4703/186/411 4701/1151/410
f 4704/1152/411 4706/1153/412 4705/1154/412 4703/186/411
f 4706/1153/412 4708/1155/413 4707/192/413 4705/1154/412
f 4708/1155/413 4710/1156/414 4709/1157/414 4707/192/413
f 4710/1156/414 4712/1158/415 4711/201/415 4709/1157/414
f 4712/1158/415 4714/1159/416 4713/1160/416 4711/201/415
f 4714/1159/416 4716/1161/417 4715/222/417 4713/1160/416
f 4716/1161/417 4718/1162/418 4717/1163/418 4715/222/417
f 4718/1162/418 4720/1164/419 4719/217/419 4717/1163/418
f 4720/1164/419 4722/1165/420 4721/1166/420 4719/217/419
f 4722/1165/420 4724/1167/421 4723/211/421 4721/1166/420
f 4724/1167/421 4726/1168/422 4725/1169/422 4723/211/421
f 4726/1168/422 4728/1170/423 4727/196/423 4725/1169/422
f 4728/1170/423 4730/1049/424 4729/155/424 4727/196/423
f 4730/1049/424 4732/1171/425 4731/210/425 4729/155/424
f 4732/1171/425 4734/1172/426 4733/1173/426 4731/210/425
f 4734/1172/426 4736/1174/427 4735/216/427 4733/1173/426
f 4736/1174/427 4738/1175/428 4737/1176/428 4735/216/427
f 4738/1175/428 4740/1177/429 4739/223/429 4737/1176/428
f 4740/1177/429 4742/1178/430 4741/1179/430 4739/223/429
f 4742/1178/430 4744/1180/431 4743/228/431 4741/1179/430
f 4744/1180/431 4746/1181/432 4745/1182/432 4743/228/431
f 4746/1181/432 4748/1183/433 4747/237/433 4745/1182/432
f 4748/1183/433 4750/1184/434 4749/1185/434 4747/237/433
f 4750/1184/434 4752/1186/435 4751/244/435 4749/1185/434
f 4752/1186/435 4754/1187/436 4753/1188/436 4751/244/435
f 4754/1187/436 4756/1189/437 4755/249/437 4753/1188/436
f 4756/1189/437 4758/1190/438 4757/1191/438 4755/249/437
f 4758/1190/438 4760/1192/439 4759/252/439 4757/1191/438
f 4760/1192/439 4762/1193/440 4761/1194/440 4759/252/439
f 4762/1193/440 4764/1195/441 4763/245/441 4761/1194/440
f 4764/1195/441 4766/1196/442 4765/1197/442 4763/245/441
f 4766/1196/442 4768/1198/443 4767/240/443 4765/1197/442
f 4768/1198/443 4770/1199/444 4769/1200/444 4767/240/443
f 4770/1199/444 4772/1201/445 4771/235/445 4769/1200/444
f 4772/1201/445 4774/1202/446 4773/1203/446 4771/235/445
f 4774/1202/446 4776/1204/447 4775/230/447 4773/1203/446
f 4776/1204/447 4778/1205/448 4777/1206/448 4775/230/447
f 4778/1205/448 4680/1074/399 4679/77/399 4777/1206/448
f 4780/1024/803 4782/1025/804 4781/1026/804 4779/82/803
f 4782/1025/804 4784/1027/805 4783/1028/805 4781/1026/804
f 4784/1027/805 4786/1029/806 4785/1030/806 4783/1028/805
f 4786/1029/806 4788/1031/807 4787/1032/807 4785/1030/806
f 4788/1031/807 4790/1033/808 4789/1034/808 4787/1032/807
f 4790/1033/808 4792/1035/809 4791/1036/809 4789/1034/808
f 4792/1035/809 4794/1037/810 4793/1038/810 4791/1036/809
f 4794/1037/810 4796/1039/811 4795/1040/811 4793/1038/810
f 4796/1039/811 4798/1041/812 4797/1042/812 4795/1040/811
f 4798/1041/812 4800/1043/813 4799/1044/813 4797/1042/812
f 4800/1043/813 4802/1045/814 4801/1046/814 4799/1044/813
f 4802/1045/814 4804/1047/815 4803/1048/815 4801/1046/814
f 4804/1047/815 4806/1049/816 4805/155/816 4803/1048/815
f 4806/1049/816 4808/1050/817 4807/1051/817 4805/155/816
f 4808/1050/817 4810/1052/818 4809/1053/818 4807/1051/817
f 4810/1052/818 4812/1054/819 4811/1055/819 4809/1053/818
f 4812/1054/819 4814/1056/820 4813/1057/820 4811/1055/819
f 4814/1056/820 4816/1058/821 4815/1059/821 4813/1057/820
f 4816/1058/821 4818/1060/822 4817/1061/822 4815/1059/821
f 4818/1060/822 4820/1062/823 4819/1063/823 4817/1061/822
f 4820/1062/823 4822/1064/824 4821/1065/824 4819/1063/823
f 4822/1064/824 4824/1066/825 4823/1067/825 4821/1065/824
f 4824/1066/825 4826/1068/826 4825/1069/826 4823/1067/825
f 4826/1068/826 4828/1070/827 4827/1071/827 4825/1069/826
f 4828/1070/827 4830/1072/828 4829/1073/828 4827/1071/827
f 4830/1072/828 4780/1074/803 4779/77/803 4829/1073/828
f 4832/1024/829 4834/1025/830 4833/1026/830 4831/82/829
f 4834/1025/830 4836/1027/831 4835/1028/831 4833/1026/830
f 4836/1027/831 4838/1029/832 4837/1030/832 4835/1028/831
f 4838/1029/832 4840/1031/833 4839/1032/833 4837/1030/832
f 4840/1031/833 4842/1033/834 4841/1034/834 4839/1032/833
f 4842/1033/834 4844/1035/835 4843/1036/835 4841/1034/834
f 4844/1035/835 4846/1037/836 4845/1038/836 4843/1036/835
f 4846/1037/836 4848/1039/837 4847/1040/837 4845/1038/836
f 4848/1039/837 4850/1041/813 4849/1042/813 4847/1040/837
f 4850/1041/813 4852/1043/838 4851/1044/838 4849/1042/813
f 4852/1043/838 4854/1045/839 4853/1046/839 4851/1044/838
f 4854/1045/839 4856/1047/840 4855/1048/840 4853/1046/839
f 4856/1047/840 4858/1049/841 4857/155/841 4855/1048/840
f 4858/1049/841 4860/1050/842 4859/1051/842 4857/155/841
f 4860/1050/842 4862/1052/843 4861/1053/843 4859/1051/842
f 4862/1052/843 4864/1054/844 4863/1055/844 4861/1053/843
f 4864/1054/844 4866/1056/845 4865/1057/845 4863/1055/844
f 4866/1056/845 4868/1058/846 4867/1059/846 4865/1057/845
f 4868/1058/846 4870/1060/847 4869/1061/847 4867/1059/846
f 4870/1060/847 4872/1062/848 4871/1063/848 4869/1061/847
f 4872/1062/848 4874/1064/23 4873/1065/23 4871/1063/848
f 4874/1064/23 4876/1066/849 4875/1067/849 4873/1065/23
f 4876/1066/849 4878/1068/850 4877/1069/850 4875/1067/849
f 4878/1068/850 4880/1070/851 4879/1071/851 4877/1069/850
f 4880/1070/851 4882/1072/852 4881/1073/852 4879/1071/851
f 4882/1072/852 4832/1074/829 4831/77/829 4881/1073/852
f 4884/1024/853 4886/1789/854 4885/1790/854 4883/82/853
f 4886/1789/854 4888/1791/855 4887/1792/855 4885/1790/854
f 4888/1791/855 4890/1793/856 4889/1794/856 4887/1792/855
f 4890/1793/856 4892/1795/857 4891/1796/857 4889/1794/856
f 4892/1795/857 4894/1797/858 4893/1798/858 4891/1796/857
f 4894/1797/858 4896/1799/386 4895/1800/386 4893/1798/858
f 4896/1799/386 4898/1801/859 4897/1802/859 4895/1800/386
f 4898/1801/859 4900/1803/860 4899/1804/860 4897/1802/859
f 4900/1803/860 4902/1805/861 4901/1806/861 4899/1804/860
f 4902/1805/861 4904/1807/862 4903/1808/862 4901/1806/861
f 4904/1807/862 4906/1809/863 4905/1810/863 4903/1808/862
f 4906/1809/863 4908/1811/864 4907/1812/864 4905/1810/863
f 4908/1811/864 4910/1813/865 4909/1814/865 4907/1812/864
f 4910/1813/865 4912/1815/866 4911/1816/866 4909/1814/865
f 4912/1815/866 4914/1817/867 4913/1818/867 4911/1816/866
f 4914/1817/867 4916/1819/868 4915/1820/868 4913/1818/867
f 4916/1819/868 4918/1821/869 4917/1822/869 4915/1820/868
f 4918/1821/869 4920/1823/870 4919/1824/870 4917/1822/869
f 4920/1823/870 4922/1825/871 4921/1826/871 4919/1824/870
f 4922/1825/871 4924/1827/872 4923/1828/872 4921/1826/871
f 4924/1827/872 4926/1829/873 4925/1830/873 4923/1828/872
f 4926/1829/873 4928/1831/874 4927/1832/874 4925/1830/873
f 4928/1831/874 4930/1833/875 4929/1834/875 4927/1832/874
f 4930/1833/875 4932/1835/876 4931/1836/876 4929/1834/875
f 4932/1835/876 4934/1837/877 4933/1838/877 4931/1836/876
f 4934/1837/877 4936/1839/878 4935/1840/878 4933/1838/877
f 4936/1839/878 4938/1841/879 4937/1842/879 4935/1840/878
f 4938/1841/879 4940/1843/880 4939/1844/880 4937/1842/879
f 4940/1843/880 4942/1845/881 4941/1846/881 4939/1844/880
f 4942/1845/881 4944/1847/882 4943/1848/882 4941/1846/881
f 4944/1847/882 4946/1849/883 4945/1850/883 4943/1848/882
f 4946/1849/883 4948/1851/884 4947/1852/884 4945/1850/883
f 4948/1851/884 4950/1853/885 4949/1854/885 4947/1852/884
f 4950/1853/885 4952/1855/886 4951/1856/886 4949/1854/885
f 4952/1855/886 4954/1857/887 4953/1858/887 4951/1856/886
f 4954/1857/887 4956/1859/888 4955/1860/888 4953/1858/887
f 4956/1859/888 4958/1861/889 4957/1862/889 4955/1860/888
f 4958/1861/889 4960/1863/890 4959/1864/890 4957/1862/889
f 4960/1863/890 4962/1865/891 4961/1866/891 4959/1864/890
f 4962/1865/891 4964/1867/892 4963/1868/892 4961/1866/891
f 4964/1867/892 4966/1869/893 4965/1870/893 4963/1868/892
f 4966/1869/893 4968/1871/894 4967/1872/894 4965/1870/893
f 4968/1871/894 4970/1873/504 4969/1874/504 4967/1872/894
f 4970/1873/504 4972/1875/895 4971/1876/895 4969/1874/504
f 4972/1875/895 4974/1877/896 4973/1878/896 4971/1876/895
f 4974/1877/896 4976/1879/897 4975/1880/897 4973/1878/896
f 4976/1879/897 4978/1881/898 4977/1882/898 4975/1880/897
f 4978/1881/898 4980/1883/899 4979/1884/899 4977/1882/898
f 4980/1883/899 4982/1885/900 4981/1886/900 4979/1884/899
f 4982/1885/900 4984/1887/901 4983/1888/901 4981/1886/900
f 4984/1887/901 4986/1889/902 4985/1890/902 4983/1888/901
f 4986/1889/902 4988/1891/903 4987/1892/903 4985/1890/902
f 4988/1891/903 4990/1893/904 4989/1894/904 4987/1892/903
f 4990/1893/904 4992/1895/905 4991/1896/905 4989/1894/904
f 4992/1895/905 4994/1897/906 4993/1898/906 4991/1896/905
f 4994/1897/906 4996/1899/907 4995/1900/907 4993/1898/906
f 4996/1899/907 4998/1901/908 4997/1902/908 4995/1900/907
f 4998/1901/908 5000/1903/909 4999/1904/909 4997/1902/908
f 5000/1903/909 5002/1905/910 5001/1906/910 4999/1904/909
f 5002/1905/910 5004/1907/911 5003/1908/911 5001/1906/910
f 5004/1907/911 5006/1909/912 5005/1910/912 5003/1908/911
f 5006/1909/912 5008/1911/913 5007/1912/913 5005/1910/912
f 5008/1911/913 5010/1913/914 5009/1914/914 5007/1912/913
f 5010/1913/914 5012/1915/915 5011/1916/915 5009/1914/914
f 5012/1915/915 5014/1917/916 5013/1918/916 5011/1916/915
f 5014/1917/916 5016/1919/917 5015/1920/917 5013/1918/916
f 5016/1919/917 5018/1921/918 5017/1922/918 5015/1920/917
f 5018/1921/918 5020/1923/919 5019/1924/919 5017/1922/918
f 5020/1923/919 5022/1925/920 5021/1926/920 5019/1924/919
f 5022/1925/920 5024/1927/921 5023/1928/921 5021/1926/920
f 5024/1927/921 5026/1929/922 5025/1930/922 5023/1928/921
f 5026/1929/922 5028/1931/923 5027/1932/923 5025/1930/922
f 5028/1931/923 5030/1933/924 5029/1934/924 5027/1932/923
f 5030/1933/924 5032/1935/925 5031/1936/925 5029/1934/924
f 5032/1935/925 5034/1937/926 5033/1938/926 5031/1936/925
f 5034/1937/926 5036/1939/927 5035/1940/927 5033/1938/926
f 5036/1939/927 5038/1941/928 5037/1942/928 5035/1940/927
f 5038/1941/928 5040/1943/929 5039/1944/929 5037/1942/928
f 5040/1943/929 5042/1945/930 5041/1946/930 5039/1944/929
f 5042/1945/930 5044/1947/931 5043/1948/931 5041/1946/930
f 5044/1947/931 5046/1949/932 5045/1950/932 5043/1948/931
f 5046/1949/932 5048/1951/933 5047/1952/933 5045/1950/932
f 5048/1951/933 5050/1953/934 5049/1954/934 5047/1952/933
f 5050/1953/934 5052/1955/935 5051/1956/935 5049/1954/934
f 5052/1955/935 5054/1957/936 5053/1958/936 5051/1956/935
f 5054/1957/936 5056/1959/937 5055/1960/937 5053/1958/936
f 5056/1959/937 5058/1961/938 5057/1962/938 5055/1960/937
f 5058/1961/938 5060/1963/595 5059/1964/595 5057/1962/938
f 5060/1963/595 5062/1965/939 5061/1966/939 5059/1964/595
f 5062/1965/939 5064/1967/940 5063/1968/940 5061/1966/939
f 5064/1967/940 5066/1969/941 5065/1970/941 5063/1968/940
f 5066/1969/941 5068/1971/942 5067/1972/942 5065/1970/941
f 5068/1971/942 5070/1973/943 5069/1974/943 5067/1972/942
f 5070/1973/943 5072/1975/944 5071/1976/944 5069/1974/943
f 5072/1975/944 5074/1977/945 5073/1978/945 5071/1976/944
f 5074/1977/945 5076/1979/946 5075/1980/946 5073/1978/945
f 5076/1979/946 5078/1981/947 5077/1982/947 5075/1980/946
f 5078/1981/947 5080/1983/948 5079/1984/948 5077/1982/947
f 5080/1983/948 5082/1985/949 5081/1986/949 5079/1984/948
f 5082/1985/949 5084/1987/950 5083/1988/950 5081/1986/949
f 5084/1987/950 5086/1989/951 5085/1990/951 5083/1988/950
f 5086/1989/951 5088/1991/952 5087/1992/952 5085/1990/951
f 5088/1991/952 5090/1993/953 5089/1994/953 5087/1992/952
f 5090/1993/953 5092/1995/954 5091/1996/954 5089/1994/953
f 5092/1995/954 5094/1997/955 5093/1998/955 5091/1996/954
f 5094/1997/955 5096/1999/956 5095/2000/956 5093/1998/955
f 5096/1999/956 5098/2001/957 5097/2002/957 5095/2000/956
f 5098/2001/957 5100/2003/958 5099/2004/958 5097/2002/957
f 5100/2003/958 5102/2005/959 5101/2006/959 5099/2004/958
f 5102/2005/959 5104/2007/960 5103/2008/960 5101/2006/959
f 5104/2007/960 5106/2009/961 5105/2010/961 5103/2008/960
f 5106/2009/961 5108/2011/962 5107/2012/962 5105/2010/961
f 5108/2011/962 5110/2013/963 5109/2014/963 5107/2012/962
f 5110/2013/963 5112/2015/964 5111/2016/964 5109/2014/963
f 5112/2015/964 5114/2017/965 5113/2018/965 5111/2016/964
f 5114/2017/965 5116/2019/966 5115/2020/966 5113/2018/965
f 5116/2019/966 5118/2021/967 5117/2022/967 5115/2020/966
f 5118/2021/967 5120/2023/968 5119/2024/968 5117/2022/967
f 5120/2023/968 5122/2025/969 5121/2026/969 5119/2024/968
f 5122/2025/969 5124/2027/970 5123/2028/970 5121/2026/969
f 5124/2027/970 5126/2029/971 5125/2030/971 5123/2028/970
f 5126/2029/971 5128/2031/972 5127/2032/972 5125/2030/971
f 5128/2031/972 5130/2033/973 5129/2034/973 5127/2032/972
f 5130/2033/973 5132/2035/974 5131/2036/974 5129/2034/973
f 5132/2035/974 5134/2037/975 5133/2038/975 5131/2036/974
f 5134/2037/975 5136/2039/971 5135/2040/971 5133/2038/975
f 5136/2039/971 4884/1074/853 4883/77/853 5135/2040/971
